"","Country","Strategy_id","Strategy","Sector","Direct_Jobs","Indirect_Jobs","Total_Jobs","Total_Jobs_distribution","ssp_sector","ssp_transformation_name"
"6969","MAR",1004,"AGRC: Expand conservation agriculture","Agriculture",1.4272,0.0159,1.4431,0.3005,"AGRC"," Expand conservation agriculture"
"6970","MAR",1004,"AGRC: Expand conservation agriculture","Construction",0,0.0475,0.0475,0.0099,"AGRC"," Expand conservation agriculture"
"6971","MAR",1004,"AGRC: Expand conservation agriculture","Education, Health and Other Services",0,0.0191,0.0191,0.004,"AGRC"," Expand conservation agriculture"
"6972","MAR",1004,"AGRC: Expand conservation agriculture","Electrical and Machinery",0.7797,0.0237,0.8034,0.1673,"AGRC"," Expand conservation agriculture"
"6973","MAR",1004,"AGRC: Expand conservation agriculture","Electricity, Gas and Water",0,0.1012,0.1012,0.0211,"AGRC"," Expand conservation agriculture"
"6974","MAR",1004,"AGRC: Expand conservation agriculture","Financial Intermediation and Business Activities",0,0.3332,0.3332,0.0694,"AGRC"," Expand conservation agriculture"
"6975","MAR",1004,"AGRC: Expand conservation agriculture","Fishing",0,0.0014,0.0014,3e-04,"AGRC"," Expand conservation agriculture"
"6976","MAR",1004,"AGRC: Expand conservation agriculture","Food & Beverages",0,0.0068,0.0068,0.0014,"AGRC"," Expand conservation agriculture"
"6977","MAR",1004,"AGRC: Expand conservation agriculture","Hotels and Restaurants",0,0.0147,0.0147,0.0031,"AGRC"," Expand conservation agriculture"
"6978","MAR",1004,"AGRC: Expand conservation agriculture","Maintenance and Repair",0,0.0073,0.0073,0.0015,"AGRC"," Expand conservation agriculture"
"6979","MAR",1004,"AGRC: Expand conservation agriculture","Metal Products",0,0.1288,0.1288,0.0268,"AGRC"," Expand conservation agriculture"
"6980","MAR",1004,"AGRC: Expand conservation agriculture","Mining and Quarrying",0,0.026,0.026,0.0054,"AGRC"," Expand conservation agriculture"
"6981","MAR",1004,"AGRC: Expand conservation agriculture","Other Manufacturing",0,0.0108,0.0108,0.0022,"AGRC"," Expand conservation agriculture"
"6982","MAR",1004,"AGRC: Expand conservation agriculture","Others",0,0.004,0.004,8e-04,"AGRC"," Expand conservation agriculture"
"6983","MAR",1004,"AGRC: Expand conservation agriculture","Petroleum, Chemical and Non-Metallic Mineral Products",1.2102,0.0547,1.2649,0.2634,"AGRC"," Expand conservation agriculture"
"6984","MAR",1004,"AGRC: Expand conservation agriculture","Post and Telecommunications",0,0.0531,0.0531,0.011,"AGRC"," Expand conservation agriculture"
"6985","MAR",1004,"AGRC: Expand conservation agriculture","Private Households",0,0,0,0,"AGRC"," Expand conservation agriculture"
"6986","MAR",1004,"AGRC: Expand conservation agriculture","Public Administration",0,0.0013,0.0013,3e-04,"AGRC"," Expand conservation agriculture"
"6987","MAR",1004,"AGRC: Expand conservation agriculture","Re-export & Re-import",0,0,0,0,"AGRC"," Expand conservation agriculture"
"6988","MAR",1004,"AGRC: Expand conservation agriculture","Recycling",0,0.001,0.001,2e-04,"AGRC"," Expand conservation agriculture"
"6989","MAR",1004,"AGRC: Expand conservation agriculture","Retail Trade",0,0.0302,0.0302,0.0063,"AGRC"," Expand conservation agriculture"
"6990","MAR",1004,"AGRC: Expand conservation agriculture","Textiles and Wearing Apparel",0,0.001,0.001,2e-04,"AGRC"," Expand conservation agriculture"
"6991","MAR",1004,"AGRC: Expand conservation agriculture","Transport",0,0.1065,0.1065,0.0222,"AGRC"," Expand conservation agriculture"
"6992","MAR",1004,"AGRC: Expand conservation agriculture","Transport Equipment",0,0.017,0.017,0.0035,"AGRC"," Expand conservation agriculture"
"6993","MAR",1004,"AGRC: Expand conservation agriculture","Wholesale Trade",0,0.3078,0.3078,0.0641,"AGRC"," Expand conservation agriculture"
"6994","MAR",1004,"AGRC: Expand conservation agriculture","Wood and Paper",0,0.0724,0.0724,0.0151,"AGRC"," Expand conservation agriculture"
"6995","MAR",1005,"AGRC: Improve crop productivity","Agriculture",1.265,0.012,1.2771,0.2356,"AGRC"," Improve crop productivity"
"6996","MAR",1005,"AGRC: Improve crop productivity","Construction",0,0.0442,0.0442,0.0082,"AGRC"," Improve crop productivity"
"6997","MAR",1005,"AGRC: Improve crop productivity","Education, Health and Other Services",0,0.0192,0.0192,0.0035,"AGRC"," Improve crop productivity"
"6998","MAR",1005,"AGRC: Improve crop productivity","Electrical and Machinery",1.8805,0.0115,1.892,0.3491,"AGRC"," Improve crop productivity"
"6999","MAR",1005,"AGRC: Improve crop productivity","Electricity, Gas and Water",0,0.0831,0.0831,0.0153,"AGRC"," Improve crop productivity"
"7000","MAR",1005,"AGRC: Improve crop productivity","Financial Intermediation and Business Activities",0,0.3565,0.3565,0.0658,"AGRC"," Improve crop productivity"
"7001","MAR",1005,"AGRC: Improve crop productivity","Fishing",0,0.0012,0.0012,2e-04,"AGRC"," Improve crop productivity"
"7002","MAR",1005,"AGRC: Improve crop productivity","Food & Beverages",0,0.0056,0.0056,0.001,"AGRC"," Improve crop productivity"
"7003","MAR",1005,"AGRC: Improve crop productivity","Hotels and Restaurants",0,0.0156,0.0156,0.0029,"AGRC"," Improve crop productivity"
"7004","MAR",1005,"AGRC: Improve crop productivity","Maintenance and Repair",0,0.0083,0.0083,0.0015,"AGRC"," Improve crop productivity"
"7005","MAR",1005,"AGRC: Improve crop productivity","Metal Products",0,0.2349,0.2349,0.0433,"AGRC"," Improve crop productivity"
"7006","MAR",1005,"AGRC: Improve crop productivity","Mining and Quarrying",0,0.0147,0.0147,0.0027,"AGRC"," Improve crop productivity"
"7007","MAR",1005,"AGRC: Improve crop productivity","Other Manufacturing",0,0.0143,0.0143,0.0026,"AGRC"," Improve crop productivity"
"7008","MAR",1005,"AGRC: Improve crop productivity","Others",0,0.0049,0.0049,9e-04,"AGRC"," Improve crop productivity"
"7009","MAR",1005,"AGRC: Improve crop productivity","Petroleum, Chemical and Non-Metallic Mineral Products",0.4965,0.1068,0.6033,0.1113,"AGRC"," Improve crop productivity"
"7010","MAR",1005,"AGRC: Improve crop productivity","Post and Telecommunications",0,0.0748,0.0748,0.0138,"AGRC"," Improve crop productivity"
"7011","MAR",1005,"AGRC: Improve crop productivity","Private Households",0,0,0,0,"AGRC"," Improve crop productivity"
"7012","MAR",1005,"AGRC: Improve crop productivity","Public Administration",0,0.0013,0.0013,2e-04,"AGRC"," Improve crop productivity"
"7013","MAR",1005,"AGRC: Improve crop productivity","Re-export & Re-import",0,0,0,0,"AGRC"," Improve crop productivity"
"7014","MAR",1005,"AGRC: Improve crop productivity","Recycling",0,9e-04,9e-04,2e-04,"AGRC"," Improve crop productivity"
"7015","MAR",1005,"AGRC: Improve crop productivity","Retail Trade",0,0.0319,0.0319,0.0059,"AGRC"," Improve crop productivity"
"7016","MAR",1005,"AGRC: Improve crop productivity","Textiles and Wearing Apparel",0,0.0012,0.0012,2e-04,"AGRC"," Improve crop productivity"
"7017","MAR",1005,"AGRC: Improve crop productivity","Transport",0.1726,0.0975,0.27,0.0498,"AGRC"," Improve crop productivity"
"7018","MAR",1005,"AGRC: Improve crop productivity","Transport Equipment",0,0.0294,0.0294,0.0054,"AGRC"," Improve crop productivity"
"7019","MAR",1005,"AGRC: Improve crop productivity","Wholesale Trade",0,0.3671,0.3671,0.0677,"AGRC"," Improve crop productivity"
"7020","MAR",1005,"AGRC: Improve crop productivity","Wood and Paper",0,0.0677,0.0677,0.0125,"AGRC"," Improve crop productivity"
"7021","MAR",1006,"AGRC: Improve crop productivity with partial land use reallocation","Agriculture",1.265,0.012,1.2771,0.2356,"AGRC"," Improve crop productivity with partial land use reallocation"
"7022","MAR",1006,"AGRC: Improve crop productivity with partial land use reallocation","Construction",0,0.0442,0.0442,0.0082,"AGRC"," Improve crop productivity with partial land use reallocation"
"7023","MAR",1006,"AGRC: Improve crop productivity with partial land use reallocation","Education, Health and Other Services",0,0.0192,0.0192,0.0035,"AGRC"," Improve crop productivity with partial land use reallocation"
"7024","MAR",1006,"AGRC: Improve crop productivity with partial land use reallocation","Electrical and Machinery",1.8805,0.0115,1.892,0.3491,"AGRC"," Improve crop productivity with partial land use reallocation"
"7025","MAR",1006,"AGRC: Improve crop productivity with partial land use reallocation","Electricity, Gas and Water",0,0.0831,0.0831,0.0153,"AGRC"," Improve crop productivity with partial land use reallocation"
"7026","MAR",1006,"AGRC: Improve crop productivity with partial land use reallocation","Financial Intermediation and Business Activities",0,0.3565,0.3565,0.0658,"AGRC"," Improve crop productivity with partial land use reallocation"
"7027","MAR",1006,"AGRC: Improve crop productivity with partial land use reallocation","Fishing",0,0.0012,0.0012,2e-04,"AGRC"," Improve crop productivity with partial land use reallocation"
"7028","MAR",1006,"AGRC: Improve crop productivity with partial land use reallocation","Food & Beverages",0,0.0056,0.0056,0.001,"AGRC"," Improve crop productivity with partial land use reallocation"
"7029","MAR",1006,"AGRC: Improve crop productivity with partial land use reallocation","Hotels and Restaurants",0,0.0156,0.0156,0.0029,"AGRC"," Improve crop productivity with partial land use reallocation"
"7030","MAR",1006,"AGRC: Improve crop productivity with partial land use reallocation","Maintenance and Repair",0,0.0083,0.0083,0.0015,"AGRC"," Improve crop productivity with partial land use reallocation"
"7031","MAR",1006,"AGRC: Improve crop productivity with partial land use reallocation","Metal Products",0,0.2349,0.2349,0.0433,"AGRC"," Improve crop productivity with partial land use reallocation"
"7032","MAR",1006,"AGRC: Improve crop productivity with partial land use reallocation","Mining and Quarrying",0,0.0147,0.0147,0.0027,"AGRC"," Improve crop productivity with partial land use reallocation"
"7033","MAR",1006,"AGRC: Improve crop productivity with partial land use reallocation","Other Manufacturing",0,0.0143,0.0143,0.0026,"AGRC"," Improve crop productivity with partial land use reallocation"
"7034","MAR",1006,"AGRC: Improve crop productivity with partial land use reallocation","Others",0,0.0049,0.0049,9e-04,"AGRC"," Improve crop productivity with partial land use reallocation"
"7035","MAR",1006,"AGRC: Improve crop productivity with partial land use reallocation","Petroleum, Chemical and Non-Metallic Mineral Products",0.4965,0.1068,0.6033,0.1113,"AGRC"," Improve crop productivity with partial land use reallocation"
"7036","MAR",1006,"AGRC: Improve crop productivity with partial land use reallocation","Post and Telecommunications",0,0.0748,0.0748,0.0138,"AGRC"," Improve crop productivity with partial land use reallocation"
"7037","MAR",1006,"AGRC: Improve crop productivity with partial land use reallocation","Private Households",0,0,0,0,"AGRC"," Improve crop productivity with partial land use reallocation"
"7038","MAR",1006,"AGRC: Improve crop productivity with partial land use reallocation","Public Administration",0,0.0013,0.0013,2e-04,"AGRC"," Improve crop productivity with partial land use reallocation"
"7039","MAR",1006,"AGRC: Improve crop productivity with partial land use reallocation","Re-export & Re-import",0,0,0,0,"AGRC"," Improve crop productivity with partial land use reallocation"
"7040","MAR",1006,"AGRC: Improve crop productivity with partial land use reallocation","Recycling",0,9e-04,9e-04,2e-04,"AGRC"," Improve crop productivity with partial land use reallocation"
"7041","MAR",1006,"AGRC: Improve crop productivity with partial land use reallocation","Retail Trade",0,0.0319,0.0319,0.0059,"AGRC"," Improve crop productivity with partial land use reallocation"
"7042","MAR",1006,"AGRC: Improve crop productivity with partial land use reallocation","Textiles and Wearing Apparel",0,0.0012,0.0012,2e-04,"AGRC"," Improve crop productivity with partial land use reallocation"
"7043","MAR",1006,"AGRC: Improve crop productivity with partial land use reallocation","Transport",0.1726,0.0975,0.27,0.0498,"AGRC"," Improve crop productivity with partial land use reallocation"
"7044","MAR",1006,"AGRC: Improve crop productivity with partial land use reallocation","Transport Equipment",0,0.0294,0.0294,0.0054,"AGRC"," Improve crop productivity with partial land use reallocation"
"7045","MAR",1006,"AGRC: Improve crop productivity with partial land use reallocation","Wholesale Trade",0,0.3671,0.3671,0.0677,"AGRC"," Improve crop productivity with partial land use reallocation"
"7046","MAR",1006,"AGRC: Improve crop productivity with partial land use reallocation","Wood and Paper",0,0.0677,0.0677,0.0125,"AGRC"," Improve crop productivity with partial land use reallocation"
"7047","MAR",1007,"AGRC: Improve rice management","Agriculture",1.4272,0.0167,1.4439,0.3064,"AGRC"," Improve rice management"
"7048","MAR",1007,"AGRC: Improve rice management","Construction",0,0.0483,0.0483,0.0103,"AGRC"," Improve rice management"
"7049","MAR",1007,"AGRC: Improve rice management","Education, Health and Other Services",0,0.0192,0.0192,0.0041,"AGRC"," Improve rice management"
"7050","MAR",1007,"AGRC: Improve rice management","Electrical and Machinery",0.5963,0.0259,0.6221,0.132,"AGRC"," Improve rice management"
"7051","MAR",1007,"AGRC: Improve rice management","Electricity, Gas and Water",0,0.1046,0.1046,0.0222,"AGRC"," Improve rice management"
"7052","MAR",1007,"AGRC: Improve rice management","Financial Intermediation and Business Activities",0,0.3313,0.3313,0.0703,"AGRC"," Improve rice management"
"7053","MAR",1007,"AGRC: Improve rice management","Fishing",0,0.0014,0.0014,3e-04,"AGRC"," Improve rice management"
"7054","MAR",1007,"AGRC: Improve rice management","Food & Beverages",0,0.0069,0.0069,0.0015,"AGRC"," Improve rice management"
"7055","MAR",1007,"AGRC: Improve rice management","Hotels and Restaurants",0,0.0147,0.0147,0.0031,"AGRC"," Improve rice management"
"7056","MAR",1007,"AGRC: Improve rice management","Maintenance and Repair",0,0.0071,0.0071,0.0015,"AGRC"," Improve rice management"
"7057","MAR",1007,"AGRC: Improve rice management","Metal Products",0,0.1114,0.1114,0.0236,"AGRC"," Improve rice management"
"7058","MAR",1007,"AGRC: Improve rice management","Mining and Quarrying",0,0.028,0.028,0.0059,"AGRC"," Improve rice management"
"7059","MAR",1007,"AGRC: Improve rice management","Other Manufacturing",0,0.0102,0.0102,0.0022,"AGRC"," Improve rice management"
"7060","MAR",1007,"AGRC: Improve rice management","Others",0,0.0039,0.0039,8e-04,"AGRC"," Improve rice management"
"7061","MAR",1007,"AGRC: Improve rice management","Petroleum, Chemical and Non-Metallic Mineral Products",1.3343,0.0462,1.3806,0.293,"AGRC"," Improve rice management"
"7062","MAR",1007,"AGRC: Improve rice management","Post and Telecommunications",0,0.0501,0.0501,0.0106,"AGRC"," Improve rice management"
"7063","MAR",1007,"AGRC: Improve rice management","Private Households",0,0,0,0,"AGRC"," Improve rice management"
"7064","MAR",1007,"AGRC: Improve rice management","Public Administration",0,0.0013,0.0013,3e-04,"AGRC"," Improve rice management"
"7065","MAR",1007,"AGRC: Improve rice management","Re-export & Re-import",0,0,0,0,"AGRC"," Improve rice management"
"7066","MAR",1007,"AGRC: Improve rice management","Recycling",0,0.001,0.001,2e-04,"AGRC"," Improve rice management"
"7067","MAR",1007,"AGRC: Improve rice management","Retail Trade",0,0.0302,0.0302,0.0064,"AGRC"," Improve rice management"
"7068","MAR",1007,"AGRC: Improve rice management","Textiles and Wearing Apparel",0,0.001,0.001,2e-04,"AGRC"," Improve rice management"
"7069","MAR",1007,"AGRC: Improve rice management","Transport",0,0.108,0.108,0.0229,"AGRC"," Improve rice management"
"7070","MAR",1007,"AGRC: Improve rice management","Transport Equipment",0,0.0151,0.0151,0.0032,"AGRC"," Improve rice management"
"7071","MAR",1007,"AGRC: Improve rice management","Wholesale Trade",0,0.2985,0.2985,0.0634,"AGRC"," Improve rice management"
"7072","MAR",1007,"AGRC: Improve rice management","Wood and Paper",0,0.0734,0.0734,0.0156,"AGRC"," Improve rice management"
"7073","MAR",1010,"FRST: Stop deforestation","Agriculture",3.2437,0,3.2437,0.895,"FRST"," Stop deforestation"
"7074","MAR",1010,"FRST: Stop deforestation","Construction",0,0.0111,0.0111,0.0031,"FRST"," Stop deforestation"
"7075","MAR",1010,"FRST: Stop deforestation","Education, Health and Other Services",0,0.0094,0.0094,0.0026,"FRST"," Stop deforestation"
"7076","MAR",1010,"FRST: Stop deforestation","Electrical and Machinery",0,0.0051,0.0051,0.0014,"FRST"," Stop deforestation"
"7077","MAR",1010,"FRST: Stop deforestation","Electricity, Gas and Water",0,0.0194,0.0194,0.0053,"FRST"," Stop deforestation"
"7078","MAR",1010,"FRST: Stop deforestation","Financial Intermediation and Business Activities",0,0.1148,0.1148,0.0317,"FRST"," Stop deforestation"
"7079","MAR",1010,"FRST: Stop deforestation","Fishing",0,0.0021,0.0021,6e-04,"FRST"," Stop deforestation"
"7080","MAR",1010,"FRST: Stop deforestation","Food & Beverages",0,0.0116,0.0116,0.0032,"FRST"," Stop deforestation"
"7081","MAR",1010,"FRST: Stop deforestation","Hotels and Restaurants",0,0.0024,0.0024,7e-04,"FRST"," Stop deforestation"
"7082","MAR",1010,"FRST: Stop deforestation","Maintenance and Repair",0,0.0027,0.0027,7e-04,"FRST"," Stop deforestation"
"7083","MAR",1010,"FRST: Stop deforestation","Metal Products",0,0.0073,0.0073,0.002,"FRST"," Stop deforestation"
"7084","MAR",1010,"FRST: Stop deforestation","Mining and Quarrying",0,0.0022,0.0022,6e-04,"FRST"," Stop deforestation"
"7085","MAR",1010,"FRST: Stop deforestation","Other Manufacturing",0,0.0019,0.0019,5e-04,"FRST"," Stop deforestation"
"7086","MAR",1010,"FRST: Stop deforestation","Others",0,0.0012,0.0012,3e-04,"FRST"," Stop deforestation"
"7087","MAR",1010,"FRST: Stop deforestation","Petroleum, Chemical and Non-Metallic Mineral Products",0,0.0426,0.0426,0.0118,"FRST"," Stop deforestation"
"7088","MAR",1010,"FRST: Stop deforestation","Post and Telecommunications",0,0.0083,0.0083,0.0023,"FRST"," Stop deforestation"
"7089","MAR",1010,"FRST: Stop deforestation","Private Households",0,0,0,0,"FRST"," Stop deforestation"
"7090","MAR",1010,"FRST: Stop deforestation","Public Administration",0,6e-04,6e-04,2e-04,"FRST"," Stop deforestation"
"7091","MAR",1010,"FRST: Stop deforestation","Re-export & Re-import",0,0,0,0,"FRST"," Stop deforestation"
"7092","MAR",1010,"FRST: Stop deforestation","Recycling",0,1e-04,1e-04,0,"FRST"," Stop deforestation"
"7093","MAR",1010,"FRST: Stop deforestation","Retail Trade",0,0.011,0.011,0.003,"FRST"," Stop deforestation"
"7094","MAR",1010,"FRST: Stop deforestation","Textiles and Wearing Apparel",0,2e-04,2e-04,1e-04,"FRST"," Stop deforestation"
"7095","MAR",1010,"FRST: Stop deforestation","Transport",0,0.0324,0.0324,0.0089,"FRST"," Stop deforestation"
"7096","MAR",1010,"FRST: Stop deforestation","Transport Equipment",0,0.0015,0.0015,4e-04,"FRST"," Stop deforestation"
"7097","MAR",1010,"FRST: Stop deforestation","Wholesale Trade",0,0.0753,0.0753,0.0208,"FRST"," Stop deforestation"
"7098","MAR",1010,"FRST: Stop deforestation","Wood and Paper",0,0.017,0.017,0.0047,"FRST"," Stop deforestation"
"7099","MAR",1011,"LNDU: Expand silvopasture","Agriculture",1.4272,0.0159,1.4431,0.3005,"LNDU"," Expand silvopasture"
"7100","MAR",1011,"LNDU: Expand silvopasture","Construction",0,0.0475,0.0475,0.0099,"LNDU"," Expand silvopasture"
"7101","MAR",1011,"LNDU: Expand silvopasture","Education, Health and Other Services",0,0.0191,0.0191,0.004,"LNDU"," Expand silvopasture"
"7102","MAR",1011,"LNDU: Expand silvopasture","Electrical and Machinery",0.7797,0.0237,0.8034,0.1673,"LNDU"," Expand silvopasture"
"7103","MAR",1011,"LNDU: Expand silvopasture","Electricity, Gas and Water",0,0.1012,0.1012,0.0211,"LNDU"," Expand silvopasture"
"7104","MAR",1011,"LNDU: Expand silvopasture","Financial Intermediation and Business Activities",0,0.3332,0.3332,0.0694,"LNDU"," Expand silvopasture"
"7105","MAR",1011,"LNDU: Expand silvopasture","Fishing",0,0.0014,0.0014,3e-04,"LNDU"," Expand silvopasture"
"7106","MAR",1011,"LNDU: Expand silvopasture","Food & Beverages",0,0.0068,0.0068,0.0014,"LNDU"," Expand silvopasture"
"7107","MAR",1011,"LNDU: Expand silvopasture","Hotels and Restaurants",0,0.0147,0.0147,0.0031,"LNDU"," Expand silvopasture"
"7108","MAR",1011,"LNDU: Expand silvopasture","Maintenance and Repair",0,0.0073,0.0073,0.0015,"LNDU"," Expand silvopasture"
"7109","MAR",1011,"LNDU: Expand silvopasture","Metal Products",0,0.1288,0.1288,0.0268,"LNDU"," Expand silvopasture"
"7110","MAR",1011,"LNDU: Expand silvopasture","Mining and Quarrying",0,0.026,0.026,0.0054,"LNDU"," Expand silvopasture"
"7111","MAR",1011,"LNDU: Expand silvopasture","Other Manufacturing",0,0.0108,0.0108,0.0022,"LNDU"," Expand silvopasture"
"7112","MAR",1011,"LNDU: Expand silvopasture","Others",0,0.004,0.004,8e-04,"LNDU"," Expand silvopasture"
"7113","MAR",1011,"LNDU: Expand silvopasture","Petroleum, Chemical and Non-Metallic Mineral Products",1.2102,0.0547,1.2649,0.2634,"LNDU"," Expand silvopasture"
"7114","MAR",1011,"LNDU: Expand silvopasture","Post and Telecommunications",0,0.0531,0.0531,0.011,"LNDU"," Expand silvopasture"
"7115","MAR",1011,"LNDU: Expand silvopasture","Private Households",0,0,0,0,"LNDU"," Expand silvopasture"
"7116","MAR",1011,"LNDU: Expand silvopasture","Public Administration",0,0.0013,0.0013,3e-04,"LNDU"," Expand silvopasture"
"7117","MAR",1011,"LNDU: Expand silvopasture","Re-export & Re-import",0,0,0,0,"LNDU"," Expand silvopasture"
"7118","MAR",1011,"LNDU: Expand silvopasture","Recycling",0,0.001,0.001,2e-04,"LNDU"," Expand silvopasture"
"7119","MAR",1011,"LNDU: Expand silvopasture","Retail Trade",0,0.0302,0.0302,0.0063,"LNDU"," Expand silvopasture"
"7120","MAR",1011,"LNDU: Expand silvopasture","Textiles and Wearing Apparel",0,0.001,0.001,2e-04,"LNDU"," Expand silvopasture"
"7121","MAR",1011,"LNDU: Expand silvopasture","Transport",0,0.1065,0.1065,0.0222,"LNDU"," Expand silvopasture"
"7122","MAR",1011,"LNDU: Expand silvopasture","Transport Equipment",0,0.017,0.017,0.0035,"LNDU"," Expand silvopasture"
"7123","MAR",1011,"LNDU: Expand silvopasture","Wholesale Trade",0,0.3078,0.3078,0.0641,"LNDU"," Expand silvopasture"
"7124","MAR",1011,"LNDU: Expand silvopasture","Wood and Paper",0,0.0724,0.0724,0.0151,"LNDU"," Expand silvopasture"
"7125","MAR",1013,"LNDU: Expand sustainable grazing practices","Agriculture",1.4272,0.0159,1.4431,0.3005,"LNDU"," Expand sustainable grazing practices"
"7126","MAR",1013,"LNDU: Expand sustainable grazing practices","Construction",0,0.0475,0.0475,0.0099,"LNDU"," Expand sustainable grazing practices"
"7127","MAR",1013,"LNDU: Expand sustainable grazing practices","Education, Health and Other Services",0,0.0191,0.0191,0.004,"LNDU"," Expand sustainable grazing practices"
"7128","MAR",1013,"LNDU: Expand sustainable grazing practices","Electrical and Machinery",0.7797,0.0237,0.8034,0.1673,"LNDU"," Expand sustainable grazing practices"
"7129","MAR",1013,"LNDU: Expand sustainable grazing practices","Electricity, Gas and Water",0,0.1012,0.1012,0.0211,"LNDU"," Expand sustainable grazing practices"
"7130","MAR",1013,"LNDU: Expand sustainable grazing practices","Financial Intermediation and Business Activities",0,0.3332,0.3332,0.0694,"LNDU"," Expand sustainable grazing practices"
"7131","MAR",1013,"LNDU: Expand sustainable grazing practices","Fishing",0,0.0014,0.0014,3e-04,"LNDU"," Expand sustainable grazing practices"
"7132","MAR",1013,"LNDU: Expand sustainable grazing practices","Food & Beverages",0,0.0068,0.0068,0.0014,"LNDU"," Expand sustainable grazing practices"
"7133","MAR",1013,"LNDU: Expand sustainable grazing practices","Hotels and Restaurants",0,0.0147,0.0147,0.0031,"LNDU"," Expand sustainable grazing practices"
"7134","MAR",1013,"LNDU: Expand sustainable grazing practices","Maintenance and Repair",0,0.0073,0.0073,0.0015,"LNDU"," Expand sustainable grazing practices"
"7135","MAR",1013,"LNDU: Expand sustainable grazing practices","Metal Products",0,0.1288,0.1288,0.0268,"LNDU"," Expand sustainable grazing practices"
"7136","MAR",1013,"LNDU: Expand sustainable grazing practices","Mining and Quarrying",0,0.026,0.026,0.0054,"LNDU"," Expand sustainable grazing practices"
"7137","MAR",1013,"LNDU: Expand sustainable grazing practices","Other Manufacturing",0,0.0108,0.0108,0.0022,"LNDU"," Expand sustainable grazing practices"
"7138","MAR",1013,"LNDU: Expand sustainable grazing practices","Others",0,0.004,0.004,8e-04,"LNDU"," Expand sustainable grazing practices"
"7139","MAR",1013,"LNDU: Expand sustainable grazing practices","Petroleum, Chemical and Non-Metallic Mineral Products",1.2102,0.0547,1.2649,0.2634,"LNDU"," Expand sustainable grazing practices"
"7140","MAR",1013,"LNDU: Expand sustainable grazing practices","Post and Telecommunications",0,0.0531,0.0531,0.011,"LNDU"," Expand sustainable grazing practices"
"7141","MAR",1013,"LNDU: Expand sustainable grazing practices","Private Households",0,0,0,0,"LNDU"," Expand sustainable grazing practices"
"7142","MAR",1013,"LNDU: Expand sustainable grazing practices","Public Administration",0,0.0013,0.0013,3e-04,"LNDU"," Expand sustainable grazing practices"
"7143","MAR",1013,"LNDU: Expand sustainable grazing practices","Re-export & Re-import",0,0,0,0,"LNDU"," Expand sustainable grazing practices"
"7144","MAR",1013,"LNDU: Expand sustainable grazing practices","Recycling",0,0.001,0.001,2e-04,"LNDU"," Expand sustainable grazing practices"
"7145","MAR",1013,"LNDU: Expand sustainable grazing practices","Retail Trade",0,0.0302,0.0302,0.0063,"LNDU"," Expand sustainable grazing practices"
"7146","MAR",1013,"LNDU: Expand sustainable grazing practices","Textiles and Wearing Apparel",0,0.001,0.001,2e-04,"LNDU"," Expand sustainable grazing practices"
"7147","MAR",1013,"LNDU: Expand sustainable grazing practices","Transport",0,0.1065,0.1065,0.0222,"LNDU"," Expand sustainable grazing practices"
"7148","MAR",1013,"LNDU: Expand sustainable grazing practices","Transport Equipment",0,0.017,0.017,0.0035,"LNDU"," Expand sustainable grazing practices"
"7149","MAR",1013,"LNDU: Expand sustainable grazing practices","Wholesale Trade",0,0.3078,0.3078,0.0641,"LNDU"," Expand sustainable grazing practices"
"7150","MAR",1013,"LNDU: Expand sustainable grazing practices","Wood and Paper",0,0.0724,0.0724,0.0151,"LNDU"," Expand sustainable grazing practices"
"7151","MAR",1015,"LNDU: Rehabilitate degraded land","Agriculture",3.0491,7e-04,3.0498,0.8327,"LNDU"," Rehabilitate degraded land"
"7152","MAR",1015,"LNDU: Rehabilitate degraded land","Construction",0,0.0141,0.0141,0.0039,"LNDU"," Rehabilitate degraded land"
"7153","MAR",1015,"LNDU: Rehabilitate degraded land","Education, Health and Other Services",0,0.0115,0.0115,0.0031,"LNDU"," Rehabilitate degraded land"
"7154","MAR",1015,"LNDU: Rehabilitate degraded land","Electrical and Machinery",0,0.0062,0.0062,0.0017,"LNDU"," Rehabilitate degraded land"
"7155","MAR",1015,"LNDU: Rehabilitate degraded land","Electricity, Gas and Water",0,0.0194,0.0194,0.0053,"LNDU"," Rehabilitate degraded land"
"7156","MAR",1015,"LNDU: Rehabilitate degraded land","Financial Intermediation and Business Activities",0.2296,0.1079,0.3375,0.0921,"LNDU"," Rehabilitate degraded land"
"7157","MAR",1015,"LNDU: Rehabilitate degraded land","Fishing",0,0.002,0.002,6e-04,"LNDU"," Rehabilitate degraded land"
"7158","MAR",1015,"LNDU: Rehabilitate degraded land","Food & Beverages",0,0.011,0.011,0.003,"LNDU"," Rehabilitate degraded land"
"7159","MAR",1015,"LNDU: Rehabilitate degraded land","Hotels and Restaurants",0,0.0037,0.0037,0.001,"LNDU"," Rehabilitate degraded land"
"7160","MAR",1015,"LNDU: Rehabilitate degraded land","Maintenance and Repair",0,0.0026,0.0026,7e-04,"LNDU"," Rehabilitate degraded land"
"7161","MAR",1015,"LNDU: Rehabilitate degraded land","Metal Products",0,0.0079,0.0079,0.0022,"LNDU"," Rehabilitate degraded land"
"7162","MAR",1015,"LNDU: Rehabilitate degraded land","Mining and Quarrying",0,0.0022,0.0022,6e-04,"LNDU"," Rehabilitate degraded land"
"7163","MAR",1015,"LNDU: Rehabilitate degraded land","Other Manufacturing",0,0.0023,0.0023,6e-04,"LNDU"," Rehabilitate degraded land"
"7164","MAR",1015,"LNDU: Rehabilitate degraded land","Others",0,0.0012,0.0012,3e-04,"LNDU"," Rehabilitate degraded land"
"7165","MAR",1015,"LNDU: Rehabilitate degraded land","Petroleum, Chemical and Non-Metallic Mineral Products",0,0.0413,0.0413,0.0113,"LNDU"," Rehabilitate degraded land"
"7166","MAR",1015,"LNDU: Rehabilitate degraded land","Post and Telecommunications",0,0.0112,0.0112,0.0031,"LNDU"," Rehabilitate degraded land"
"7167","MAR",1015,"LNDU: Rehabilitate degraded land","Private Households",0,0,0,0,"LNDU"," Rehabilitate degraded land"
"7168","MAR",1015,"LNDU: Rehabilitate degraded land","Public Administration",0,7e-04,7e-04,2e-04,"LNDU"," Rehabilitate degraded land"
"7169","MAR",1015,"LNDU: Rehabilitate degraded land","Re-export & Re-import",0,0,0,0,"LNDU"," Rehabilitate degraded land"
"7170","MAR",1015,"LNDU: Rehabilitate degraded land","Recycling",0,1e-04,1e-04,0,"LNDU"," Rehabilitate degraded land"
"7171","MAR",1015,"LNDU: Rehabilitate degraded land","Retail Trade",0,0.0114,0.0114,0.0031,"LNDU"," Rehabilitate degraded land"
"7172","MAR",1015,"LNDU: Rehabilitate degraded land","Textiles and Wearing Apparel",0,2e-04,2e-04,1e-04,"LNDU"," Rehabilitate degraded land"
"7173","MAR",1015,"LNDU: Rehabilitate degraded land","Transport",0,0.0321,0.0321,0.0088,"LNDU"," Rehabilitate degraded land"
"7174","MAR",1015,"LNDU: Rehabilitate degraded land","Transport Equipment",0,0.0018,0.0018,5e-04,"LNDU"," Rehabilitate degraded land"
"7175","MAR",1015,"LNDU: Rehabilitate degraded land","Wholesale Trade",0,0.0741,0.0741,0.0202,"LNDU"," Rehabilitate degraded land"
"7176","MAR",1015,"LNDU: Rehabilitate degraded land","Wood and Paper",0,0.0183,0.0183,0.005,"LNDU"," Rehabilitate degraded land"
"7177","MAR",1016,"LSMM: Improve manure management for cattle and pigs","Agriculture",0.519,0.0199,0.5389,0.0823,"LSMM"," Improve manure management for cattle and pigs"
"7178","MAR",1016,"LSMM: Improve manure management for cattle and pigs","Construction",1.2328,0.07,1.3028,0.1989,"LSMM"," Improve manure management for cattle and pigs"
"7179","MAR",1016,"LSMM: Improve manure management for cattle and pigs","Education, Health and Other Services",0,0.0263,0.0263,0.004,"LSMM"," Improve manure management for cattle and pigs"
"7180","MAR",1016,"LSMM: Improve manure management for cattle and pigs","Electrical and Machinery",2.064,0.0434,2.1073,0.3217,"LSMM"," Improve manure management for cattle and pigs"
"7181","MAR",1016,"LSMM: Improve manure management for cattle and pigs","Electricity, Gas and Water",0.5212,0.0668,0.588,0.0898,"LSMM"," Improve manure management for cattle and pigs"
"7182","MAR",1016,"LSMM: Improve manure management for cattle and pigs","Financial Intermediation and Business Activities",0,0.4455,0.4455,0.068,"LSMM"," Improve manure management for cattle and pigs"
"7183","MAR",1016,"LSMM: Improve manure management for cattle and pigs","Fishing",0,9e-04,9e-04,1e-04,"LSMM"," Improve manure management for cattle and pigs"
"7184","MAR",1016,"LSMM: Improve manure management for cattle and pigs","Food & Beverages",0,0.0029,0.0029,4e-04,"LSMM"," Improve manure management for cattle and pigs"
"7185","MAR",1016,"LSMM: Improve manure management for cattle and pigs","Hotels and Restaurants",0,0.0249,0.0249,0.0038,"LSMM"," Improve manure management for cattle and pigs"
"7186","MAR",1016,"LSMM: Improve manure management for cattle and pigs","Maintenance and Repair",0,0.0106,0.0106,0.0016,"LSMM"," Improve manure management for cattle and pigs"
"7187","MAR",1016,"LSMM: Improve manure management for cattle and pigs","Metal Products",0,0.3222,0.3222,0.0492,"LSMM"," Improve manure management for cattle and pigs"
"7188","MAR",1016,"LSMM: Improve manure management for cattle and pigs","Mining and Quarrying",0,0.0299,0.0299,0.0046,"LSMM"," Improve manure management for cattle and pigs"
"7189","MAR",1016,"LSMM: Improve manure management for cattle and pigs","Other Manufacturing",0,0.0308,0.0308,0.0047,"LSMM"," Improve manure management for cattle and pigs"
"7190","MAR",1016,"LSMM: Improve manure management for cattle and pigs","Others",0,0.0062,0.0062,9e-04,"LSMM"," Improve manure management for cattle and pigs"
"7191","MAR",1016,"LSMM: Improve manure management for cattle and pigs","Petroleum, Chemical and Non-Metallic Mineral Products",0,0.1861,0.1861,0.0284,"LSMM"," Improve manure management for cattle and pigs"
"7192","MAR",1016,"LSMM: Improve manure management for cattle and pigs","Post and Telecommunications",0,0.1031,0.1031,0.0157,"LSMM"," Improve manure management for cattle and pigs"
"7193","MAR",1016,"LSMM: Improve manure management for cattle and pigs","Private Households",0,0,0,0,"LSMM"," Improve manure management for cattle and pigs"
"7194","MAR",1016,"LSMM: Improve manure management for cattle and pigs","Public Administration",0,0.0013,0.0013,2e-04,"LSMM"," Improve manure management for cattle and pigs"
"7195","MAR",1016,"LSMM: Improve manure management for cattle and pigs","Re-export & Re-import",0,0,0,0,"LSMM"," Improve manure management for cattle and pigs"
"7196","MAR",1016,"LSMM: Improve manure management for cattle and pigs","Recycling",0,0.0015,0.0015,2e-04,"LSMM"," Improve manure management for cattle and pigs"
"7197","MAR",1016,"LSMM: Improve manure management for cattle and pigs","Retail Trade",0,0.0956,0.0956,0.0146,"LSMM"," Improve manure management for cattle and pigs"
"7198","MAR",1016,"LSMM: Improve manure management for cattle and pigs","Textiles and Wearing Apparel",0,0.0014,0.0014,2e-04,"LSMM"," Improve manure management for cattle and pigs"
"7199","MAR",1016,"LSMM: Improve manure management for cattle and pigs","Transport",0,0.1538,0.1538,0.0235,"LSMM"," Improve manure management for cattle and pigs"
"7200","MAR",1016,"LSMM: Improve manure management for cattle and pigs","Transport Equipment",0,0.0386,0.0386,0.0059,"LSMM"," Improve manure management for cattle and pigs"
"7201","MAR",1016,"LSMM: Improve manure management for cattle and pigs","Wholesale Trade",0,0.4297,0.4297,0.0656,"LSMM"," Improve manure management for cattle and pigs"
"7202","MAR",1016,"LSMM: Improve manure management for cattle and pigs","Wood and Paper",0,0.1017,0.1017,0.0155,"LSMM"," Improve manure management for cattle and pigs"
"7203","MAR",1017,"LSMM: Improve manure management for other animals","Agriculture",0.519,0.0199,0.5389,0.0823,"LSMM"," Improve manure management for other animals"
"7204","MAR",1017,"LSMM: Improve manure management for other animals","Construction",1.2328,0.07,1.3028,0.1989,"LSMM"," Improve manure management for other animals"
"7205","MAR",1017,"LSMM: Improve manure management for other animals","Education, Health and Other Services",0,0.0263,0.0263,0.004,"LSMM"," Improve manure management for other animals"
"7206","MAR",1017,"LSMM: Improve manure management for other animals","Electrical and Machinery",2.064,0.0434,2.1073,0.3217,"LSMM"," Improve manure management for other animals"
"7207","MAR",1017,"LSMM: Improve manure management for other animals","Electricity, Gas and Water",0.5212,0.0668,0.588,0.0898,"LSMM"," Improve manure management for other animals"
"7208","MAR",1017,"LSMM: Improve manure management for other animals","Financial Intermediation and Business Activities",0,0.4455,0.4455,0.068,"LSMM"," Improve manure management for other animals"
"7209","MAR",1017,"LSMM: Improve manure management for other animals","Fishing",0,9e-04,9e-04,1e-04,"LSMM"," Improve manure management for other animals"
"7210","MAR",1017,"LSMM: Improve manure management for other animals","Food & Beverages",0,0.0029,0.0029,4e-04,"LSMM"," Improve manure management for other animals"
"7211","MAR",1017,"LSMM: Improve manure management for other animals","Hotels and Restaurants",0,0.0249,0.0249,0.0038,"LSMM"," Improve manure management for other animals"
"7212","MAR",1017,"LSMM: Improve manure management for other animals","Maintenance and Repair",0,0.0106,0.0106,0.0016,"LSMM"," Improve manure management for other animals"
"7213","MAR",1017,"LSMM: Improve manure management for other animals","Metal Products",0,0.3222,0.3222,0.0492,"LSMM"," Improve manure management for other animals"
"7214","MAR",1017,"LSMM: Improve manure management for other animals","Mining and Quarrying",0,0.0299,0.0299,0.0046,"LSMM"," Improve manure management for other animals"
"7215","MAR",1017,"LSMM: Improve manure management for other animals","Other Manufacturing",0,0.0308,0.0308,0.0047,"LSMM"," Improve manure management for other animals"
"7216","MAR",1017,"LSMM: Improve manure management for other animals","Others",0,0.0062,0.0062,9e-04,"LSMM"," Improve manure management for other animals"
"7217","MAR",1017,"LSMM: Improve manure management for other animals","Petroleum, Chemical and Non-Metallic Mineral Products",0,0.1861,0.1861,0.0284,"LSMM"," Improve manure management for other animals"
"7218","MAR",1017,"LSMM: Improve manure management for other animals","Post and Telecommunications",0,0.1031,0.1031,0.0157,"LSMM"," Improve manure management for other animals"
"7219","MAR",1017,"LSMM: Improve manure management for other animals","Private Households",0,0,0,0,"LSMM"," Improve manure management for other animals"
"7220","MAR",1017,"LSMM: Improve manure management for other animals","Public Administration",0,0.0013,0.0013,2e-04,"LSMM"," Improve manure management for other animals"
"7221","MAR",1017,"LSMM: Improve manure management for other animals","Re-export & Re-import",0,0,0,0,"LSMM"," Improve manure management for other animals"
"7222","MAR",1017,"LSMM: Improve manure management for other animals","Recycling",0,0.0015,0.0015,2e-04,"LSMM"," Improve manure management for other animals"
"7223","MAR",1017,"LSMM: Improve manure management for other animals","Retail Trade",0,0.0956,0.0956,0.0146,"LSMM"," Improve manure management for other animals"
"7224","MAR",1017,"LSMM: Improve manure management for other animals","Textiles and Wearing Apparel",0,0.0014,0.0014,2e-04,"LSMM"," Improve manure management for other animals"
"7225","MAR",1017,"LSMM: Improve manure management for other animals","Transport",0,0.1538,0.1538,0.0235,"LSMM"," Improve manure management for other animals"
"7226","MAR",1017,"LSMM: Improve manure management for other animals","Transport Equipment",0,0.0386,0.0386,0.0059,"LSMM"," Improve manure management for other animals"
"7227","MAR",1017,"LSMM: Improve manure management for other animals","Wholesale Trade",0,0.4297,0.4297,0.0656,"LSMM"," Improve manure management for other animals"
"7228","MAR",1017,"LSMM: Improve manure management for other animals","Wood and Paper",0,0.1017,0.1017,0.0155,"LSMM"," Improve manure management for other animals"
"7229","MAR",1018,"LSMM: Improve manure management for poultry","Agriculture",0.519,0.0199,0.5389,0.0823,"LSMM"," Improve manure management for poultry"
"7230","MAR",1018,"LSMM: Improve manure management for poultry","Construction",1.2328,0.07,1.3028,0.1989,"LSMM"," Improve manure management for poultry"
"7231","MAR",1018,"LSMM: Improve manure management for poultry","Education, Health and Other Services",0,0.0263,0.0263,0.004,"LSMM"," Improve manure management for poultry"
"7232","MAR",1018,"LSMM: Improve manure management for poultry","Electrical and Machinery",2.064,0.0434,2.1073,0.3217,"LSMM"," Improve manure management for poultry"
"7233","MAR",1018,"LSMM: Improve manure management for poultry","Electricity, Gas and Water",0.5212,0.0668,0.588,0.0898,"LSMM"," Improve manure management for poultry"
"7234","MAR",1018,"LSMM: Improve manure management for poultry","Financial Intermediation and Business Activities",0,0.4455,0.4455,0.068,"LSMM"," Improve manure management for poultry"
"7235","MAR",1018,"LSMM: Improve manure management for poultry","Fishing",0,9e-04,9e-04,1e-04,"LSMM"," Improve manure management for poultry"
"7236","MAR",1018,"LSMM: Improve manure management for poultry","Food & Beverages",0,0.0029,0.0029,4e-04,"LSMM"," Improve manure management for poultry"
"7237","MAR",1018,"LSMM: Improve manure management for poultry","Hotels and Restaurants",0,0.0249,0.0249,0.0038,"LSMM"," Improve manure management for poultry"
"7238","MAR",1018,"LSMM: Improve manure management for poultry","Maintenance and Repair",0,0.0106,0.0106,0.0016,"LSMM"," Improve manure management for poultry"
"7239","MAR",1018,"LSMM: Improve manure management for poultry","Metal Products",0,0.3222,0.3222,0.0492,"LSMM"," Improve manure management for poultry"
"7240","MAR",1018,"LSMM: Improve manure management for poultry","Mining and Quarrying",0,0.0299,0.0299,0.0046,"LSMM"," Improve manure management for poultry"
"7241","MAR",1018,"LSMM: Improve manure management for poultry","Other Manufacturing",0,0.0308,0.0308,0.0047,"LSMM"," Improve manure management for poultry"
"7242","MAR",1018,"LSMM: Improve manure management for poultry","Others",0,0.0062,0.0062,9e-04,"LSMM"," Improve manure management for poultry"
"7243","MAR",1018,"LSMM: Improve manure management for poultry","Petroleum, Chemical and Non-Metallic Mineral Products",0,0.1861,0.1861,0.0284,"LSMM"," Improve manure management for poultry"
"7244","MAR",1018,"LSMM: Improve manure management for poultry","Post and Telecommunications",0,0.1031,0.1031,0.0157,"LSMM"," Improve manure management for poultry"
"7245","MAR",1018,"LSMM: Improve manure management for poultry","Private Households",0,0,0,0,"LSMM"," Improve manure management for poultry"
"7246","MAR",1018,"LSMM: Improve manure management for poultry","Public Administration",0,0.0013,0.0013,2e-04,"LSMM"," Improve manure management for poultry"
"7247","MAR",1018,"LSMM: Improve manure management for poultry","Re-export & Re-import",0,0,0,0,"LSMM"," Improve manure management for poultry"
"7248","MAR",1018,"LSMM: Improve manure management for poultry","Recycling",0,0.0015,0.0015,2e-04,"LSMM"," Improve manure management for poultry"
"7249","MAR",1018,"LSMM: Improve manure management for poultry","Retail Trade",0,0.0956,0.0956,0.0146,"LSMM"," Improve manure management for poultry"
"7250","MAR",1018,"LSMM: Improve manure management for poultry","Textiles and Wearing Apparel",0,0.0014,0.0014,2e-04,"LSMM"," Improve manure management for poultry"
"7251","MAR",1018,"LSMM: Improve manure management for poultry","Transport",0,0.1538,0.1538,0.0235,"LSMM"," Improve manure management for poultry"
"7252","MAR",1018,"LSMM: Improve manure management for poultry","Transport Equipment",0,0.0386,0.0386,0.0059,"LSMM"," Improve manure management for poultry"
"7253","MAR",1018,"LSMM: Improve manure management for poultry","Wholesale Trade",0,0.4297,0.4297,0.0656,"LSMM"," Improve manure management for poultry"
"7254","MAR",1018,"LSMM: Improve manure management for poultry","Wood and Paper",0,0.1017,0.1017,0.0155,"LSMM"," Improve manure management for poultry"
"7255","MAR",1019,"LSMM: Increase biogas capture at anaerobic decomposition facilities","Agriculture",0.519,0.0199,0.5389,0.0823,"LSMM"," Increase biogas capture at anaerobic decomposition facilities"
"7256","MAR",1019,"LSMM: Increase biogas capture at anaerobic decomposition facilities","Construction",1.2328,0.07,1.3028,0.1989,"LSMM"," Increase biogas capture at anaerobic decomposition facilities"
"7257","MAR",1019,"LSMM: Increase biogas capture at anaerobic decomposition facilities","Education, Health and Other Services",0,0.0263,0.0263,0.004,"LSMM"," Increase biogas capture at anaerobic decomposition facilities"
"7258","MAR",1019,"LSMM: Increase biogas capture at anaerobic decomposition facilities","Electrical and Machinery",2.064,0.0434,2.1073,0.3217,"LSMM"," Increase biogas capture at anaerobic decomposition facilities"
"7259","MAR",1019,"LSMM: Increase biogas capture at anaerobic decomposition facilities","Electricity, Gas and Water",0.5212,0.0668,0.588,0.0898,"LSMM"," Increase biogas capture at anaerobic decomposition facilities"
"7260","MAR",1019,"LSMM: Increase biogas capture at anaerobic decomposition facilities","Financial Intermediation and Business Activities",0,0.4455,0.4455,0.068,"LSMM"," Increase biogas capture at anaerobic decomposition facilities"
"7261","MAR",1019,"LSMM: Increase biogas capture at anaerobic decomposition facilities","Fishing",0,9e-04,9e-04,1e-04,"LSMM"," Increase biogas capture at anaerobic decomposition facilities"
"7262","MAR",1019,"LSMM: Increase biogas capture at anaerobic decomposition facilities","Food & Beverages",0,0.0029,0.0029,4e-04,"LSMM"," Increase biogas capture at anaerobic decomposition facilities"
"7263","MAR",1019,"LSMM: Increase biogas capture at anaerobic decomposition facilities","Hotels and Restaurants",0,0.0249,0.0249,0.0038,"LSMM"," Increase biogas capture at anaerobic decomposition facilities"
"7264","MAR",1019,"LSMM: Increase biogas capture at anaerobic decomposition facilities","Maintenance and Repair",0,0.0106,0.0106,0.0016,"LSMM"," Increase biogas capture at anaerobic decomposition facilities"
"7265","MAR",1019,"LSMM: Increase biogas capture at anaerobic decomposition facilities","Metal Products",0,0.3222,0.3222,0.0492,"LSMM"," Increase biogas capture at anaerobic decomposition facilities"
"7266","MAR",1019,"LSMM: Increase biogas capture at anaerobic decomposition facilities","Mining and Quarrying",0,0.0299,0.0299,0.0046,"LSMM"," Increase biogas capture at anaerobic decomposition facilities"
"7267","MAR",1019,"LSMM: Increase biogas capture at anaerobic decomposition facilities","Other Manufacturing",0,0.0308,0.0308,0.0047,"LSMM"," Increase biogas capture at anaerobic decomposition facilities"
"7268","MAR",1019,"LSMM: Increase biogas capture at anaerobic decomposition facilities","Others",0,0.0062,0.0062,9e-04,"LSMM"," Increase biogas capture at anaerobic decomposition facilities"
"7269","MAR",1019,"LSMM: Increase biogas capture at anaerobic decomposition facilities","Petroleum, Chemical and Non-Metallic Mineral Products",0,0.1861,0.1861,0.0284,"LSMM"," Increase biogas capture at anaerobic decomposition facilities"
"7270","MAR",1019,"LSMM: Increase biogas capture at anaerobic decomposition facilities","Post and Telecommunications",0,0.1031,0.1031,0.0157,"LSMM"," Increase biogas capture at anaerobic decomposition facilities"
"7271","MAR",1019,"LSMM: Increase biogas capture at anaerobic decomposition facilities","Private Households",0,0,0,0,"LSMM"," Increase biogas capture at anaerobic decomposition facilities"
"7272","MAR",1019,"LSMM: Increase biogas capture at anaerobic decomposition facilities","Public Administration",0,0.0013,0.0013,2e-04,"LSMM"," Increase biogas capture at anaerobic decomposition facilities"
"7273","MAR",1019,"LSMM: Increase biogas capture at anaerobic decomposition facilities","Re-export & Re-import",0,0,0,0,"LSMM"," Increase biogas capture at anaerobic decomposition facilities"
"7274","MAR",1019,"LSMM: Increase biogas capture at anaerobic decomposition facilities","Recycling",0,0.0015,0.0015,2e-04,"LSMM"," Increase biogas capture at anaerobic decomposition facilities"
"7275","MAR",1019,"LSMM: Increase biogas capture at anaerobic decomposition facilities","Retail Trade",0,0.0956,0.0956,0.0146,"LSMM"," Increase biogas capture at anaerobic decomposition facilities"
"7276","MAR",1019,"LSMM: Increase biogas capture at anaerobic decomposition facilities","Textiles and Wearing Apparel",0,0.0014,0.0014,2e-04,"LSMM"," Increase biogas capture at anaerobic decomposition facilities"
"7277","MAR",1019,"LSMM: Increase biogas capture at anaerobic decomposition facilities","Transport",0,0.1538,0.1538,0.0235,"LSMM"," Increase biogas capture at anaerobic decomposition facilities"
"7278","MAR",1019,"LSMM: Increase biogas capture at anaerobic decomposition facilities","Transport Equipment",0,0.0386,0.0386,0.0059,"LSMM"," Increase biogas capture at anaerobic decomposition facilities"
"7279","MAR",1019,"LSMM: Increase biogas capture at anaerobic decomposition facilities","Wholesale Trade",0,0.4297,0.4297,0.0656,"LSMM"," Increase biogas capture at anaerobic decomposition facilities"
"7280","MAR",1019,"LSMM: Increase biogas capture at anaerobic decomposition facilities","Wood and Paper",0,0.1017,0.1017,0.0155,"LSMM"," Increase biogas capture at anaerobic decomposition facilities"
"7281","MAR",1020,"LSMM: Manure management bundle","Agriculture",1.5245,0.0124,1.5369,0.2958,"LSMM"," Manure management bundle"
"7282","MAR",1020,"LSMM: Manure management bundle","Construction",0.2466,0.0445,0.2911,0.056,"LSMM"," Manure management bundle"
"7283","MAR",1020,"LSMM: Manure management bundle","Education, Health and Other Services",0,0.0188,0.0188,0.0036,"LSMM"," Manure management bundle"
"7284","MAR",1020,"LSMM: Manure management bundle","Electrical and Machinery",1.376,0.0192,1.3952,0.2685,"LSMM"," Manure management bundle"
"7285","MAR",1020,"LSMM: Manure management bundle","Electricity, Gas and Water",0.1097,0.073,0.1827,0.0352,"LSMM"," Manure management bundle"
"7286","MAR",1020,"LSMM: Manure management bundle","Financial Intermediation and Business Activities",0,0.3266,0.3266,0.0629,"LSMM"," Manure management bundle"
"7287","MAR",1020,"LSMM: Manure management bundle","Fishing",0,0.0014,0.0014,3e-04,"LSMM"," Manure management bundle"
"7288","MAR",1020,"LSMM: Manure management bundle","Food & Beverages",0,0.0065,0.0065,0.0012,"LSMM"," Manure management bundle"
"7289","MAR",1020,"LSMM: Manure management bundle","Hotels and Restaurants",0,0.0149,0.0149,0.0029,"LSMM"," Manure management bundle"
"7290","MAR",1020,"LSMM: Manure management bundle","Maintenance and Repair",0,0.0076,0.0076,0.0015,"LSMM"," Manure management bundle"
"7291","MAR",1020,"LSMM: Manure management bundle","Metal Products",0,0.1924,0.1924,0.037,"LSMM"," Manure management bundle"
"7292","MAR",1020,"LSMM: Manure management bundle","Mining and Quarrying",0,0.0182,0.0182,0.0035,"LSMM"," Manure management bundle"
"7293","MAR",1020,"LSMM: Manure management bundle","Other Manufacturing",0,0.0148,0.0148,0.0028,"LSMM"," Manure management bundle"
"7294","MAR",1020,"LSMM: Manure management bundle","Others",0,0.0044,0.0044,8e-04,"LSMM"," Manure management bundle"
"7295","MAR",1020,"LSMM: Manure management bundle","Petroleum, Chemical and Non-Metallic Mineral Products",0.4655,0.1005,0.5659,0.1089,"LSMM"," Manure management bundle"
"7296","MAR",1020,"LSMM: Manure management bundle","Post and Telecommunications",0,0.0637,0.0637,0.0123,"LSMM"," Manure management bundle"
"7297","MAR",1020,"LSMM: Manure management bundle","Private Households",0,0,0,0,"LSMM"," Manure management bundle"
"7298","MAR",1020,"LSMM: Manure management bundle","Public Administration",0,0.0012,0.0012,2e-04,"LSMM"," Manure management bundle"
"7299","MAR",1020,"LSMM: Manure management bundle","Re-export & Re-import",0,0,0,0,"LSMM"," Manure management bundle"
"7300","MAR",1020,"LSMM: Manure management bundle","Recycling",0,9e-04,9e-04,2e-04,"LSMM"," Manure management bundle"
"7301","MAR",1020,"LSMM: Manure management bundle","Retail Trade",0,0.0404,0.0404,0.0078,"LSMM"," Manure management bundle"
"7302","MAR",1020,"LSMM: Manure management bundle","Textiles and Wearing Apparel",0,0.001,0.001,2e-04,"LSMM"," Manure management bundle"
"7303","MAR",1020,"LSMM: Manure management bundle","Transport",0,0.1009,0.1009,0.0194,"LSMM"," Manure management bundle"
"7304","MAR",1020,"LSMM: Manure management bundle","Transport Equipment",0,0.0238,0.0238,0.0046,"LSMM"," Manure management bundle"
"7305","MAR",1020,"LSMM: Manure management bundle","Wholesale Trade",0,0.3192,0.3192,0.0614,"LSMM"," Manure management bundle"
"7306","MAR",1020,"LSMM: Manure management bundle","Wood and Paper",0,0.067,0.067,0.0129,"LSMM"," Manure management bundle"
"7307","MAR",1024,"LVST: Increase livestock productivity","Agriculture",3.2437,0,3.2437,0.895,"LVST"," Increase livestock productivity"
"7308","MAR",1024,"LVST: Increase livestock productivity","Construction",0,0.0111,0.0111,0.0031,"LVST"," Increase livestock productivity"
"7309","MAR",1024,"LVST: Increase livestock productivity","Education, Health and Other Services",0,0.0094,0.0094,0.0026,"LVST"," Increase livestock productivity"
"7310","MAR",1024,"LVST: Increase livestock productivity","Electrical and Machinery",0,0.0051,0.0051,0.0014,"LVST"," Increase livestock productivity"
"7311","MAR",1024,"LVST: Increase livestock productivity","Electricity, Gas and Water",0,0.0194,0.0194,0.0053,"LVST"," Increase livestock productivity"
"7312","MAR",1024,"LVST: Increase livestock productivity","Financial Intermediation and Business Activities",0,0.1148,0.1148,0.0317,"LVST"," Increase livestock productivity"
"7313","MAR",1024,"LVST: Increase livestock productivity","Fishing",0,0.0021,0.0021,6e-04,"LVST"," Increase livestock productivity"
"7314","MAR",1024,"LVST: Increase livestock productivity","Food & Beverages",0,0.0116,0.0116,0.0032,"LVST"," Increase livestock productivity"
"7315","MAR",1024,"LVST: Increase livestock productivity","Hotels and Restaurants",0,0.0024,0.0024,7e-04,"LVST"," Increase livestock productivity"
"7316","MAR",1024,"LVST: Increase livestock productivity","Maintenance and Repair",0,0.0027,0.0027,7e-04,"LVST"," Increase livestock productivity"
"7317","MAR",1024,"LVST: Increase livestock productivity","Metal Products",0,0.0073,0.0073,0.002,"LVST"," Increase livestock productivity"
"7318","MAR",1024,"LVST: Increase livestock productivity","Mining and Quarrying",0,0.0022,0.0022,6e-04,"LVST"," Increase livestock productivity"
"7319","MAR",1024,"LVST: Increase livestock productivity","Other Manufacturing",0,0.0019,0.0019,5e-04,"LVST"," Increase livestock productivity"
"7320","MAR",1024,"LVST: Increase livestock productivity","Others",0,0.0012,0.0012,3e-04,"LVST"," Increase livestock productivity"
"7321","MAR",1024,"LVST: Increase livestock productivity","Petroleum, Chemical and Non-Metallic Mineral Products",0,0.0426,0.0426,0.0118,"LVST"," Increase livestock productivity"
"7322","MAR",1024,"LVST: Increase livestock productivity","Post and Telecommunications",0,0.0083,0.0083,0.0023,"LVST"," Increase livestock productivity"
"7323","MAR",1024,"LVST: Increase livestock productivity","Private Households",0,0,0,0,"LVST"," Increase livestock productivity"
"7324","MAR",1024,"LVST: Increase livestock productivity","Public Administration",0,6e-04,6e-04,2e-04,"LVST"," Increase livestock productivity"
"7325","MAR",1024,"LVST: Increase livestock productivity","Re-export & Re-import",0,0,0,0,"LVST"," Increase livestock productivity"
"7326","MAR",1024,"LVST: Increase livestock productivity","Recycling",0,1e-04,1e-04,0,"LVST"," Increase livestock productivity"
"7327","MAR",1024,"LVST: Increase livestock productivity","Retail Trade",0,0.011,0.011,0.003,"LVST"," Increase livestock productivity"
"7328","MAR",1024,"LVST: Increase livestock productivity","Textiles and Wearing Apparel",0,2e-04,2e-04,1e-04,"LVST"," Increase livestock productivity"
"7329","MAR",1024,"LVST: Increase livestock productivity","Transport",0,0.0324,0.0324,0.0089,"LVST"," Increase livestock productivity"
"7330","MAR",1024,"LVST: Increase livestock productivity","Transport Equipment",0,0.0015,0.0015,4e-04,"LVST"," Increase livestock productivity"
"7331","MAR",1024,"LVST: Increase livestock productivity","Wholesale Trade",0,0.0753,0.0753,0.0208,"LVST"," Increase livestock productivity"
"7332","MAR",1024,"LVST: Increase livestock productivity","Wood and Paper",0,0.017,0.017,0.0047,"LVST"," Increase livestock productivity"
"7333","MAR",1026,"LVST: Reduce enteric fermentation","Agriculture",1.1353,0.0221,1.1574,0.2546,"LVST"," Reduce enteric fermentation"
"7334","MAR",1026,"LVST: Reduce enteric fermentation","Construction",0,0.0575,0.0575,0.0127,"LVST"," Reduce enteric fermentation"
"7335","MAR",1026,"LVST: Reduce enteric fermentation","Education, Health and Other Services",0,0.0212,0.0212,0.0047,"LVST"," Reduce enteric fermentation"
"7336","MAR",1026,"LVST: Reduce enteric fermentation","Electrical and Machinery",0,0.0375,0.0375,0.0082,"LVST"," Reduce enteric fermentation"
"7337","MAR",1026,"LVST: Reduce enteric fermentation","Electricity, Gas and Water",0,0.1311,0.1311,0.0288,"LVST"," Reduce enteric fermentation"
"7338","MAR",1026,"LVST: Reduce enteric fermentation","Financial Intermediation and Business Activities",0,0.3591,0.3591,0.079,"LVST"," Reduce enteric fermentation"
"7339","MAR",1026,"LVST: Reduce enteric fermentation","Fishing",0,0.0014,0.0014,3e-04,"LVST"," Reduce enteric fermentation"
"7340","MAR",1026,"LVST: Reduce enteric fermentation","Food & Beverages",0,0.0065,0.0065,0.0014,"LVST"," Reduce enteric fermentation"
"7341","MAR",1026,"LVST: Reduce enteric fermentation","Hotels and Restaurants",0,0.0165,0.0165,0.0036,"LVST"," Reduce enteric fermentation"
"7342","MAR",1026,"LVST: Reduce enteric fermentation","Maintenance and Repair",0,0.0072,0.0072,0.0016,"LVST"," Reduce enteric fermentation"
"7343","MAR",1026,"LVST: Reduce enteric fermentation","Metal Products",0,0.0623,0.0623,0.0137,"LVST"," Reduce enteric fermentation"
"7344","MAR",1026,"LVST: Reduce enteric fermentation","Mining and Quarrying",0,0.0397,0.0397,0.0087,"LVST"," Reduce enteric fermentation"
"7345","MAR",1026,"LVST: Reduce enteric fermentation","Other Manufacturing",0,0.0094,0.0094,0.0021,"LVST"," Reduce enteric fermentation"
"7346","MAR",1026,"LVST: Reduce enteric fermentation","Others",0,0.0038,0.0038,8e-04,"LVST"," Reduce enteric fermentation"
"7347","MAR",1026,"LVST: Reduce enteric fermentation","Petroleum, Chemical and Non-Metallic Mineral Products",2.017,0.0149,2.0319,0.447,"LVST"," Reduce enteric fermentation"
"7348","MAR",1026,"LVST: Reduce enteric fermentation","Post and Telecommunications",0,0.0455,0.0455,0.01,"LVST"," Reduce enteric fermentation"
"7349","MAR",1026,"LVST: Reduce enteric fermentation","Private Households",0,0,0,0,"LVST"," Reduce enteric fermentation"
"7350","MAR",1026,"LVST: Reduce enteric fermentation","Public Administration",0,0.0014,0.0014,3e-04,"LVST"," Reduce enteric fermentation"
"7351","MAR",1026,"LVST: Reduce enteric fermentation","Re-export & Re-import",0,0,0,0,"LVST"," Reduce enteric fermentation"
"7352","MAR",1026,"LVST: Reduce enteric fermentation","Recycling",0,0.0011,0.0011,2e-04,"LVST"," Reduce enteric fermentation"
"7353","MAR",1026,"LVST: Reduce enteric fermentation","Retail Trade",0,0.0331,0.0331,0.0073,"LVST"," Reduce enteric fermentation"
"7354","MAR",1026,"LVST: Reduce enteric fermentation","Textiles and Wearing Apparel",0,0.001,0.001,2e-04,"LVST"," Reduce enteric fermentation"
"7355","MAR",1026,"LVST: Reduce enteric fermentation","Transport",0,0.1259,0.1259,0.0277,"LVST"," Reduce enteric fermentation"
"7356","MAR",1026,"LVST: Reduce enteric fermentation","Transport Equipment",0,0.01,0.01,0.0022,"LVST"," Reduce enteric fermentation"
"7357","MAR",1026,"LVST: Reduce enteric fermentation","Wholesale Trade",0,0.2993,0.2993,0.0658,"LVST"," Reduce enteric fermentation"
"7358","MAR",1026,"LVST: Reduce enteric fermentation","Wood and Paper",0,0.0862,0.0862,0.019,"LVST"," Reduce enteric fermentation"
"7359","MAR",2002,"TRWW: Increase biogas capture","Agriculture",0,0.0132,0.0132,0.0025,"TRWW"," Increase biogas capture"
"7360","MAR",2002,"TRWW: Increase biogas capture","Construction",0.4931,0.1587,0.6519,0.1246,"TRWW"," Increase biogas capture"
"7361","MAR",2002,"TRWW: Increase biogas capture","Education, Health and Other Services",0,0.0327,0.0327,0.0063,"TRWW"," Increase biogas capture"
"7362","MAR",2002,"TRWW: Increase biogas capture","Electrical and Machinery",0.8715,0.0397,0.9112,0.1741,"TRWW"," Increase biogas capture"
"7363","MAR",2002,"TRWW: Increase biogas capture","Electricity, Gas and Water",1.8652,0.028,1.8932,0.3617,"TRWW"," Increase biogas capture"
"7364","MAR",2002,"TRWW: Increase biogas capture","Financial Intermediation and Business Activities",0,0.4162,0.4162,0.0795,"TRWW"," Increase biogas capture"
"7365","MAR",2002,"TRWW: Increase biogas capture","Fishing",0,5e-04,5e-04,1e-04,"TRWW"," Increase biogas capture"
"7366","MAR",2002,"TRWW: Increase biogas capture","Food & Beverages",0,0.0012,0.0012,2e-04,"TRWW"," Increase biogas capture"
"7367","MAR",2002,"TRWW: Increase biogas capture","Hotels and Restaurants",0,0.0368,0.0368,0.007,"TRWW"," Increase biogas capture"
"7368","MAR",2002,"TRWW: Increase biogas capture","Maintenance and Repair",0,0.006,0.006,0.0011,"TRWW"," Increase biogas capture"
"7369","MAR",2002,"TRWW: Increase biogas capture","Metal Products",0,0.1538,0.1538,0.0294,"TRWW"," Increase biogas capture"
"7370","MAR",2002,"TRWW: Increase biogas capture","Mining and Quarrying",0,0.079,0.079,0.0151,"TRWW"," Increase biogas capture"
"7371","MAR",2002,"TRWW: Increase biogas capture","Other Manufacturing",0,0.019,0.019,0.0036,"TRWW"," Increase biogas capture"
"7372","MAR",2002,"TRWW: Increase biogas capture","Others",0,0.0055,0.0055,0.0011,"TRWW"," Increase biogas capture"
"7373","MAR",2002,"TRWW: Increase biogas capture","Petroleum, Chemical and Non-Metallic Mineral Products",0,0.125,0.125,0.0239,"TRWW"," Increase biogas capture"
"7374","MAR",2002,"TRWW: Increase biogas capture","Post and Telecommunications",0,0.0858,0.0858,0.0164,"TRWW"," Increase biogas capture"
"7375","MAR",2002,"TRWW: Increase biogas capture","Private Households",0,0,0,0,"TRWW"," Increase biogas capture"
"7376","MAR",2002,"TRWW: Increase biogas capture","Public Administration",0,0.0011,0.0011,2e-04,"TRWW"," Increase biogas capture"
"7377","MAR",2002,"TRWW: Increase biogas capture","Re-export & Re-import",0,0,0,0,"TRWW"," Increase biogas capture"
"7378","MAR",2002,"TRWW: Increase biogas capture","Recycling",0,0.0022,0.0022,4e-04,"TRWW"," Increase biogas capture"
"7379","MAR",2002,"TRWW: Increase biogas capture","Retail Trade",0,0.0536,0.0536,0.0102,"TRWW"," Increase biogas capture"
"7380","MAR",2002,"TRWW: Increase biogas capture","Textiles and Wearing Apparel",0,8e-04,8e-04,2e-04,"TRWW"," Increase biogas capture"
"7381","MAR",2002,"TRWW: Increase biogas capture","Transport",0.2157,0.2027,0.4184,0.0799,"TRWW"," Increase biogas capture"
"7382","MAR",2002,"TRWW: Increase biogas capture","Transport Equipment",0,0.0198,0.0198,0.0038,"TRWW"," Increase biogas capture"
"7383","MAR",2002,"TRWW: Increase biogas capture","Wholesale Trade",0,0.2468,0.2468,0.0472,"TRWW"," Increase biogas capture"
"7384","MAR",2002,"TRWW: Increase biogas capture","Wood and Paper",0,0.06,0.06,0.0115,"TRWW"," Increase biogas capture"
"7385","MAR",2003,"TRWW: Increase septic compliance","Agriculture",0,0.0233,0.0233,0.0027,"TRWW"," Increase septic compliance"
"7386","MAR",2003,"TRWW: Increase septic compliance","Construction",1.4178,0.0381,1.4558,0.1682,"TRWW"," Increase septic compliance"
"7387","MAR",2003,"TRWW: Increase septic compliance","Education, Health and Other Services",2.3679,0.0216,2.3895,0.2761,"TRWW"," Increase septic compliance"
"7388","MAR",2003,"TRWW: Increase septic compliance","Electrical and Machinery",2.5226,0.0438,2.5664,0.2965,"TRWW"," Increase septic compliance"
"7389","MAR",2003,"TRWW: Increase septic compliance","Electricity, Gas and Water",0,0.0805,0.0805,0.0093,"TRWW"," Increase septic compliance"
"7390","MAR",2003,"TRWW: Increase septic compliance","Financial Intermediation and Business Activities",0,0.4698,0.4698,0.0543,"TRWW"," Increase septic compliance"
"7391","MAR",2003,"TRWW: Increase septic compliance","Fishing",0,7e-04,7e-04,1e-04,"TRWW"," Increase septic compliance"
"7392","MAR",2003,"TRWW: Increase septic compliance","Food & Beverages",0,0.0016,0.0016,2e-04,"TRWW"," Increase septic compliance"
"7393","MAR",2003,"TRWW: Increase septic compliance","Hotels and Restaurants",0,0.0218,0.0218,0.0025,"TRWW"," Increase septic compliance"
"7394","MAR",2003,"TRWW: Increase septic compliance","Maintenance and Repair",0,0.0118,0.0118,0.0014,"TRWW"," Increase septic compliance"
"7395","MAR",2003,"TRWW: Increase septic compliance","Metal Products",0,0.3809,0.3809,0.044,"TRWW"," Increase septic compliance"
"7396","MAR",2003,"TRWW: Increase septic compliance","Mining and Quarrying",0,0.0104,0.0104,0.0012,"TRWW"," Increase septic compliance"
"7397","MAR",2003,"TRWW: Increase septic compliance","Other Manufacturing",0,0.0347,0.0347,0.004,"TRWW"," Increase septic compliance"
"7398","MAR",2003,"TRWW: Increase septic compliance","Others",0,0.0063,0.0063,7e-04,"TRWW"," Increase septic compliance"
"7399","MAR",2003,"TRWW: Increase septic compliance","Petroleum, Chemical and Non-Metallic Mineral Products",0,0.2025,0.2025,0.0234,"TRWW"," Increase septic compliance"
"7400","MAR",2003,"TRWW: Increase septic compliance","Post and Telecommunications",0,0.1141,0.1141,0.0132,"TRWW"," Increase septic compliance"
"7401","MAR",2003,"TRWW: Increase septic compliance","Private Households",0,0,0,0,"TRWW"," Increase septic compliance"
"7402","MAR",2003,"TRWW: Increase septic compliance","Public Administration",0,0.0015,0.0015,2e-04,"TRWW"," Increase septic compliance"
"7403","MAR",2003,"TRWW: Increase septic compliance","Re-export & Re-import",0,0,0,0,"TRWW"," Increase septic compliance"
"7404","MAR",2003,"TRWW: Increase septic compliance","Recycling",0,0.0012,0.0012,1e-04,"TRWW"," Increase septic compliance"
"7405","MAR",2003,"TRWW: Increase septic compliance","Retail Trade",0,0.1061,0.1061,0.0123,"TRWW"," Increase septic compliance"
"7406","MAR",2003,"TRWW: Increase septic compliance","Textiles and Wearing Apparel",0,0.0016,0.0016,2e-04,"TRWW"," Increase septic compliance"
"7407","MAR",2003,"TRWW: Increase septic compliance","Transport",0,0.1288,0.1288,0.0149,"TRWW"," Increase septic compliance"
"7408","MAR",2003,"TRWW: Increase septic compliance","Transport Equipment",0,0.0454,0.0454,0.0052,"TRWW"," Increase septic compliance"
"7409","MAR",2003,"TRWW: Increase septic compliance","Wholesale Trade",0,0.4874,0.4874,0.0563,"TRWW"," Increase septic compliance"
"7410","MAR",2003,"TRWW: Increase septic compliance","Wood and Paper",0,0.1141,0.1141,0.0132,"TRWW"," Increase septic compliance"
"7411","MAR",2005,"WALI: Improved industrial wastewater treatment","Agriculture",0,0.03,0.03,0.0037,"WALI"," Improved industrial wastewater treatment"
"7412","MAR",2005,"WALI: Improved industrial wastewater treatment","Construction",2.404,0.0496,2.4536,0.2982,"WALI"," Improved industrial wastewater treatment"
"7413","MAR",2005,"WALI: Improved industrial wastewater treatment","Education, Health and Other Services",1.184,0.0271,1.211,0.1472,"WALI"," Improved industrial wastewater treatment"
"7414","MAR",2005,"WALI: Improved industrial wastewater treatment","Electrical and Machinery",1.7888,0.0749,1.8637,0.2265,"WALI"," Improved industrial wastewater treatment"
"7415","MAR",2005,"WALI: Improved industrial wastewater treatment","Electricity, Gas and Water",0.3017,0.0741,0.3758,0.0457,"WALI"," Improved industrial wastewater treatment"
"7416","MAR",2005,"WALI: Improved industrial wastewater treatment","Financial Intermediation and Business Activities",0,0.4954,0.4954,0.0602,"WALI"," Improved industrial wastewater treatment"
"7417","MAR",2005,"WALI: Improved industrial wastewater treatment","Fishing",0,7e-04,7e-04,1e-04,"WALI"," Improved industrial wastewater treatment"
"7418","MAR",2005,"WALI: Improved industrial wastewater treatment","Food & Beverages",0,0.0015,0.0015,2e-04,"WALI"," Improved industrial wastewater treatment"
"7419","MAR",2005,"WALI: Improved industrial wastewater treatment","Hotels and Restaurants",0,0.0255,0.0255,0.0031,"WALI"," Improved industrial wastewater treatment"
"7420","MAR",2005,"WALI: Improved industrial wastewater treatment","Maintenance and Repair",0,0.0126,0.0126,0.0015,"WALI"," Improved industrial wastewater treatment"
"7421","MAR",2005,"WALI: Improved industrial wastewater treatment","Metal Products",0,0.3611,0.3611,0.0439,"WALI"," Improved industrial wastewater treatment"
"7422","MAR",2005,"WALI: Improved industrial wastewater treatment","Mining and Quarrying",0,0.0241,0.0241,0.0029,"WALI"," Improved industrial wastewater treatment"
"7423","MAR",2005,"WALI: Improved industrial wastewater treatment","Other Manufacturing",0,0.044,0.044,0.0053,"WALI"," Improved industrial wastewater treatment"
"7424","MAR",2005,"WALI: Improved industrial wastewater treatment","Others",0,0.0064,0.0064,8e-04,"WALI"," Improved industrial wastewater treatment"
"7425","MAR",2005,"WALI: Improved industrial wastewater treatment","Petroleum, Chemical and Non-Metallic Mineral Products",0,0.2295,0.2295,0.0279,"WALI"," Improved industrial wastewater treatment"
"7426","MAR",2005,"WALI: Improved industrial wastewater treatment","Post and Telecommunications",0,0.1165,0.1165,0.0142,"WALI"," Improved industrial wastewater treatment"
"7427","MAR",2005,"WALI: Improved industrial wastewater treatment","Private Households",0,0,0,0,"WALI"," Improved industrial wastewater treatment"
"7428","MAR",2005,"WALI: Improved industrial wastewater treatment","Public Administration",0,0.0015,0.0015,2e-04,"WALI"," Improved industrial wastewater treatment"
"7429","MAR",2005,"WALI: Improved industrial wastewater treatment","Re-export & Re-import",0,0,0,0,"WALI"," Improved industrial wastewater treatment"
"7430","MAR",2005,"WALI: Improved industrial wastewater treatment","Recycling",0,0.0014,0.0014,2e-04,"WALI"," Improved industrial wastewater treatment"
"7431","MAR",2005,"WALI: Improved industrial wastewater treatment","Retail Trade",0,0.1555,0.1555,0.0189,"WALI"," Improved industrial wastewater treatment"
"7432","MAR",2005,"WALI: Improved industrial wastewater treatment","Textiles and Wearing Apparel",0,0.0015,0.0015,2e-04,"WALI"," Improved industrial wastewater treatment"
"7433","MAR",2005,"WALI: Improved industrial wastewater treatment","Transport",0,0.1636,0.1636,0.0199,"WALI"," Improved industrial wastewater treatment"
"7434","MAR",2005,"WALI: Improved industrial wastewater treatment","Transport Equipment",0,0.043,0.043,0.0052,"WALI"," Improved industrial wastewater treatment"
"7435","MAR",2005,"WALI: Improved industrial wastewater treatment","Wholesale Trade",0,0.4719,0.4719,0.0573,"WALI"," Improved industrial wastewater treatment"
"7436","MAR",2005,"WALI: Improved industrial wastewater treatment","Wood and Paper",0,0.1389,0.1389,0.0169,"WALI"," Improved industrial wastewater treatment"
"7437","MAR",2006,"WALI: Improved rural wastewater treatment","Agriculture",0,0.0313,0.0313,0.0041,"WALI"," Improved rural wastewater treatment"
"7438","MAR",2006,"WALI: Improved rural wastewater treatment","Construction",2.4657,0.0446,2.5103,0.3323,"WALI"," Improved rural wastewater treatment"
"7439","MAR",2006,"WALI: Improved rural wastewater treatment","Education, Health and Other Services",0,0.0323,0.0323,0.0043,"WALI"," Improved rural wastewater treatment"
"7440","MAR",2006,"WALI: Improved rural wastewater treatment","Electrical and Machinery",1.8346,0.0765,1.9112,0.253,"WALI"," Improved rural wastewater treatment"
"7441","MAR",2006,"WALI: Improved rural wastewater treatment","Electricity, Gas and Water",0.1371,0.077,0.2142,0.0283,"WALI"," Improved rural wastewater treatment"
"7442","MAR",2006,"WALI: Improved rural wastewater treatment","Financial Intermediation and Business Activities",0.574,0.4633,1.0373,0.1373,"WALI"," Improved rural wastewater treatment"
"7443","MAR",2006,"WALI: Improved rural wastewater treatment","Fishing",0,7e-04,7e-04,1e-04,"WALI"," Improved rural wastewater treatment"
"7444","MAR",2006,"WALI: Improved rural wastewater treatment","Food & Beverages",0,0.0014,0.0014,2e-04,"WALI"," Improved rural wastewater treatment"
"7445","MAR",2006,"WALI: Improved rural wastewater treatment","Hotels and Restaurants",0,0.0259,0.0259,0.0034,"WALI"," Improved rural wastewater treatment"
"7446","MAR",2006,"WALI: Improved rural wastewater treatment","Maintenance and Repair",0,0.0129,0.0129,0.0017,"WALI"," Improved rural wastewater treatment"
"7447","MAR",2006,"WALI: Improved rural wastewater treatment","Metal Products",0,0.3703,0.3703,0.049,"WALI"," Improved rural wastewater treatment"
"7448","MAR",2006,"WALI: Improved rural wastewater treatment","Mining and Quarrying",0,0.0178,0.0178,0.0024,"WALI"," Improved rural wastewater treatment"
"7449","MAR",2006,"WALI: Improved rural wastewater treatment","Other Manufacturing",0,0.0451,0.0451,0.006,"WALI"," Improved rural wastewater treatment"
"7450","MAR",2006,"WALI: Improved rural wastewater treatment","Others",0,0.0064,0.0064,8e-04,"WALI"," Improved rural wastewater treatment"
"7451","MAR",2006,"WALI: Improved rural wastewater treatment","Petroleum, Chemical and Non-Metallic Mineral Products",0,0.2304,0.2304,0.0305,"WALI"," Improved rural wastewater treatment"
"7452","MAR",2006,"WALI: Improved rural wastewater treatment","Post and Telecommunications",0,0.1204,0.1204,0.0159,"WALI"," Improved rural wastewater treatment"
"7453","MAR",2006,"WALI: Improved rural wastewater treatment","Private Households",0,0,0,0,"WALI"," Improved rural wastewater treatment"
"7454","MAR",2006,"WALI: Improved rural wastewater treatment","Public Administration",0,0.0016,0.0016,2e-04,"WALI"," Improved rural wastewater treatment"
"7455","MAR",2006,"WALI: Improved rural wastewater treatment","Re-export & Re-import",0,0,0,0,"WALI"," Improved rural wastewater treatment"
"7456","MAR",2006,"WALI: Improved rural wastewater treatment","Recycling",0,0.0013,0.0013,2e-04,"WALI"," Improved rural wastewater treatment"
"7457","MAR",2006,"WALI: Improved rural wastewater treatment","Retail Trade",0,0.1599,0.1599,0.0212,"WALI"," Improved rural wastewater treatment"
"7458","MAR",2006,"WALI: Improved rural wastewater treatment","Textiles and Wearing Apparel",0,0.0016,0.0016,2e-04,"WALI"," Improved rural wastewater treatment"
"7459","MAR",2006,"WALI: Improved rural wastewater treatment","Transport",0,0.1548,0.1548,0.0205,"WALI"," Improved rural wastewater treatment"
"7460","MAR",2006,"WALI: Improved rural wastewater treatment","Transport Equipment",0,0.0446,0.0446,0.0059,"WALI"," Improved rural wastewater treatment"
"7461","MAR",2006,"WALI: Improved rural wastewater treatment","Wholesale Trade",0,0.4793,0.4793,0.0634,"WALI"," Improved rural wastewater treatment"
"7462","MAR",2006,"WALI: Improved rural wastewater treatment","Wood and Paper",0,0.1443,0.1443,0.0191,"WALI"," Improved rural wastewater treatment"
"7463","MAR",2007,"WALI: Improved urban wastewater treatment","Agriculture",0,0.03,0.03,0.0037,"WALI"," Improved urban wastewater treatment"
"7464","MAR",2007,"WALI: Improved urban wastewater treatment","Construction",2.404,0.0496,2.4536,0.2982,"WALI"," Improved urban wastewater treatment"
"7465","MAR",2007,"WALI: Improved urban wastewater treatment","Education, Health and Other Services",1.184,0.0271,1.211,0.1472,"WALI"," Improved urban wastewater treatment"
"7466","MAR",2007,"WALI: Improved urban wastewater treatment","Electrical and Machinery",1.7888,0.0749,1.8637,0.2265,"WALI"," Improved urban wastewater treatment"
"7467","MAR",2007,"WALI: Improved urban wastewater treatment","Electricity, Gas and Water",0.3017,0.0741,0.3758,0.0457,"WALI"," Improved urban wastewater treatment"
"7468","MAR",2007,"WALI: Improved urban wastewater treatment","Financial Intermediation and Business Activities",0,0.4954,0.4954,0.0602,"WALI"," Improved urban wastewater treatment"
"7469","MAR",2007,"WALI: Improved urban wastewater treatment","Fishing",0,7e-04,7e-04,1e-04,"WALI"," Improved urban wastewater treatment"
"7470","MAR",2007,"WALI: Improved urban wastewater treatment","Food & Beverages",0,0.0015,0.0015,2e-04,"WALI"," Improved urban wastewater treatment"
"7471","MAR",2007,"WALI: Improved urban wastewater treatment","Hotels and Restaurants",0,0.0255,0.0255,0.0031,"WALI"," Improved urban wastewater treatment"
"7472","MAR",2007,"WALI: Improved urban wastewater treatment","Maintenance and Repair",0,0.0126,0.0126,0.0015,"WALI"," Improved urban wastewater treatment"
"7473","MAR",2007,"WALI: Improved urban wastewater treatment","Metal Products",0,0.3611,0.3611,0.0439,"WALI"," Improved urban wastewater treatment"
"7474","MAR",2007,"WALI: Improved urban wastewater treatment","Mining and Quarrying",0,0.0241,0.0241,0.0029,"WALI"," Improved urban wastewater treatment"
"7475","MAR",2007,"WALI: Improved urban wastewater treatment","Other Manufacturing",0,0.044,0.044,0.0053,"WALI"," Improved urban wastewater treatment"
"7476","MAR",2007,"WALI: Improved urban wastewater treatment","Others",0,0.0064,0.0064,8e-04,"WALI"," Improved urban wastewater treatment"
"7477","MAR",2007,"WALI: Improved urban wastewater treatment","Petroleum, Chemical and Non-Metallic Mineral Products",0,0.2295,0.2295,0.0279,"WALI"," Improved urban wastewater treatment"
"7478","MAR",2007,"WALI: Improved urban wastewater treatment","Post and Telecommunications",0,0.1165,0.1165,0.0142,"WALI"," Improved urban wastewater treatment"
"7479","MAR",2007,"WALI: Improved urban wastewater treatment","Private Households",0,0,0,0,"WALI"," Improved urban wastewater treatment"
"7480","MAR",2007,"WALI: Improved urban wastewater treatment","Public Administration",0,0.0015,0.0015,2e-04,"WALI"," Improved urban wastewater treatment"
"7481","MAR",2007,"WALI: Improved urban wastewater treatment","Re-export & Re-import",0,0,0,0,"WALI"," Improved urban wastewater treatment"
"7482","MAR",2007,"WALI: Improved urban wastewater treatment","Recycling",0,0.0014,0.0014,2e-04,"WALI"," Improved urban wastewater treatment"
"7483","MAR",2007,"WALI: Improved urban wastewater treatment","Retail Trade",0,0.1555,0.1555,0.0189,"WALI"," Improved urban wastewater treatment"
"7484","MAR",2007,"WALI: Improved urban wastewater treatment","Textiles and Wearing Apparel",0,0.0015,0.0015,2e-04,"WALI"," Improved urban wastewater treatment"
"7485","MAR",2007,"WALI: Improved urban wastewater treatment","Transport",0,0.1636,0.1636,0.0199,"WALI"," Improved urban wastewater treatment"
"7486","MAR",2007,"WALI: Improved urban wastewater treatment","Transport Equipment",0,0.043,0.043,0.0052,"WALI"," Improved urban wastewater treatment"
"7487","MAR",2007,"WALI: Improved urban wastewater treatment","Wholesale Trade",0,0.4719,0.4719,0.0573,"WALI"," Improved urban wastewater treatment"
"7488","MAR",2007,"WALI: Improved urban wastewater treatment","Wood and Paper",0,0.1389,0.1389,0.0169,"WALI"," Improved urban wastewater treatment"
"7489","MAR",2009,"WASO: Biogas for energy production","Agriculture",0,0.0132,0.0132,0.0025,"WASO"," Biogas for energy production"
"7490","MAR",2009,"WASO: Biogas for energy production","Construction",0.4931,0.1587,0.6519,0.1246,"WASO"," Biogas for energy production"
"7491","MAR",2009,"WASO: Biogas for energy production","Education, Health and Other Services",0,0.0327,0.0327,0.0063,"WASO"," Biogas for energy production"
"7492","MAR",2009,"WASO: Biogas for energy production","Electrical and Machinery",0.8715,0.0397,0.9112,0.1741,"WASO"," Biogas for energy production"
"7493","MAR",2009,"WASO: Biogas for energy production","Electricity, Gas and Water",1.8652,0.028,1.8932,0.3617,"WASO"," Biogas for energy production"
"7494","MAR",2009,"WASO: Biogas for energy production","Financial Intermediation and Business Activities",0,0.4162,0.4162,0.0795,"WASO"," Biogas for energy production"
"7495","MAR",2009,"WASO: Biogas for energy production","Fishing",0,5e-04,5e-04,1e-04,"WASO"," Biogas for energy production"
"7496","MAR",2009,"WASO: Biogas for energy production","Food & Beverages",0,0.0012,0.0012,2e-04,"WASO"," Biogas for energy production"
"7497","MAR",2009,"WASO: Biogas for energy production","Hotels and Restaurants",0,0.0368,0.0368,0.007,"WASO"," Biogas for energy production"
"7498","MAR",2009,"WASO: Biogas for energy production","Maintenance and Repair",0,0.006,0.006,0.0011,"WASO"," Biogas for energy production"
"7499","MAR",2009,"WASO: Biogas for energy production","Metal Products",0,0.1538,0.1538,0.0294,"WASO"," Biogas for energy production"
"7500","MAR",2009,"WASO: Biogas for energy production","Mining and Quarrying",0,0.079,0.079,0.0151,"WASO"," Biogas for energy production"
"7501","MAR",2009,"WASO: Biogas for energy production","Other Manufacturing",0,0.019,0.019,0.0036,"WASO"," Biogas for energy production"
"7502","MAR",2009,"WASO: Biogas for energy production","Others",0,0.0055,0.0055,0.0011,"WASO"," Biogas for energy production"
"7503","MAR",2009,"WASO: Biogas for energy production","Petroleum, Chemical and Non-Metallic Mineral Products",0,0.125,0.125,0.0239,"WASO"," Biogas for energy production"
"7504","MAR",2009,"WASO: Biogas for energy production","Post and Telecommunications",0,0.0858,0.0858,0.0164,"WASO"," Biogas for energy production"
"7505","MAR",2009,"WASO: Biogas for energy production","Private Households",0,0,0,0,"WASO"," Biogas for energy production"
"7506","MAR",2009,"WASO: Biogas for energy production","Public Administration",0,0.0011,0.0011,2e-04,"WASO"," Biogas for energy production"
"7507","MAR",2009,"WASO: Biogas for energy production","Re-export & Re-import",0,0,0,0,"WASO"," Biogas for energy production"
"7508","MAR",2009,"WASO: Biogas for energy production","Recycling",0,0.0022,0.0022,4e-04,"WASO"," Biogas for energy production"
"7509","MAR",2009,"WASO: Biogas for energy production","Retail Trade",0,0.0536,0.0536,0.0102,"WASO"," Biogas for energy production"
"7510","MAR",2009,"WASO: Biogas for energy production","Textiles and Wearing Apparel",0,8e-04,8e-04,2e-04,"WASO"," Biogas for energy production"
"7511","MAR",2009,"WASO: Biogas for energy production","Transport",0.2157,0.2027,0.4184,0.0799,"WASO"," Biogas for energy production"
"7512","MAR",2009,"WASO: Biogas for energy production","Transport Equipment",0,0.0198,0.0198,0.0038,"WASO"," Biogas for energy production"
"7513","MAR",2009,"WASO: Biogas for energy production","Wholesale Trade",0,0.2468,0.2468,0.0472,"WASO"," Biogas for energy production"
"7514","MAR",2009,"WASO: Biogas for energy production","Wood and Paper",0,0.06,0.06,0.0115,"WASO"," Biogas for energy production"
"7515","MAR",2011,"WASO: Incineration for energy production","Agriculture",0,0.0224,0.0224,0.0033,"WASO"," Incineration for energy production"
"7516","MAR",2011,"WASO: Incineration for energy production","Construction",1.3561,0.0935,1.4496,0.212,"WASO"," Incineration for energy production"
"7517","MAR",2011,"WASO: Incineration for energy production","Education, Health and Other Services",0,0.0301,0.0301,0.0044,"WASO"," Incineration for energy production"
"7518","MAR",2011,"WASO: Incineration for energy production","Electrical and Machinery",2.2016,0.0501,2.2517,0.3293,"WASO"," Incineration for energy production"
"7519","MAR",2011,"WASO: Incineration for energy production","Electricity, Gas and Water",0.8229,0.0685,0.8914,0.1304,"WASO"," Incineration for energy production"
"7520","MAR",2011,"WASO: Incineration for energy production","Financial Intermediation and Business Activities",0,0.4955,0.4955,0.0725,"WASO"," Incineration for energy production"
"7521","MAR",2011,"WASO: Incineration for energy production","Fishing",0,6e-04,6e-04,1e-04,"WASO"," Incineration for energy production"
"7522","MAR",2011,"WASO: Incineration for energy production","Food & Beverages",0,0.0013,0.0013,2e-04,"WASO"," Incineration for energy production"
"7523","MAR",2011,"WASO: Incineration for energy production","Hotels and Restaurants",0,0.0305,0.0305,0.0045,"WASO"," Incineration for energy production"
"7524","MAR",2011,"WASO: Incineration for energy production","Maintenance and Repair",0,0.0113,0.0113,0.0017,"WASO"," Incineration for energy production"
"7525","MAR",2011,"WASO: Incineration for energy production","Metal Products",0,0.3481,0.3481,0.0509,"WASO"," Incineration for energy production"
"7526","MAR",2011,"WASO: Incineration for energy production","Mining and Quarrying",0,0.0424,0.0424,0.0062,"WASO"," Incineration for energy production"
"7527","MAR",2011,"WASO: Incineration for energy production","Other Manufacturing",0,0.0341,0.0341,0.005,"WASO"," Incineration for energy production"
"7528","MAR",2011,"WASO: Incineration for energy production","Others",0,0.007,0.007,0.001,"WASO"," Incineration for energy production"
"7529","MAR",2011,"WASO: Incineration for energy production","Petroleum, Chemical and Non-Metallic Mineral Products",0,0.2011,0.2011,0.0294,"WASO"," Incineration for energy production"
"7530","MAR",2011,"WASO: Incineration for energy production","Post and Telecommunications",0,0.1157,0.1157,0.0169,"WASO"," Incineration for energy production"
"7531","MAR",2011,"WASO: Incineration for energy production","Private Households",0,0,0,0,"WASO"," Incineration for energy production"
"7532","MAR",2011,"WASO: Incineration for energy production","Public Administration",0,0.0014,0.0014,2e-04,"WASO"," Incineration for energy production"
"7533","MAR",2011,"WASO: Incineration for energy production","Re-export & Re-import",0,0,0,0,"WASO"," Incineration for energy production"
"7534","MAR",2011,"WASO: Incineration for energy production","Recycling",0,0.0018,0.0018,3e-04,"WASO"," Incineration for energy production"
"7535","MAR",2011,"WASO: Incineration for energy production","Retail Trade",0,0.1046,0.1046,0.0153,"WASO"," Incineration for energy production"
"7536","MAR",2011,"WASO: Incineration for energy production","Textiles and Wearing Apparel",0,0.0015,0.0015,2e-04,"WASO"," Incineration for energy production"
"7537","MAR",2011,"WASO: Incineration for energy production","Transport",0,0.1828,0.1828,0.0267,"WASO"," Incineration for energy production"
"7538","MAR",2011,"WASO: Incineration for energy production","Transport Equipment",0,0.0417,0.0417,0.0061,"WASO"," Incineration for energy production"
"7539","MAR",2011,"WASO: Incineration for energy production","Wholesale Trade",0,0.4601,0.4601,0.0673,"WASO"," Incineration for energy production"
"7540","MAR",2011,"WASO: Incineration for energy production","Wood and Paper",0,0.1101,0.1101,0.0161,"WASO"," Incineration for energy production"
"7541","MAR",2012,"WASO: Increase biogas capture","Agriculture",0,0.0132,0.0132,0.0025,"WASO"," Increase biogas capture"
"7542","MAR",2012,"WASO: Increase biogas capture","Construction",0.4931,0.1587,0.6519,0.1246,"WASO"," Increase biogas capture"
"7543","MAR",2012,"WASO: Increase biogas capture","Education, Health and Other Services",0,0.0327,0.0327,0.0063,"WASO"," Increase biogas capture"
"7544","MAR",2012,"WASO: Increase biogas capture","Electrical and Machinery",0.8715,0.0397,0.9112,0.1741,"WASO"," Increase biogas capture"
"7545","MAR",2012,"WASO: Increase biogas capture","Electricity, Gas and Water",1.8652,0.028,1.8932,0.3617,"WASO"," Increase biogas capture"
"7546","MAR",2012,"WASO: Increase biogas capture","Financial Intermediation and Business Activities",0,0.4162,0.4162,0.0795,"WASO"," Increase biogas capture"
"7547","MAR",2012,"WASO: Increase biogas capture","Fishing",0,5e-04,5e-04,1e-04,"WASO"," Increase biogas capture"
"7548","MAR",2012,"WASO: Increase biogas capture","Food & Beverages",0,0.0012,0.0012,2e-04,"WASO"," Increase biogas capture"
"7549","MAR",2012,"WASO: Increase biogas capture","Hotels and Restaurants",0,0.0368,0.0368,0.007,"WASO"," Increase biogas capture"
"7550","MAR",2012,"WASO: Increase biogas capture","Maintenance and Repair",0,0.006,0.006,0.0011,"WASO"," Increase biogas capture"
"7551","MAR",2012,"WASO: Increase biogas capture","Metal Products",0,0.1538,0.1538,0.0294,"WASO"," Increase biogas capture"
"7552","MAR",2012,"WASO: Increase biogas capture","Mining and Quarrying",0,0.079,0.079,0.0151,"WASO"," Increase biogas capture"
"7553","MAR",2012,"WASO: Increase biogas capture","Other Manufacturing",0,0.019,0.019,0.0036,"WASO"," Increase biogas capture"
"7554","MAR",2012,"WASO: Increase biogas capture","Others",0,0.0055,0.0055,0.0011,"WASO"," Increase biogas capture"
"7555","MAR",2012,"WASO: Increase biogas capture","Petroleum, Chemical and Non-Metallic Mineral Products",0,0.125,0.125,0.0239,"WASO"," Increase biogas capture"
"7556","MAR",2012,"WASO: Increase biogas capture","Post and Telecommunications",0,0.0858,0.0858,0.0164,"WASO"," Increase biogas capture"
"7557","MAR",2012,"WASO: Increase biogas capture","Private Households",0,0,0,0,"WASO"," Increase biogas capture"
"7558","MAR",2012,"WASO: Increase biogas capture","Public Administration",0,0.0011,0.0011,2e-04,"WASO"," Increase biogas capture"
"7559","MAR",2012,"WASO: Increase biogas capture","Re-export & Re-import",0,0,0,0,"WASO"," Increase biogas capture"
"7560","MAR",2012,"WASO: Increase biogas capture","Recycling",0,0.0022,0.0022,4e-04,"WASO"," Increase biogas capture"
"7561","MAR",2012,"WASO: Increase biogas capture","Retail Trade",0,0.0536,0.0536,0.0102,"WASO"," Increase biogas capture"
"7562","MAR",2012,"WASO: Increase biogas capture","Textiles and Wearing Apparel",0,8e-04,8e-04,2e-04,"WASO"," Increase biogas capture"
"7563","MAR",2012,"WASO: Increase biogas capture","Transport",0.2157,0.2027,0.4184,0.0799,"WASO"," Increase biogas capture"
"7564","MAR",2012,"WASO: Increase biogas capture","Transport Equipment",0,0.0198,0.0198,0.0038,"WASO"," Increase biogas capture"
"7565","MAR",2012,"WASO: Increase biogas capture","Wholesale Trade",0,0.2468,0.2468,0.0472,"WASO"," Increase biogas capture"
"7566","MAR",2012,"WASO: Increase biogas capture","Wood and Paper",0,0.06,0.06,0.0115,"WASO"," Increase biogas capture"
"7567","MAR",2013,"WASO: Increase composting and biogas","Agriculture",0.0324,0.0289,0.0614,0.0096,"WASO"," Increase composting and biogas"
"7568","MAR",2013,"WASO: Increase composting and biogas","Construction",0.4931,0.1129,0.6061,0.0949,"WASO"," Increase composting and biogas"
"7569","MAR",2013,"WASO: Increase composting and biogas","Education, Health and Other Services",0,0.0344,0.0344,0.0054,"WASO"," Increase composting and biogas"
"7570","MAR",2013,"WASO: Increase composting and biogas","Electrical and Machinery",0.9632,0.0504,1.0136,0.1587,"WASO"," Increase composting and biogas"
"7571","MAR",2013,"WASO: Increase composting and biogas","Electricity, Gas and Water",0.9326,0.0938,1.0264,0.1608,"WASO"," Increase composting and biogas"
"7572","MAR",2013,"WASO: Increase composting and biogas","Financial Intermediation and Business Activities",0,0.4604,0.4604,0.0721,"WASO"," Increase composting and biogas"
"7573","MAR",2013,"WASO: Increase composting and biogas","Fishing",0,0.0017,0.0017,3e-04,"WASO"," Increase composting and biogas"
"7574","MAR",2013,"WASO: Increase composting and biogas","Food & Beverages",0,0.0048,0.0048,7e-04,"WASO"," Increase composting and biogas"
"7575","MAR",2013,"WASO: Increase composting and biogas","Hotels and Restaurants",0,0.0315,0.0315,0.0049,"WASO"," Increase composting and biogas"
"7576","MAR",2013,"WASO: Increase composting and biogas","Maintenance and Repair",0,0.0084,0.0084,0.0013,"WASO"," Increase composting and biogas"
"7577","MAR",2013,"WASO: Increase composting and biogas","Metal Products",0,0.368,0.368,0.0576,"WASO"," Increase composting and biogas"
"7578","MAR",2013,"WASO: Increase composting and biogas","Mining and Quarrying",0,0.1006,0.1006,0.0158,"WASO"," Increase composting and biogas"
"7579","MAR",2013,"WASO: Increase composting and biogas","Other Manufacturing",0.1268,0.0236,0.1504,0.0236,"WASO"," Increase composting and biogas"
"7580","MAR",2013,"WASO: Increase composting and biogas","Others",0,0.0064,0.0064,0.001,"WASO"," Increase composting and biogas"
"7581","MAR",2013,"WASO: Increase composting and biogas","Petroleum, Chemical and Non-Metallic Mineral Products",0.0621,0.5174,0.5795,0.0908,"WASO"," Increase composting and biogas"
"7582","MAR",2013,"WASO: Increase composting and biogas","Post and Telecommunications",0.3693,0.0888,0.458,0.0717,"WASO"," Increase composting and biogas"
"7583","MAR",2013,"WASO: Increase composting and biogas","Private Households",0,0,0,0,"WASO"," Increase composting and biogas"
"7584","MAR",2013,"WASO: Increase composting and biogas","Public Administration",0,0.0015,0.0015,2e-04,"WASO"," Increase composting and biogas"
"7585","MAR",2013,"WASO: Increase composting and biogas","Re-export & Re-import",0,0,0,0,"WASO"," Increase composting and biogas"
"7586","MAR",2013,"WASO: Increase composting and biogas","Recycling",0.3685,0.0014,0.3699,0.0579,"WASO"," Increase composting and biogas"
"7587","MAR",2013,"WASO: Increase composting and biogas","Retail Trade",0,0.0662,0.0662,0.0104,"WASO"," Increase composting and biogas"
"7588","MAR",2013,"WASO: Increase composting and biogas","Textiles and Wearing Apparel",0,0.0013,0.0013,2e-04,"WASO"," Increase composting and biogas"
"7589","MAR",2013,"WASO: Increase composting and biogas","Transport",0.1294,0.4059,0.5353,0.0838,"WASO"," Increase composting and biogas"
"7590","MAR",2013,"WASO: Increase composting and biogas","Transport Equipment",0,0.0266,0.0266,0.0042,"WASO"," Increase composting and biogas"
"7591","MAR",2013,"WASO: Increase composting and biogas","Wholesale Trade",0,0.3417,0.3417,0.0535,"WASO"," Increase composting and biogas"
"7592","MAR",2013,"WASO: Increase composting and biogas","Wood and Paper",0,0.1308,0.1308,0.0205,"WASO"," Increase composting and biogas"
"7593","MAR",2014,"WASO: Increase landfilling","Agriculture",0,0.0212,0.0212,0.0027,"WASO"," Increase landfilling"
"7594","MAR",2014,"WASO: Increase landfilling","Construction",1.0479,0.0541,1.102,0.1396,"WASO"," Increase landfilling"
"7595","MAR",2014,"WASO: Increase landfilling","Education, Health and Other Services",1.0763,0.0407,1.1171,0.1415,"WASO"," Increase landfilling"
"7596","MAR",2014,"WASO: Increase landfilling","Electrical and Machinery",1.8805,0.0485,1.929,0.2444,"WASO"," Increase landfilling"
"7597","MAR",2014,"WASO: Increase landfilling","Electricity, Gas and Water",0,0.0741,0.0741,0.0094,"WASO"," Increase landfilling"
"7598","MAR",2014,"WASO: Increase landfilling","Financial Intermediation and Business Activities",0,0.477,0.477,0.0604,"WASO"," Increase landfilling"
"7599","MAR",2014,"WASO: Increase landfilling","Fishing",0,7e-04,7e-04,1e-04,"WASO"," Increase landfilling"
"7600","MAR",2014,"WASO: Increase landfilling","Food & Beverages",0,0.0019,0.0019,2e-04,"WASO"," Increase landfilling"
"7601","MAR",2014,"WASO: Increase landfilling","Hotels and Restaurants",0,0.0253,0.0253,0.0032,"WASO"," Increase landfilling"
"7602","MAR",2014,"WASO: Increase landfilling","Maintenance and Repair",0,0.0096,0.0096,0.0012,"WASO"," Increase landfilling"
"7603","MAR",2014,"WASO: Increase landfilling","Metal Products",0.055,0.2919,0.347,0.044,"WASO"," Increase landfilling"
"7604","MAR",2014,"WASO: Increase landfilling","Mining and Quarrying",0,0.0096,0.0096,0.0012,"WASO"," Increase landfilling"
"7605","MAR",2014,"WASO: Increase landfilling","Other Manufacturing",0,0.0289,0.0289,0.0037,"WASO"," Increase landfilling"
"7606","MAR",2014,"WASO: Increase landfilling","Others",0,0.0054,0.0054,7e-04,"WASO"," Increase landfilling"
"7607","MAR",2014,"WASO: Increase landfilling","Petroleum, Chemical and Non-Metallic Mineral Products",0.031,0.1659,0.1969,0.025,"WASO"," Increase landfilling"
"7608","MAR",2014,"WASO: Increase landfilling","Post and Telecommunications",1.0023,0.1035,1.1058,0.1401,"WASO"," Increase landfilling"
"7609","MAR",2014,"WASO: Increase landfilling","Private Households",0,1e-04,1e-04,0,"WASO"," Increase landfilling"
"7610","MAR",2014,"WASO: Increase landfilling","Public Administration",0.6499,0.0014,0.6513,0.0825,"WASO"," Increase landfilling"
"7611","MAR",2014,"WASO: Increase landfilling","Re-export & Re-import",0,0,0,0,"WASO"," Increase landfilling"
"7612","MAR",2014,"WASO: Increase landfilling","Recycling",0,0.0011,0.0011,1e-04,"WASO"," Increase landfilling"
"7613","MAR",2014,"WASO: Increase landfilling","Retail Trade",0,0.0838,0.0838,0.0106,"WASO"," Increase landfilling"
"7614","MAR",2014,"WASO: Increase landfilling","Textiles and Wearing Apparel",0,0.0014,0.0014,2e-04,"WASO"," Increase landfilling"
"7615","MAR",2014,"WASO: Increase landfilling","Transport",0.0431,0.1143,0.1575,0.0199,"WASO"," Increase landfilling"
"7616","MAR",2014,"WASO: Increase landfilling","Transport Equipment",0,0.0412,0.0412,0.0052,"WASO"," Increase landfilling"
"7617","MAR",2014,"WASO: Increase landfilling","Wholesale Trade",0,0.3979,0.3979,0.0504,"WASO"," Increase landfilling"
"7618","MAR",2014,"WASO: Increase landfilling","Wood and Paper",0,0.1071,0.1071,0.0136,"WASO"," Increase landfilling"
"7619","MAR",2015,"WASO: Increase recycling","Agriculture",0,0.037,0.037,0.0049,"WASO"," Increase recycling"
"7620","MAR",2015,"WASO: Increase recycling","Construction",0.9246,0.0579,0.9825,0.1305,"WASO"," Increase recycling"
"7621","MAR",2015,"WASO: Increase recycling","Education, Health and Other Services",0,0.0291,0.0291,0.0039,"WASO"," Increase recycling"
"7622","MAR",2015,"WASO: Increase recycling","Electrical and Machinery",1.6512,0.0518,1.703,0.2262,"WASO"," Increase recycling"
"7623","MAR",2015,"WASO: Increase recycling","Electricity, Gas and Water",0,0.1376,0.1376,0.0183,"WASO"," Increase recycling"
"7624","MAR",2015,"WASO: Increase recycling","Financial Intermediation and Business Activities",0,0.5034,0.5034,0.0669,"WASO"," Increase recycling"
"7625","MAR",2015,"WASO: Increase recycling","Fishing",0,0.0014,0.0014,2e-04,"WASO"," Increase recycling"
"7626","MAR",2015,"WASO: Increase recycling","Food & Beverages",0,0.0061,0.0061,8e-04,"WASO"," Increase recycling"
"7627","MAR",2015,"WASO: Increase recycling","Hotels and Restaurants",0,0.0241,0.0241,0.0032,"WASO"," Increase recycling"
"7628","MAR",2015,"WASO: Increase recycling","Maintenance and Repair",0,0.0115,0.0115,0.0015,"WASO"," Increase recycling"
"7629","MAR",2015,"WASO: Increase recycling","Metal Products",0,0.5483,0.5483,0.0728,"WASO"," Increase recycling"
"7630","MAR",2015,"WASO: Increase recycling","Mining and Quarrying",0,0.0925,0.0925,0.0123,"WASO"," Increase recycling"
"7631","MAR",2015,"WASO: Increase recycling","Other Manufacturing",0,0.033,0.033,0.0044,"WASO"," Increase recycling"
"7632","MAR",2015,"WASO: Increase recycling","Others",0,0.0072,0.0072,0.001,"WASO"," Increase recycling"
"7633","MAR",2015,"WASO: Increase recycling","Petroleum, Chemical and Non-Metallic Mineral Products",0,0.7432,0.7432,0.0987,"WASO"," Increase recycling"
"7634","MAR",2015,"WASO: Increase recycling","Post and Telecommunications",0,0.1154,0.1154,0.0153,"WASO"," Increase recycling"
"7635","MAR",2015,"WASO: Increase recycling","Private Households",0,0,0,0,"WASO"," Increase recycling"
"7636","MAR",2015,"WASO: Increase recycling","Public Administration",0,0.0018,0.0018,2e-04,"WASO"," Increase recycling"
"7637","MAR",2015,"WASO: Increase recycling","Re-export & Re-import",0,0,0,0,"WASO"," Increase recycling"
"7638","MAR",2015,"WASO: Increase recycling","Recycling",0.544,8e-04,0.5448,0.0724,"WASO"," Increase recycling"
"7639","MAR",2015,"WASO: Increase recycling","Retail Trade",0,0.0964,0.0964,0.0128,"WASO"," Increase recycling"
"7640","MAR",2015,"WASO: Increase recycling","Textiles and Wearing Apparel",0,0.0017,0.0017,2e-04,"WASO"," Increase recycling"
"7641","MAR",2015,"WASO: Increase recycling","Transport",0.7765,0.4757,1.2522,0.1664,"WASO"," Increase recycling"
"7642","MAR",2015,"WASO: Increase recycling","Transport Equipment",0,0.0394,0.0394,0.0052,"WASO"," Increase recycling"
"7643","MAR",2015,"WASO: Increase recycling","Wholesale Trade",0,0.4575,0.4575,0.0608,"WASO"," Increase recycling"
"7644","MAR",2015,"WASO: Increase recycling","Wood and Paper",0,0.1582,0.1582,0.021,"WASO"," Increase recycling"
"7645","MAR",3001,"CCSQ: Increase direct air capture","Agriculture",0,0.0258,0.0258,0.0033,"CCSQ"," Increase direct air capture"
"7646","MAR",3001,"CCSQ: Increase direct air capture","Construction",1.4178,0.0473,1.465,0.189,"CCSQ"," Increase direct air capture"
"7647","MAR",3001,"CCSQ: Increase direct air capture","Education, Health and Other Services",0.3229,0.0269,0.3498,0.0451,"CCSQ"," Increase direct air capture"
"7648","MAR",3001,"CCSQ: Increase direct air capture","Electrical and Machinery",2.9813,0.0463,3.0276,0.3906,"CCSQ"," Increase direct air capture"
"7649","MAR",3001,"CCSQ: Increase direct air capture","Electricity, Gas and Water",0,0.1022,0.1022,0.0132,"CCSQ"," Increase direct air capture"
"7650","MAR",3001,"CCSQ: Increase direct air capture","Financial Intermediation and Business Activities",0,0.5285,0.5285,0.0682,"CCSQ"," Increase direct air capture"
"7651","MAR",3001,"CCSQ: Increase direct air capture","Fishing",0,6e-04,6e-04,1e-04,"CCSQ"," Increase direct air capture"
"7652","MAR",3001,"CCSQ: Increase direct air capture","Food & Beverages",0,0.0015,0.0015,2e-04,"CCSQ"," Increase direct air capture"
"7653","MAR",3001,"CCSQ: Increase direct air capture","Hotels and Restaurants",0,0.0245,0.0245,0.0032,"CCSQ"," Increase direct air capture"
"7654","MAR",3001,"CCSQ: Increase direct air capture","Maintenance and Repair",0,0.0137,0.0137,0.0018,"CCSQ"," Increase direct air capture"
"7655","MAR",3001,"CCSQ: Increase direct air capture","Metal Products",0.055,0.4383,0.4934,0.0637,"CCSQ"," Increase direct air capture"
"7656","MAR",3001,"CCSQ: Increase direct air capture","Mining and Quarrying",0,0.0151,0.0151,0.0019,"CCSQ"," Increase direct air capture"
"7657","MAR",3001,"CCSQ: Increase direct air capture","Other Manufacturing",0,0.0377,0.0377,0.0049,"CCSQ"," Increase direct air capture"
"7658","MAR",3001,"CCSQ: Increase direct air capture","Others",0,0.0075,0.0075,0.001,"CCSQ"," Increase direct air capture"
"7659","MAR",3001,"CCSQ: Increase direct air capture","Petroleum, Chemical and Non-Metallic Mineral Products",0.1862,0.2208,0.407,0.0525,"CCSQ"," Increase direct air capture"
"7660","MAR",3001,"CCSQ: Increase direct air capture","Post and Telecommunications",0.0528,0.128,0.1807,0.0233,"CCSQ"," Increase direct air capture"
"7661","MAR",3001,"CCSQ: Increase direct air capture","Private Households",0,0,0,0,"CCSQ"," Increase direct air capture"
"7662","MAR",3001,"CCSQ: Increase direct air capture","Public Administration",0,0.0016,0.0016,2e-04,"CCSQ"," Increase direct air capture"
"7663","MAR",3001,"CCSQ: Increase direct air capture","Re-export & Re-import",0,0,0,0,"CCSQ"," Increase direct air capture"
"7664","MAR",3001,"CCSQ: Increase direct air capture","Recycling",0,0.0015,0.0015,2e-04,"CCSQ"," Increase direct air capture"
"7665","MAR",3001,"CCSQ: Increase direct air capture","Retail Trade",0,0.1128,0.1128,0.0146,"CCSQ"," Increase direct air capture"
"7666","MAR",3001,"CCSQ: Increase direct air capture","Textiles and Wearing Apparel",0,0.0018,0.0018,2e-04,"CCSQ"," Increase direct air capture"
"7667","MAR",3001,"CCSQ: Increase direct air capture","Transport",0.0431,0.1516,0.1947,0.0251,"CCSQ"," Increase direct air capture"
"7668","MAR",3001,"CCSQ: Increase direct air capture","Transport Equipment",0,0.0526,0.0526,0.0068,"CCSQ"," Increase direct air capture"
"7669","MAR",3001,"CCSQ: Increase direct air capture","Wholesale Trade",0,0.5748,0.5748,0.0742,"CCSQ"," Increase direct air capture"
"7670","MAR",3001,"CCSQ: Increase direct air capture","Wood and Paper",0,0.1298,0.1298,0.0167,"CCSQ"," Increase direct air capture"
"7671","MAR",3002,"CCSQ: Increase direct air capture with renewable energy production","Agriculture",0.0324,0.0253,0.0578,0.0076,"CCSQ"," Increase direct air capture with renewable energy production"
"7672","MAR",3002,"CCSQ: Increase direct air capture with renewable energy production","Construction",1.3561,0.0487,1.4049,0.184,"CCSQ"," Increase direct air capture with renewable energy production"
"7673","MAR",3002,"CCSQ: Increase direct air capture with renewable energy production","Education, Health and Other Services",0.3229,0.0268,0.3497,0.0458,"CCSQ"," Increase direct air capture with renewable energy production"
"7674","MAR",3002,"CCSQ: Increase direct air capture with renewable energy production","Electrical and Machinery",2.9354,0.0443,2.9798,0.3903,"CCSQ"," Increase direct air capture with renewable energy production"
"7675","MAR",3002,"CCSQ: Increase direct air capture with renewable energy production","Electricity, Gas and Water",0.0274,0.1002,0.1276,0.0167,"CCSQ"," Increase direct air capture with renewable energy production"
"7676","MAR",3002,"CCSQ: Increase direct air capture with renewable energy production","Financial Intermediation and Business Activities",0,0.5226,0.5226,0.0685,"CCSQ"," Increase direct air capture with renewable energy production"
"7677","MAR",3002,"CCSQ: Increase direct air capture with renewable energy production","Fishing",0,7e-04,7e-04,1e-04,"CCSQ"," Increase direct air capture with renewable energy production"
"7678","MAR",3002,"CCSQ: Increase direct air capture with renewable energy production","Food & Beverages",0,0.0016,0.0016,2e-04,"CCSQ"," Increase direct air capture with renewable energy production"
"7679","MAR",3002,"CCSQ: Increase direct air capture with renewable energy production","Hotels and Restaurants",0,0.0244,0.0244,0.0032,"CCSQ"," Increase direct air capture with renewable energy production"
"7680","MAR",3002,"CCSQ: Increase direct air capture with renewable energy production","Maintenance and Repair",0,0.0135,0.0135,0.0018,"CCSQ"," Increase direct air capture with renewable energy production"
"7681","MAR",3002,"CCSQ: Increase direct air capture with renewable energy production","Metal Products",0,0.4305,0.4305,0.0564,"CCSQ"," Increase direct air capture with renewable energy production"
"7682","MAR",3002,"CCSQ: Increase direct air capture with renewable energy production","Mining and Quarrying",0,0.0162,0.0162,0.0021,"CCSQ"," Increase direct air capture with renewable energy production"
"7683","MAR",3002,"CCSQ: Increase direct air capture with renewable energy production","Other Manufacturing",0,0.0367,0.0367,0.0048,"CCSQ"," Increase direct air capture with renewable energy production"
"7684","MAR",3002,"CCSQ: Increase direct air capture with renewable energy production","Others",0,0.0073,0.0073,0.001,"CCSQ"," Increase direct air capture with renewable energy production"
"7685","MAR",3002,"CCSQ: Increase direct air capture with renewable energy production","Petroleum, Chemical and Non-Metallic Mineral Products",0.2172,0.2149,0.4321,0.0566,"CCSQ"," Increase direct air capture with renewable energy production"
"7686","MAR",3002,"CCSQ: Increase direct air capture with renewable energy production","Post and Telecommunications",0.0528,0.1258,0.1785,0.0234,"CCSQ"," Increase direct air capture with renewable energy production"
"7687","MAR",3002,"CCSQ: Increase direct air capture with renewable energy production","Private Households",0,0,0,0,"CCSQ"," Increase direct air capture with renewable energy production"
"7688","MAR",3002,"CCSQ: Increase direct air capture with renewable energy production","Public Administration",0,0.0016,0.0016,2e-04,"CCSQ"," Increase direct air capture with renewable energy production"
"7689","MAR",3002,"CCSQ: Increase direct air capture with renewable energy production","Re-export & Re-import",0,0,0,0,"CCSQ"," Increase direct air capture with renewable energy production"
"7690","MAR",3002,"CCSQ: Increase direct air capture with renewable energy production","Recycling",0,0.0014,0.0014,2e-04,"CCSQ"," Increase direct air capture with renewable energy production"
"7691","MAR",3002,"CCSQ: Increase direct air capture with renewable energy production","Retail Trade",0,0.1094,0.1094,0.0143,"CCSQ"," Increase direct air capture with renewable energy production"
"7692","MAR",3002,"CCSQ: Increase direct air capture with renewable energy production","Textiles and Wearing Apparel",0,0.0018,0.0018,2e-04,"CCSQ"," Increase direct air capture with renewable energy production"
"7693","MAR",3002,"CCSQ: Increase direct air capture with renewable energy production","Transport",0.0431,0.1505,0.1936,0.0254,"CCSQ"," Increase direct air capture with renewable energy production"
"7694","MAR",3002,"CCSQ: Increase direct air capture with renewable energy production","Transport Equipment",0,0.0516,0.0516,0.0068,"CCSQ"," Increase direct air capture with renewable energy production"
"7695","MAR",3002,"CCSQ: Increase direct air capture with renewable energy production","Wholesale Trade",0,0.5642,0.5642,0.0739,"CCSQ"," Increase direct air capture with renewable energy production"
"7696","MAR",3002,"CCSQ: Increase direct air capture with renewable energy production","Wood and Paper",0,0.1272,0.1272,0.0167,"CCSQ"," Increase direct air capture with renewable energy production"
"7697","MAR",3003,"ENTC: 95% of electricity is generated by renewables in 2050","Agriculture",0.2595,0.0224,0.2819,0.0431,"ENTC"," 95% of electricity is generated by renewables in 2050"
"7698","MAR",3003,"ENTC: 95% of electricity is generated by renewables in 2050","Construction",1.0479,0.0575,1.1054,0.1691,"ENTC"," 95% of electricity is generated by renewables in 2050"
"7699","MAR",3003,"ENTC: 95% of electricity is generated by renewables in 2050","Education, Health and Other Services",0.3229,0.0313,0.3542,0.0542,"ENTC"," 95% of electricity is generated by renewables in 2050"
"7700","MAR",3003,"ENTC: 95% of electricity is generated by renewables in 2050","Electrical and Machinery",1.0549,0.0533,1.1082,0.1695,"ENTC"," 95% of electricity is generated by renewables in 2050"
"7701","MAR",3003,"ENTC: 95% of electricity is generated by renewables in 2050","Electricity, Gas and Water",0.1646,0.0888,0.2534,0.0388,"ENTC"," 95% of electricity is generated by renewables in 2050"
"7702","MAR",3003,"ENTC: 95% of electricity is generated by renewables in 2050","Financial Intermediation and Business Activities",0.0765,0.4343,0.5109,0.0782,"ENTC"," 95% of electricity is generated by renewables in 2050"
"7703","MAR",3003,"ENTC: 95% of electricity is generated by renewables in 2050","Fishing",0,8e-04,8e-04,1e-04,"ENTC"," 95% of electricity is generated by renewables in 2050"
"7704","MAR",3003,"ENTC: 95% of electricity is generated by renewables in 2050","Food & Beverages",0,0.0026,0.0026,4e-04,"ENTC"," 95% of electricity is generated by renewables in 2050"
"7705","MAR",3003,"ENTC: 95% of electricity is generated by renewables in 2050","Hotels and Restaurants",0,0.0232,0.0232,0.0036,"ENTC"," 95% of electricity is generated by renewables in 2050"
"7706","MAR",3003,"ENTC: 95% of electricity is generated by renewables in 2050","Maintenance and Repair",0,0.0091,0.0091,0.0014,"ENTC"," 95% of electricity is generated by renewables in 2050"
"7707","MAR",3003,"ENTC: 95% of electricity is generated by renewables in 2050","Metal Products",0.2202,0.2105,0.4307,0.0659,"ENTC"," 95% of electricity is generated by renewables in 2050"
"7708","MAR",3003,"ENTC: 95% of electricity is generated by renewables in 2050","Mining and Quarrying",0.0175,0.0252,0.0426,0.0065,"ENTC"," 95% of electricity is generated by renewables in 2050"
"7709","MAR",3003,"ENTC: 95% of electricity is generated by renewables in 2050","Other Manufacturing",0,0.0256,0.0256,0.0039,"ENTC"," 95% of electricity is generated by renewables in 2050"
"7710","MAR",3003,"ENTC: 95% of electricity is generated by renewables in 2050","Others",0,0.0052,0.0052,8e-04,"ENTC"," 95% of electricity is generated by renewables in 2050"
"7711","MAR",3003,"ENTC: 95% of electricity is generated by renewables in 2050","Petroleum, Chemical and Non-Metallic Mineral Products",0.5586,0.1328,0.6913,0.1058,"ENTC"," 95% of electricity is generated by renewables in 2050"
"7712","MAR",3003,"ENTC: 95% of electricity is generated by renewables in 2050","Post and Telecommunications",0.5275,0.0845,0.612,0.0936,"ENTC"," 95% of electricity is generated by renewables in 2050"
"7713","MAR",3003,"ENTC: 95% of electricity is generated by renewables in 2050","Private Households",0,0,0,0,"ENTC"," 95% of electricity is generated by renewables in 2050"
"7714","MAR",3003,"ENTC: 95% of electricity is generated by renewables in 2050","Public Administration",0.065,0.0015,0.0664,0.0102,"ENTC"," 95% of electricity is generated by renewables in 2050"
"7715","MAR",3003,"ENTC: 95% of electricity is generated by renewables in 2050","Re-export & Re-import",0,0,0,0,"ENTC"," 95% of electricity is generated by renewables in 2050"
"7716","MAR",3003,"ENTC: 95% of electricity is generated by renewables in 2050","Recycling",0,0.0016,0.0016,2e-04,"ENTC"," 95% of electricity is generated by renewables in 2050"
"7717","MAR",3003,"ENTC: 95% of electricity is generated by renewables in 2050","Retail Trade",0,0.0854,0.0854,0.0131,"ENTC"," 95% of electricity is generated by renewables in 2050"
"7718","MAR",3003,"ENTC: 95% of electricity is generated by renewables in 2050","Textiles and Wearing Apparel",0,0.0012,0.0012,2e-04,"ENTC"," 95% of electricity is generated by renewables in 2050"
"7719","MAR",3003,"ENTC: 95% of electricity is generated by renewables in 2050","Transport",0.302,0.1305,0.4325,0.0662,"ENTC"," 95% of electricity is generated by renewables in 2050"
"7720","MAR",3003,"ENTC: 95% of electricity is generated by renewables in 2050","Transport Equipment",0,0.0281,0.0281,0.0043,"ENTC"," 95% of electricity is generated by renewables in 2050"
"7721","MAR",3003,"ENTC: 95% of electricity is generated by renewables in 2050","Wholesale Trade",0,0.3616,0.3616,0.0553,"ENTC"," 95% of electricity is generated by renewables in 2050"
"7722","MAR",3003,"ENTC: 95% of electricity is generated by renewables in 2050","Wood and Paper",0,0.1029,0.1029,0.0157,"ENTC"," 95% of electricity is generated by renewables in 2050"
"7723","MAR",3005,"ENTC: Reduce transmission losses","Agriculture",0,0.026,0.026,0.0033,"ENTC"," Reduce transmission losses"
"7724","MAR",3005,"ENTC: Reduce transmission losses","Construction",1.541,0.0461,1.5871,0.2024,"ENTC"," Reduce transmission losses"
"7725","MAR",3005,"ENTC: Reduce transmission losses","Education, Health and Other Services",0,0.0272,0.0272,0.0035,"ENTC"," Reduce transmission losses"
"7726","MAR",3005,"ENTC: Reduce transmission losses","Electrical and Machinery",3.4399,0.0446,3.4846,0.4443,"ENTC"," Reduce transmission losses"
"7727","MAR",3005,"ENTC: Reduce transmission losses","Electricity, Gas and Water",0,0.0997,0.0997,0.0127,"ENTC"," Reduce transmission losses"
"7728","MAR",3005,"ENTC: Reduce transmission losses","Financial Intermediation and Business Activities",0,0.5467,0.5467,0.0697,"ENTC"," Reduce transmission losses"
"7729","MAR",3005,"ENTC: Reduce transmission losses","Fishing",0,6e-04,6e-04,1e-04,"ENTC"," Reduce transmission losses"
"7730","MAR",3005,"ENTC: Reduce transmission losses","Food & Beverages",0,0.0013,0.0013,2e-04,"ENTC"," Reduce transmission losses"
"7731","MAR",3005,"ENTC: Reduce transmission losses","Hotels and Restaurants",0,0.025,0.025,0.0032,"ENTC"," Reduce transmission losses"
"7732","MAR",3005,"ENTC: Reduce transmission losses","Maintenance and Repair",0,0.0147,0.0147,0.0019,"ENTC"," Reduce transmission losses"
"7733","MAR",3005,"ENTC: Reduce transmission losses","Metal Products",0,0.4928,0.4928,0.0628,"ENTC"," Reduce transmission losses"
"7734","MAR",3005,"ENTC: Reduce transmission losses","Mining and Quarrying",0,0.0125,0.0125,0.0016,"ENTC"," Reduce transmission losses"
"7735","MAR",3005,"ENTC: Reduce transmission losses","Other Manufacturing",0,0.0408,0.0408,0.0052,"ENTC"," Reduce transmission losses"
"7736","MAR",3005,"ENTC: Reduce transmission losses","Others",0,0.008,0.008,0.001,"ENTC"," Reduce transmission losses"
"7737","MAR",3005,"ENTC: Reduce transmission losses","Petroleum, Chemical and Non-Metallic Mineral Products",0,0.2454,0.2454,0.0313,"ENTC"," Reduce transmission losses"
"7738","MAR",3005,"ENTC: Reduce transmission losses","Post and Telecommunications",0,0.138,0.138,0.0176,"ENTC"," Reduce transmission losses"
"7739","MAR",3005,"ENTC: Reduce transmission losses","Private Households",0,0,0,0,"ENTC"," Reduce transmission losses"
"7740","MAR",3005,"ENTC: Reduce transmission losses","Public Administration",0,0.0017,0.0017,2e-04,"ENTC"," Reduce transmission losses"
"7741","MAR",3005,"ENTC: Reduce transmission losses","Re-export & Re-import",0,0,0,0,"ENTC"," Reduce transmission losses"
"7742","MAR",3005,"ENTC: Reduce transmission losses","Recycling",0,0.0015,0.0015,2e-04,"ENTC"," Reduce transmission losses"
"7743","MAR",3005,"ENTC: Reduce transmission losses","Retail Trade",0,0.1205,0.1205,0.0154,"ENTC"," Reduce transmission losses"
"7744","MAR",3005,"ENTC: Reduce transmission losses","Textiles and Wearing Apparel",0,0.0019,0.0019,2e-04,"ENTC"," Reduce transmission losses"
"7745","MAR",3005,"ENTC: Reduce transmission losses","Transport",0,0.1559,0.1559,0.0199,"ENTC"," Reduce transmission losses"
"7746","MAR",3005,"ENTC: Reduce transmission losses","Transport Equipment",0,0.0586,0.0586,0.0075,"ENTC"," Reduce transmission losses"
"7747","MAR",3005,"ENTC: Reduce transmission losses","Wholesale Trade",0,0.6172,0.6172,0.0787,"ENTC"," Reduce transmission losses"
"7748","MAR",3005,"ENTC: Reduce transmission losses","Wood and Paper",0,0.1349,0.1349,0.0172,"ENTC"," Reduce transmission losses"
"7749","MAR",3006,"ENTC: Reduce transmission losses with renewable energy production","Agriculture",0.1297,0.0242,0.1539,0.0214,"ENTC"," Reduce transmission losses with renewable energy production"
"7750","MAR",3006,"ENTC: Reduce transmission losses with renewable energy production","Construction",1.2945,0.0515,1.346,0.1874,"ENTC"," Reduce transmission losses with renewable energy production"
"7751","MAR",3006,"ENTC: Reduce transmission losses with renewable energy production","Education, Health and Other Services",0.1076,0.0291,0.1367,0.019,"ENTC"," Reduce transmission losses with renewable energy production"
"7752","MAR",3006,"ENTC: Reduce transmission losses with renewable energy production","Electrical and Machinery",2.2933,0.0484,2.3417,0.3261,"ENTC"," Reduce transmission losses with renewable energy production"
"7753","MAR",3006,"ENTC: Reduce transmission losses with renewable energy production","Electricity, Gas and Water",0.0823,0.095,0.1773,0.0247,"ENTC"," Reduce transmission losses with renewable energy production"
"7754","MAR",3006,"ENTC: Reduce transmission losses with renewable energy production","Financial Intermediation and Business Activities",0.0383,0.4936,0.5319,0.0741,"ENTC"," Reduce transmission losses with renewable energy production"
"7755","MAR",3006,"ENTC: Reduce transmission losses with renewable energy production","Fishing",0,7e-04,7e-04,1e-04,"ENTC"," Reduce transmission losses with renewable energy production"
"7756","MAR",3006,"ENTC: Reduce transmission losses with renewable energy production","Food & Beverages",0,0.0019,0.0019,3e-04,"ENTC"," Reduce transmission losses with renewable energy production"
"7757","MAR",3006,"ENTC: Reduce transmission losses with renewable energy production","Hotels and Restaurants",0,0.0242,0.0242,0.0034,"ENTC"," Reduce transmission losses with renewable energy production"
"7758","MAR",3006,"ENTC: Reduce transmission losses with renewable energy production","Maintenance and Repair",0,0.012,0.012,0.0017,"ENTC"," Reduce transmission losses with renewable energy production"
"7759","MAR",3006,"ENTC: Reduce transmission losses with renewable energy production","Metal Products",0.1101,0.3567,0.4668,0.065,"ENTC"," Reduce transmission losses with renewable energy production"
"7760","MAR",3006,"ENTC: Reduce transmission losses with renewable energy production","Mining and Quarrying",0,0.0189,0.0189,0.0026,"ENTC"," Reduce transmission losses with renewable energy production"
"7761","MAR",3006,"ENTC: Reduce transmission losses with renewable energy production","Other Manufacturing",0,0.0334,0.0334,0.0047,"ENTC"," Reduce transmission losses with renewable energy production"
"7762","MAR",3006,"ENTC: Reduce transmission losses with renewable energy production","Others",0,0.0067,0.0067,9e-04,"ENTC"," Reduce transmission losses with renewable energy production"
"7763","MAR",3006,"ENTC: Reduce transmission losses with renewable energy production","Petroleum, Chemical and Non-Metallic Mineral Products",0.2793,0.1909,0.4702,0.0655,"ENTC"," Reduce transmission losses with renewable energy production"
"7764","MAR",3006,"ENTC: Reduce transmission losses with renewable energy production","Post and Telecommunications",0.2638,0.112,0.3758,0.0523,"ENTC"," Reduce transmission losses with renewable energy production"
"7765","MAR",3006,"ENTC: Reduce transmission losses with renewable energy production","Private Households",0,0,0,0,"ENTC"," Reduce transmission losses with renewable energy production"
"7766","MAR",3006,"ENTC: Reduce transmission losses with renewable energy production","Public Administration",0,0.0016,0.0016,2e-04,"ENTC"," Reduce transmission losses with renewable energy production"
"7767","MAR",3006,"ENTC: Reduce transmission losses with renewable energy production","Re-export & Re-import",0,0,0,0,"ENTC"," Reduce transmission losses with renewable energy production"
"7768","MAR",3006,"ENTC: Reduce transmission losses with renewable energy production","Recycling",0,0.0015,0.0015,2e-04,"ENTC"," Reduce transmission losses with renewable energy production"
"7769","MAR",3006,"ENTC: Reduce transmission losses with renewable energy production","Retail Trade",0,0.1034,0.1034,0.0144,"ENTC"," Reduce transmission losses with renewable energy production"
"7770","MAR",3006,"ENTC: Reduce transmission losses with renewable energy production","Textiles and Wearing Apparel",0,0.0016,0.0016,2e-04,"ENTC"," Reduce transmission losses with renewable energy production"
"7771","MAR",3006,"ENTC: Reduce transmission losses with renewable energy production","Transport",0.1726,0.144,0.3165,0.0441,"ENTC"," Reduce transmission losses with renewable energy production"
"7772","MAR",3006,"ENTC: Reduce transmission losses with renewable energy production","Transport Equipment",0,0.0437,0.0437,0.0061,"ENTC"," Reduce transmission losses with renewable energy production"
"7773","MAR",3006,"ENTC: Reduce transmission losses with renewable energy production","Wholesale Trade",0,0.4951,0.4951,0.0689,"ENTC"," Reduce transmission losses with renewable energy production"
"7774","MAR",3006,"ENTC: Reduce transmission losses with renewable energy production","Wood and Paper",0,0.1194,0.1194,0.0166,"ENTC"," Reduce transmission losses with renewable energy production"
"7775","MAR",3009,"FGTV: Maximize flaring","Agriculture",0,0.0216,0.0216,0.0032,"FGTV"," Maximize flaring"
"7776","MAR",3009,"FGTV: Maximize flaring","Construction",1.2328,0.0947,1.3276,0.1954,"FGTV"," Maximize flaring"
"7777","MAR",3009,"FGTV: Maximize flaring","Education, Health and Other Services",0,0.0299,0.0299,0.0044,"FGTV"," Maximize flaring"
"7778","MAR",3009,"FGTV: Maximize flaring","Electrical and Machinery",2.2933,0.0465,2.3398,0.3444,"FGTV"," Maximize flaring"
"7779","MAR",3009,"FGTV: Maximize flaring","Electricity, Gas and Water",0.8229,0.0691,0.8919,0.1313,"FGTV"," Maximize flaring"
"7780","MAR",3009,"FGTV: Maximize flaring","Financial Intermediation and Business Activities",0,0.4948,0.4948,0.0728,"FGTV"," Maximize flaring"
"7781","MAR",3009,"FGTV: Maximize flaring","Fishing",0,6e-04,6e-04,1e-04,"FGTV"," Maximize flaring"
"7782","MAR",3009,"FGTV: Maximize flaring","Food & Beverages",0,0.0013,0.0013,2e-04,"FGTV"," Maximize flaring"
"7783","MAR",3009,"FGTV: Maximize flaring","Hotels and Restaurants",0,0.0305,0.0305,0.0045,"FGTV"," Maximize flaring"
"7784","MAR",3009,"FGTV: Maximize flaring","Maintenance and Repair",0,0.0112,0.0112,0.0016,"FGTV"," Maximize flaring"
"7785","MAR",3009,"FGTV: Maximize flaring","Metal Products",0,0.3509,0.3509,0.0516,"FGTV"," Maximize flaring"
"7786","MAR",3009,"FGTV: Maximize flaring","Mining and Quarrying",0,0.0422,0.0422,0.0062,"FGTV"," Maximize flaring"
"7787","MAR",3009,"FGTV: Maximize flaring","Other Manufacturing",0,0.033,0.033,0.0049,"FGTV"," Maximize flaring"
"7788","MAR",3009,"FGTV: Maximize flaring","Others",0,0.007,0.007,0.001,"FGTV"," Maximize flaring"
"7789","MAR",3009,"FGTV: Maximize flaring","Petroleum, Chemical and Non-Metallic Mineral Products",0,0.1984,0.1984,0.0292,"FGTV"," Maximize flaring"
"7790","MAR",3009,"FGTV: Maximize flaring","Post and Telecommunications",0,0.1159,0.1159,0.0171,"FGTV"," Maximize flaring"
"7791","MAR",3009,"FGTV: Maximize flaring","Private Households",0,0,0,0,"FGTV"," Maximize flaring"
"7792","MAR",3009,"FGTV: Maximize flaring","Public Administration",0,0.0014,0.0014,2e-04,"FGTV"," Maximize flaring"
"7793","MAR",3009,"FGTV: Maximize flaring","Re-export & Re-import",0,0,0,0,"FGTV"," Maximize flaring"
"7794","MAR",3009,"FGTV: Maximize flaring","Recycling",0,0.0018,0.0018,3e-04,"FGTV"," Maximize flaring"
"7795","MAR",3009,"FGTV: Maximize flaring","Retail Trade",0,0.0986,0.0986,0.0145,"FGTV"," Maximize flaring"
"7796","MAR",3009,"FGTV: Maximize flaring","Textiles and Wearing Apparel",0,0.0015,0.0015,2e-04,"FGTV"," Maximize flaring"
"7797","MAR",3009,"FGTV: Maximize flaring","Transport",0,0.1814,0.1814,0.0267,"FGTV"," Maximize flaring"
"7798","MAR",3009,"FGTV: Maximize flaring","Transport Equipment",0,0.0421,0.0421,0.0062,"FGTV"," Maximize flaring"
"7799","MAR",3009,"FGTV: Maximize flaring","Wholesale Trade",0,0.463,0.463,0.0681,"FGTV"," Maximize flaring"
"7800","MAR",3009,"FGTV: Maximize flaring","Wood and Paper",0,0.1072,0.1072,0.0158,"FGTV"," Maximize flaring"
"7801","MAR",3010,"FGTV: Maximize flaring with renewable energy production","Agriculture",0.0649,0.0259,0.0907,0.0121,"FGTV"," Maximize flaring with renewable energy production"
"7802","MAR",3010,"FGTV: Maximize flaring with renewable energy production","Construction",1.541,0.0481,1.5892,0.2111,"FGTV"," Maximize flaring with renewable energy production"
"7803","MAR",3010,"FGTV: Maximize flaring with renewable energy production","Education, Health and Other Services",0.1076,0.0287,0.1363,0.0181,"FGTV"," Maximize flaring with renewable energy production"
"7804","MAR",3010,"FGTV: Maximize flaring with renewable energy production","Electrical and Machinery",2.6602,0.0509,2.7111,0.3602,"FGTV"," Maximize flaring with renewable energy production"
"7805","MAR",3010,"FGTV: Maximize flaring with renewable energy production","Electricity, Gas and Water",0.0549,0.0954,0.1502,0.02,"FGTV"," Maximize flaring with renewable energy production"
"7806","MAR",3010,"FGTV: Maximize flaring with renewable energy production","Financial Intermediation and Business Activities",0.0383,0.5148,0.553,0.0735,"FGTV"," Maximize flaring with renewable energy production"
"7807","MAR",3010,"FGTV: Maximize flaring with renewable energy production","Fishing",0,7e-04,7e-04,1e-04,"FGTV"," Maximize flaring with renewable energy production"
"7808","MAR",3010,"FGTV: Maximize flaring with renewable energy production","Food & Beverages",0,0.0016,0.0016,2e-04,"FGTV"," Maximize flaring with renewable energy production"
"7809","MAR",3010,"FGTV: Maximize flaring with renewable energy production","Hotels and Restaurants",0,0.0246,0.0246,0.0033,"FGTV"," Maximize flaring with renewable energy production"
"7810","MAR",3010,"FGTV: Maximize flaring with renewable energy production","Maintenance and Repair",0,0.0132,0.0132,0.0018,"FGTV"," Maximize flaring with renewable energy production"
"7811","MAR",3010,"FGTV: Maximize flaring with renewable energy production","Metal Products",0.055,0.4096,0.4646,0.0617,"FGTV"," Maximize flaring with renewable energy production"
"7812","MAR",3010,"FGTV: Maximize flaring with renewable energy production","Mining and Quarrying",0,0.0165,0.0165,0.0022,"FGTV"," Maximize flaring with renewable energy production"
"7813","MAR",3010,"FGTV: Maximize flaring with renewable energy production","Other Manufacturing",0,0.0377,0.0377,0.005,"FGTV"," Maximize flaring with renewable energy production"
"7814","MAR",3010,"FGTV: Maximize flaring with renewable energy production","Others",0,0.0071,0.0071,9e-04,"FGTV"," Maximize flaring with renewable energy production"
"7815","MAR",3010,"FGTV: Maximize flaring with renewable energy production","Petroleum, Chemical and Non-Metallic Mineral Products",0.1552,0.2163,0.3715,0.0494,"FGTV"," Maximize flaring with renewable energy production"
"7816","MAR",3010,"FGTV: Maximize flaring with renewable energy production","Post and Telecommunications",0.1583,0.1224,0.2807,0.0373,"FGTV"," Maximize flaring with renewable energy production"
"7817","MAR",3010,"FGTV: Maximize flaring with renewable energy production","Private Households",0,0,0,0,"FGTV"," Maximize flaring with renewable energy production"
"7818","MAR",3010,"FGTV: Maximize flaring with renewable energy production","Public Administration",0,0.0016,0.0016,2e-04,"FGTV"," Maximize flaring with renewable energy production"
"7819","MAR",3010,"FGTV: Maximize flaring with renewable energy production","Re-export & Re-import",0,0,0,0,"FGTV"," Maximize flaring with renewable energy production"
"7820","MAR",3010,"FGTV: Maximize flaring with renewable energy production","Recycling",0,0.0015,0.0015,2e-04,"FGTV"," Maximize flaring with renewable energy production"
"7821","MAR",3010,"FGTV: Maximize flaring with renewable energy production","Retail Trade",0,0.1173,0.1173,0.0156,"FGTV"," Maximize flaring with renewable energy production"
"7822","MAR",3010,"FGTV: Maximize flaring with renewable energy production","Textiles and Wearing Apparel",0,0.0017,0.0017,2e-04,"FGTV"," Maximize flaring with renewable energy production"
"7823","MAR",3010,"FGTV: Maximize flaring with renewable energy production","Transport",0.0863,0.1504,0.2367,0.0314,"FGTV"," Maximize flaring with renewable energy production"
"7824","MAR",3010,"FGTV: Maximize flaring with renewable energy production","Transport Equipment",0,0.0494,0.0494,0.0066,"FGTV"," Maximize flaring with renewable energy production"
"7825","MAR",3010,"FGTV: Maximize flaring with renewable energy production","Wholesale Trade",0,0.5405,0.5405,0.0718,"FGTV"," Maximize flaring with renewable energy production"
"7826","MAR",3010,"FGTV: Maximize flaring with renewable energy production","Wood and Paper",0,0.129,0.129,0.0171,"FGTV"," Maximize flaring with renewable energy production"
"7827","MAR",3011,"FGTV: Minimize leaks","Agriculture",0,0.0281,0.0281,0.0035,"FGTV"," Minimize leaks"
"7828","MAR",3011,"FGTV: Minimize leaks","Construction",1.8492,0.043,1.8922,0.238,"FGTV"," Minimize leaks"
"7829","MAR",3011,"FGTV: Minimize leaks","Education, Health and Other Services",0,0.0277,0.0277,0.0035,"FGTV"," Minimize leaks"
"7830","MAR",3011,"FGTV: Minimize leaks","Electrical and Machinery",3.2106,0.0535,3.2641,0.4105,"FGTV"," Minimize leaks"
"7831","MAR",3011,"FGTV: Minimize leaks","Electricity, Gas and Water",0,0.0983,0.0983,0.0124,"FGTV"," Minimize leaks"
"7832","MAR",3011,"FGTV: Minimize leaks","Financial Intermediation and Business Activities",0,0.5486,0.5486,0.069,"FGTV"," Minimize leaks"
"7833","MAR",3011,"FGTV: Minimize leaks","Fishing",0,6e-04,6e-04,1e-04,"FGTV"," Minimize leaks"
"7834","MAR",3011,"FGTV: Minimize leaks","Food & Beverages",0,0.0013,0.0013,2e-04,"FGTV"," Minimize leaks"
"7835","MAR",3011,"FGTV: Minimize leaks","Hotels and Restaurants",0,0.0251,0.0251,0.0032,"FGTV"," Minimize leaks"
"7836","MAR",3011,"FGTV: Minimize leaks","Maintenance and Repair",0,0.0149,0.0149,0.0019,"FGTV"," Minimize leaks"
"7837","MAR",3011,"FGTV: Minimize leaks","Metal Products",0,0.4857,0.4857,0.0611,"FGTV"," Minimize leaks"
"7838","MAR",3011,"FGTV: Minimize leaks","Mining and Quarrying",0,0.013,0.013,0.0016,"FGTV"," Minimize leaks"
"7839","MAR",3011,"FGTV: Minimize leaks","Other Manufacturing",0,0.0435,0.0435,0.0055,"FGTV"," Minimize leaks"
"7840","MAR",3011,"FGTV: Minimize leaks","Others",0,0.0079,0.0079,0.001,"FGTV"," Minimize leaks"
"7841","MAR",3011,"FGTV: Minimize leaks","Petroleum, Chemical and Non-Metallic Mineral Products",0,0.2521,0.2521,0.0317,"FGTV"," Minimize leaks"
"7842","MAR",3011,"FGTV: Minimize leaks","Post and Telecommunications",0,0.1376,0.1376,0.0173,"FGTV"," Minimize leaks"
"7843","MAR",3011,"FGTV: Minimize leaks","Private Households",0,0,0,0,"FGTV"," Minimize leaks"
"7844","MAR",3011,"FGTV: Minimize leaks","Public Administration",0,0.0017,0.0017,2e-04,"FGTV"," Minimize leaks"
"7845","MAR",3011,"FGTV: Minimize leaks","Re-export & Re-import",0,0,0,0,"FGTV"," Minimize leaks"
"7846","MAR",3011,"FGTV: Minimize leaks","Recycling",0,0.0015,0.0015,2e-04,"FGTV"," Minimize leaks"
"7847","MAR",3011,"FGTV: Minimize leaks","Retail Trade",0,0.1354,0.1354,0.017,"FGTV"," Minimize leaks"
"7848","MAR",3011,"FGTV: Minimize leaks","Textiles and Wearing Apparel",0,0.0019,0.0019,2e-04,"FGTV"," Minimize leaks"
"7849","MAR",3011,"FGTV: Minimize leaks","Transport",0,0.1594,0.1594,0.0201,"FGTV"," Minimize leaks"
"7850","MAR",3011,"FGTV: Minimize leaks","Transport Equipment",0,0.0577,0.0577,0.0073,"FGTV"," Minimize leaks"
"7851","MAR",3011,"FGTV: Minimize leaks","Wholesale Trade",0,0.6101,0.6101,0.0767,"FGTV"," Minimize leaks"
"7852","MAR",3011,"FGTV: Minimize leaks","Wood and Paper",0,0.1422,0.1422,0.0179,"FGTV"," Minimize leaks"
"7853","MAR",3012,"FGTV: Minimize leaks with renewable energy production","Agriculture",0.0649,0.0259,0.0907,0.0121,"FGTV"," Minimize leaks with renewable energy production"
"7854","MAR",3012,"FGTV: Minimize leaks with renewable energy production","Construction",1.541,0.0481,1.5892,0.2111,"FGTV"," Minimize leaks with renewable energy production"
"7855","MAR",3012,"FGTV: Minimize leaks with renewable energy production","Education, Health and Other Services",0.1076,0.0287,0.1363,0.0181,"FGTV"," Minimize leaks with renewable energy production"
"7856","MAR",3012,"FGTV: Minimize leaks with renewable energy production","Electrical and Machinery",2.6602,0.0509,2.7111,0.3602,"FGTV"," Minimize leaks with renewable energy production"
"7857","MAR",3012,"FGTV: Minimize leaks with renewable energy production","Electricity, Gas and Water",0.0549,0.0954,0.1502,0.02,"FGTV"," Minimize leaks with renewable energy production"
"7858","MAR",3012,"FGTV: Minimize leaks with renewable energy production","Financial Intermediation and Business Activities",0.0383,0.5148,0.553,0.0735,"FGTV"," Minimize leaks with renewable energy production"
"7859","MAR",3012,"FGTV: Minimize leaks with renewable energy production","Fishing",0,7e-04,7e-04,1e-04,"FGTV"," Minimize leaks with renewable energy production"
"7860","MAR",3012,"FGTV: Minimize leaks with renewable energy production","Food & Beverages",0,0.0016,0.0016,2e-04,"FGTV"," Minimize leaks with renewable energy production"
"7861","MAR",3012,"FGTV: Minimize leaks with renewable energy production","Hotels and Restaurants",0,0.0246,0.0246,0.0033,"FGTV"," Minimize leaks with renewable energy production"
"7862","MAR",3012,"FGTV: Minimize leaks with renewable energy production","Maintenance and Repair",0,0.0132,0.0132,0.0018,"FGTV"," Minimize leaks with renewable energy production"
"7863","MAR",3012,"FGTV: Minimize leaks with renewable energy production","Metal Products",0.055,0.4096,0.4646,0.0617,"FGTV"," Minimize leaks with renewable energy production"
"7864","MAR",3012,"FGTV: Minimize leaks with renewable energy production","Mining and Quarrying",0,0.0165,0.0165,0.0022,"FGTV"," Minimize leaks with renewable energy production"
"7865","MAR",3012,"FGTV: Minimize leaks with renewable energy production","Other Manufacturing",0,0.0377,0.0377,0.005,"FGTV"," Minimize leaks with renewable energy production"
"7866","MAR",3012,"FGTV: Minimize leaks with renewable energy production","Others",0,0.0071,0.0071,9e-04,"FGTV"," Minimize leaks with renewable energy production"
"7867","MAR",3012,"FGTV: Minimize leaks with renewable energy production","Petroleum, Chemical and Non-Metallic Mineral Products",0.1552,0.2163,0.3715,0.0494,"FGTV"," Minimize leaks with renewable energy production"
"7868","MAR",3012,"FGTV: Minimize leaks with renewable energy production","Post and Telecommunications",0.1583,0.1224,0.2807,0.0373,"FGTV"," Minimize leaks with renewable energy production"
"7869","MAR",3012,"FGTV: Minimize leaks with renewable energy production","Private Households",0,0,0,0,"FGTV"," Minimize leaks with renewable energy production"
"7870","MAR",3012,"FGTV: Minimize leaks with renewable energy production","Public Administration",0,0.0016,0.0016,2e-04,"FGTV"," Minimize leaks with renewable energy production"
"7871","MAR",3012,"FGTV: Minimize leaks with renewable energy production","Re-export & Re-import",0,0,0,0,"FGTV"," Minimize leaks with renewable energy production"
"7872","MAR",3012,"FGTV: Minimize leaks with renewable energy production","Recycling",0,0.0015,0.0015,2e-04,"FGTV"," Minimize leaks with renewable energy production"
"7873","MAR",3012,"FGTV: Minimize leaks with renewable energy production","Retail Trade",0,0.1173,0.1173,0.0156,"FGTV"," Minimize leaks with renewable energy production"
"7874","MAR",3012,"FGTV: Minimize leaks with renewable energy production","Textiles and Wearing Apparel",0,0.0017,0.0017,2e-04,"FGTV"," Minimize leaks with renewable energy production"
"7875","MAR",3012,"FGTV: Minimize leaks with renewable energy production","Transport",0.0863,0.1504,0.2367,0.0314,"FGTV"," Minimize leaks with renewable energy production"
"7876","MAR",3012,"FGTV: Minimize leaks with renewable energy production","Transport Equipment",0,0.0494,0.0494,0.0066,"FGTV"," Minimize leaks with renewable energy production"
"7877","MAR",3012,"FGTV: Minimize leaks with renewable energy production","Wholesale Trade",0,0.5405,0.5405,0.0718,"FGTV"," Minimize leaks with renewable energy production"
"7878","MAR",3012,"FGTV: Minimize leaks with renewable energy production","Wood and Paper",0,0.129,0.129,0.0171,"FGTV"," Minimize leaks with renewable energy production"
"7879","MAR",3015,"INEN: Fuel switch low-temp thermal processes to industrial heat pumps","Agriculture",0,0.0495,0.0495,0.0067,"INEN"," Fuel switch low-temp thermal processes to industrial heat pumps"
"7880","MAR",3015,"INEN: Fuel switch low-temp thermal processes to industrial heat pumps","Construction",1.4794,0.0483,1.5277,0.2054,"INEN"," Fuel switch low-temp thermal processes to industrial heat pumps"
"7881","MAR",3015,"INEN: Fuel switch low-temp thermal processes to industrial heat pumps","Education, Health and Other Services",0,0.0305,0.0305,0.0041,"INEN"," Fuel switch low-temp thermal processes to industrial heat pumps"
"7882","MAR",3015,"INEN: Fuel switch low-temp thermal processes to industrial heat pumps","Electrical and Machinery",2.064,0.0669,2.1309,0.2865,"INEN"," Fuel switch low-temp thermal processes to industrial heat pumps"
"7883","MAR",3015,"INEN: Fuel switch low-temp thermal processes to industrial heat pumps","Electricity, Gas and Water",0,0.1056,0.1056,0.0142,"INEN"," Fuel switch low-temp thermal processes to industrial heat pumps"
"7884","MAR",3015,"INEN: Fuel switch low-temp thermal processes to industrial heat pumps","Financial Intermediation and Business Activities",0,0.5116,0.5116,0.0688,"INEN"," Fuel switch low-temp thermal processes to industrial heat pumps"
"7885","MAR",3015,"INEN: Fuel switch low-temp thermal processes to industrial heat pumps","Fishing",0,0.0028,0.0028,4e-04,"INEN"," Fuel switch low-temp thermal processes to industrial heat pumps"
"7886","MAR",3015,"INEN: Fuel switch low-temp thermal processes to industrial heat pumps","Food & Beverages",0.0129,0.0016,0.0145,0.0019,"INEN"," Fuel switch low-temp thermal processes to industrial heat pumps"
"7887","MAR",3015,"INEN: Fuel switch low-temp thermal processes to industrial heat pumps","Hotels and Restaurants",0,0.025,0.025,0.0034,"INEN"," Fuel switch low-temp thermal processes to industrial heat pumps"
"7888","MAR",3015,"INEN: Fuel switch low-temp thermal processes to industrial heat pumps","Maintenance and Repair",0,0.013,0.013,0.0017,"INEN"," Fuel switch low-temp thermal processes to industrial heat pumps"
"7889","MAR",3015,"INEN: Fuel switch low-temp thermal processes to industrial heat pumps","Metal Products",0.3853,0.3495,0.7348,0.0988,"INEN"," Fuel switch low-temp thermal processes to industrial heat pumps"
"7890","MAR",3015,"INEN: Fuel switch low-temp thermal processes to industrial heat pumps","Mining and Quarrying",0,0.0166,0.0166,0.0022,"INEN"," Fuel switch low-temp thermal processes to industrial heat pumps"
"7891","MAR",3015,"INEN: Fuel switch low-temp thermal processes to industrial heat pumps","Other Manufacturing",0.0423,0.0374,0.0797,0.0107,"INEN"," Fuel switch low-temp thermal processes to industrial heat pumps"
"7892","MAR",3015,"INEN: Fuel switch low-temp thermal processes to industrial heat pumps","Others",0,0.0073,0.0073,0.001,"INEN"," Fuel switch low-temp thermal processes to industrial heat pumps"
"7893","MAR",3015,"INEN: Fuel switch low-temp thermal processes to industrial heat pumps","Petroleum, Chemical and Non-Metallic Mineral Products",0.2172,0.2108,0.428,0.0575,"INEN"," Fuel switch low-temp thermal processes to industrial heat pumps"
"7894","MAR",3015,"INEN: Fuel switch low-temp thermal processes to industrial heat pumps","Post and Telecommunications",0.3165,0.1145,0.431,0.0579,"INEN"," Fuel switch low-temp thermal processes to industrial heat pumps"
"7895","MAR",3015,"INEN: Fuel switch low-temp thermal processes to industrial heat pumps","Private Households",0,0,0,0,"INEN"," Fuel switch low-temp thermal processes to industrial heat pumps"
"7896","MAR",3015,"INEN: Fuel switch low-temp thermal processes to industrial heat pumps","Public Administration",0,0.0017,0.0017,2e-04,"INEN"," Fuel switch low-temp thermal processes to industrial heat pumps"
"7897","MAR",3015,"INEN: Fuel switch low-temp thermal processes to industrial heat pumps","Re-export & Re-import",0,0,0,0,"INEN"," Fuel switch low-temp thermal processes to industrial heat pumps"
"7898","MAR",3015,"INEN: Fuel switch low-temp thermal processes to industrial heat pumps","Recycling",0,0.0021,0.0021,3e-04,"INEN"," Fuel switch low-temp thermal processes to industrial heat pumps"
"7899","MAR",3015,"INEN: Fuel switch low-temp thermal processes to industrial heat pumps","Retail Trade",0,0.1153,0.1153,0.0155,"INEN"," Fuel switch low-temp thermal processes to industrial heat pumps"
"7900","MAR",3015,"INEN: Fuel switch low-temp thermal processes to industrial heat pumps","Textiles and Wearing Apparel",0.022,0.0016,0.0236,0.0032,"INEN"," Fuel switch low-temp thermal processes to industrial heat pumps"
"7901","MAR",3015,"INEN: Fuel switch low-temp thermal processes to industrial heat pumps","Transport",0.2588,0.1506,0.4094,0.055,"INEN"," Fuel switch low-temp thermal processes to industrial heat pumps"
"7902","MAR",3015,"INEN: Fuel switch low-temp thermal processes to industrial heat pumps","Transport Equipment",0.0343,0.0433,0.0777,0.0104,"INEN"," Fuel switch low-temp thermal processes to industrial heat pumps"
"7903","MAR",3015,"INEN: Fuel switch low-temp thermal processes to industrial heat pumps","Wholesale Trade",0,0.5183,0.5183,0.0697,"INEN"," Fuel switch low-temp thermal processes to industrial heat pumps"
"7904","MAR",3015,"INEN: Fuel switch low-temp thermal processes to industrial heat pumps","Wood and Paper",0.0474,0.134,0.1814,0.0244,"INEN"," Fuel switch low-temp thermal processes to industrial heat pumps"
"7905","MAR",3016,"INEN: Fuel switch low-temp thermal processes to industrial heat pumps with renewable energy production","Agriculture",0.1297,0.0485,0.1783,0.025,"INEN"," Fuel switch low-temp thermal processes to industrial heat pumps with renewable energy production"
"7906","MAR",3016,"INEN: Fuel switch low-temp thermal processes to industrial heat pumps with renewable energy production","Construction",1.3561,0.0515,1.4076,0.1972,"INEN"," Fuel switch low-temp thermal processes to industrial heat pumps with renewable energy production"
"7907","MAR",3016,"INEN: Fuel switch low-temp thermal processes to industrial heat pumps with renewable energy production","Education, Health and Other Services",0.1076,0.0294,0.1371,0.0192,"INEN"," Fuel switch low-temp thermal processes to industrial heat pumps with renewable energy production"
"7908","MAR",3016,"INEN: Fuel switch low-temp thermal processes to industrial heat pumps with renewable energy production","Electrical and Machinery",1.9264,0.0615,1.9878,0.2785,"INEN"," Fuel switch low-temp thermal processes to industrial heat pumps with renewable energy production"
"7909","MAR",3016,"INEN: Fuel switch low-temp thermal processes to industrial heat pumps with renewable energy production","Electricity, Gas and Water",0.0823,0.098,0.1803,0.0253,"INEN"," Fuel switch low-temp thermal processes to industrial heat pumps with renewable energy production"
"7910","MAR",3016,"INEN: Fuel switch low-temp thermal processes to industrial heat pumps with renewable energy production","Financial Intermediation and Business Activities",0.0383,0.4876,0.5259,0.0737,"INEN"," Fuel switch low-temp thermal processes to industrial heat pumps with renewable energy production"
"7911","MAR",3016,"INEN: Fuel switch low-temp thermal processes to industrial heat pumps with renewable energy production","Fishing",0,0.0029,0.0029,4e-04,"INEN"," Fuel switch low-temp thermal processes to industrial heat pumps with renewable energy production"
"7912","MAR",3016,"INEN: Fuel switch low-temp thermal processes to industrial heat pumps with renewable energy production","Food & Beverages",0.0129,0.0021,0.015,0.0021,"INEN"," Fuel switch low-temp thermal processes to industrial heat pumps with renewable energy production"
"7913","MAR",3016,"INEN: Fuel switch low-temp thermal processes to industrial heat pumps with renewable energy production","Hotels and Restaurants",0,0.0244,0.0244,0.0034,"INEN"," Fuel switch low-temp thermal processes to industrial heat pumps with renewable energy production"
"7914","MAR",3016,"INEN: Fuel switch low-temp thermal processes to industrial heat pumps with renewable energy production","Maintenance and Repair",0,0.0122,0.0122,0.0017,"INEN"," Fuel switch low-temp thermal processes to industrial heat pumps with renewable energy production"
"7915","MAR",3016,"INEN: Fuel switch low-temp thermal processes to industrial heat pumps with renewable energy production","Metal Products",0.1651,0.3296,0.4947,0.0693,"INEN"," Fuel switch low-temp thermal processes to industrial heat pumps with renewable energy production"
"7916","MAR",3016,"INEN: Fuel switch low-temp thermal processes to industrial heat pumps with renewable energy production","Mining and Quarrying",0,0.0198,0.0198,0.0028,"INEN"," Fuel switch low-temp thermal processes to industrial heat pumps with renewable energy production"
"7917","MAR",3016,"INEN: Fuel switch low-temp thermal processes to industrial heat pumps with renewable energy production","Other Manufacturing",0.0423,0.035,0.0773,0.0108,"INEN"," Fuel switch low-temp thermal processes to industrial heat pumps with renewable energy production"
"7918","MAR",3016,"INEN: Fuel switch low-temp thermal processes to industrial heat pumps with renewable energy production","Others",0,0.0068,0.0068,0.001,"INEN"," Fuel switch low-temp thermal processes to industrial heat pumps with renewable energy production"
"7919","MAR",3016,"INEN: Fuel switch low-temp thermal processes to industrial heat pumps with renewable energy production","Petroleum, Chemical and Non-Metallic Mineral Products",0.3103,0.194,0.5043,0.0707,"INEN"," Fuel switch low-temp thermal processes to industrial heat pumps with renewable energy production"
"7920","MAR",3016,"INEN: Fuel switch low-temp thermal processes to industrial heat pumps with renewable energy production","Post and Telecommunications",0.2638,0.1077,0.3714,0.052,"INEN"," Fuel switch low-temp thermal processes to industrial heat pumps with renewable energy production"
"7921","MAR",3016,"INEN: Fuel switch low-temp thermal processes to industrial heat pumps with renewable energy production","Private Households",0,0,0,0,"INEN"," Fuel switch low-temp thermal processes to industrial heat pumps with renewable energy production"
"7922","MAR",3016,"INEN: Fuel switch low-temp thermal processes to industrial heat pumps with renewable energy production","Public Administration",0,0.0016,0.0016,2e-04,"INEN"," Fuel switch low-temp thermal processes to industrial heat pumps with renewable energy production"
"7923","MAR",3016,"INEN: Fuel switch low-temp thermal processes to industrial heat pumps with renewable energy production","Re-export & Re-import",0,0,0,0,"INEN"," Fuel switch low-temp thermal processes to industrial heat pumps with renewable energy production"
"7924","MAR",3016,"INEN: Fuel switch low-temp thermal processes to industrial heat pumps with renewable energy production","Recycling",0,0.0017,0.0017,2e-04,"INEN"," Fuel switch low-temp thermal processes to industrial heat pumps with renewable energy production"
"7925","MAR",3016,"INEN: Fuel switch low-temp thermal processes to industrial heat pumps with renewable energy production","Retail Trade",0,0.1077,0.1077,0.0151,"INEN"," Fuel switch low-temp thermal processes to industrial heat pumps with renewable energy production"
"7926","MAR",3016,"INEN: Fuel switch low-temp thermal processes to industrial heat pumps with renewable energy production","Textiles and Wearing Apparel",0.022,0.0016,0.0235,0.0033,"INEN"," Fuel switch low-temp thermal processes to industrial heat pumps with renewable energy production"
"7927","MAR",3016,"INEN: Fuel switch low-temp thermal processes to industrial heat pumps with renewable energy production","Transport",0.1726,0.1477,0.3203,0.0449,"INEN"," Fuel switch low-temp thermal processes to industrial heat pumps with renewable energy production"
"7928","MAR",3016,"INEN: Fuel switch low-temp thermal processes to industrial heat pumps with renewable energy production","Transport Equipment",0.0343,0.0404,0.0747,0.0105,"INEN"," Fuel switch low-temp thermal processes to industrial heat pumps with renewable energy production"
"7929","MAR",3016,"INEN: Fuel switch low-temp thermal processes to industrial heat pumps with renewable energy production","Wholesale Trade",0,0.4861,0.4861,0.0681,"INEN"," Fuel switch low-temp thermal processes to industrial heat pumps with renewable energy production"
"7930","MAR",3016,"INEN: Fuel switch low-temp thermal processes to industrial heat pumps with renewable energy production","Wood and Paper",0.0474,0.1277,0.175,0.0245,"INEN"," Fuel switch low-temp thermal processes to industrial heat pumps with renewable energy production"
"7931","MAR",3017,"INEN: Fuel switch medium and high-temp thermal processes to hydrogen and electricity","Agriculture",0,0.0495,0.0495,0.0067,"INEN"," Fuel switch medium and high-temp thermal processes to hydrogen and electricity"
"7932","MAR",3017,"INEN: Fuel switch medium and high-temp thermal processes to hydrogen and electricity","Construction",1.4794,0.0483,1.5277,0.2054,"INEN"," Fuel switch medium and high-temp thermal processes to hydrogen and electricity"
"7933","MAR",3017,"INEN: Fuel switch medium and high-temp thermal processes to hydrogen and electricity","Education, Health and Other Services",0,0.0305,0.0305,0.0041,"INEN"," Fuel switch medium and high-temp thermal processes to hydrogen and electricity"
"7934","MAR",3017,"INEN: Fuel switch medium and high-temp thermal processes to hydrogen and electricity","Electrical and Machinery",2.064,0.0669,2.1309,0.2865,"INEN"," Fuel switch medium and high-temp thermal processes to hydrogen and electricity"
"7935","MAR",3017,"INEN: Fuel switch medium and high-temp thermal processes to hydrogen and electricity","Electricity, Gas and Water",0,0.1056,0.1056,0.0142,"INEN"," Fuel switch medium and high-temp thermal processes to hydrogen and electricity"
"7936","MAR",3017,"INEN: Fuel switch medium and high-temp thermal processes to hydrogen and electricity","Financial Intermediation and Business Activities",0,0.5116,0.5116,0.0688,"INEN"," Fuel switch medium and high-temp thermal processes to hydrogen and electricity"
"7937","MAR",3017,"INEN: Fuel switch medium and high-temp thermal processes to hydrogen and electricity","Fishing",0,0.0028,0.0028,4e-04,"INEN"," Fuel switch medium and high-temp thermal processes to hydrogen and electricity"
"7938","MAR",3017,"INEN: Fuel switch medium and high-temp thermal processes to hydrogen and electricity","Food & Beverages",0.0129,0.0016,0.0145,0.0019,"INEN"," Fuel switch medium and high-temp thermal processes to hydrogen and electricity"
"7939","MAR",3017,"INEN: Fuel switch medium and high-temp thermal processes to hydrogen and electricity","Hotels and Restaurants",0,0.025,0.025,0.0034,"INEN"," Fuel switch medium and high-temp thermal processes to hydrogen and electricity"
"7940","MAR",3017,"INEN: Fuel switch medium and high-temp thermal processes to hydrogen and electricity","Maintenance and Repair",0,0.013,0.013,0.0017,"INEN"," Fuel switch medium and high-temp thermal processes to hydrogen and electricity"
"7941","MAR",3017,"INEN: Fuel switch medium and high-temp thermal processes to hydrogen and electricity","Metal Products",0.3853,0.3495,0.7348,0.0988,"INEN"," Fuel switch medium and high-temp thermal processes to hydrogen and electricity"
"7942","MAR",3017,"INEN: Fuel switch medium and high-temp thermal processes to hydrogen and electricity","Mining and Quarrying",0,0.0166,0.0166,0.0022,"INEN"," Fuel switch medium and high-temp thermal processes to hydrogen and electricity"
"7943","MAR",3017,"INEN: Fuel switch medium and high-temp thermal processes to hydrogen and electricity","Other Manufacturing",0.0423,0.0374,0.0797,0.0107,"INEN"," Fuel switch medium and high-temp thermal processes to hydrogen and electricity"
"7944","MAR",3017,"INEN: Fuel switch medium and high-temp thermal processes to hydrogen and electricity","Others",0,0.0073,0.0073,0.001,"INEN"," Fuel switch medium and high-temp thermal processes to hydrogen and electricity"
"7945","MAR",3017,"INEN: Fuel switch medium and high-temp thermal processes to hydrogen and electricity","Petroleum, Chemical and Non-Metallic Mineral Products",0.2172,0.2108,0.428,0.0575,"INEN"," Fuel switch medium and high-temp thermal processes to hydrogen and electricity"
"7946","MAR",3017,"INEN: Fuel switch medium and high-temp thermal processes to hydrogen and electricity","Post and Telecommunications",0.3165,0.1145,0.431,0.0579,"INEN"," Fuel switch medium and high-temp thermal processes to hydrogen and electricity"
"7947","MAR",3017,"INEN: Fuel switch medium and high-temp thermal processes to hydrogen and electricity","Private Households",0,0,0,0,"INEN"," Fuel switch medium and high-temp thermal processes to hydrogen and electricity"
"7948","MAR",3017,"INEN: Fuel switch medium and high-temp thermal processes to hydrogen and electricity","Public Administration",0,0.0017,0.0017,2e-04,"INEN"," Fuel switch medium and high-temp thermal processes to hydrogen and electricity"
"7949","MAR",3017,"INEN: Fuel switch medium and high-temp thermal processes to hydrogen and electricity","Re-export & Re-import",0,0,0,0,"INEN"," Fuel switch medium and high-temp thermal processes to hydrogen and electricity"
"7950","MAR",3017,"INEN: Fuel switch medium and high-temp thermal processes to hydrogen and electricity","Recycling",0,0.0021,0.0021,3e-04,"INEN"," Fuel switch medium and high-temp thermal processes to hydrogen and electricity"
"7951","MAR",3017,"INEN: Fuel switch medium and high-temp thermal processes to hydrogen and electricity","Retail Trade",0,0.1153,0.1153,0.0155,"INEN"," Fuel switch medium and high-temp thermal processes to hydrogen and electricity"
"7952","MAR",3017,"INEN: Fuel switch medium and high-temp thermal processes to hydrogen and electricity","Textiles and Wearing Apparel",0.022,0.0016,0.0236,0.0032,"INEN"," Fuel switch medium and high-temp thermal processes to hydrogen and electricity"
"7953","MAR",3017,"INEN: Fuel switch medium and high-temp thermal processes to hydrogen and electricity","Transport",0.2588,0.1506,0.4094,0.055,"INEN"," Fuel switch medium and high-temp thermal processes to hydrogen and electricity"
"7954","MAR",3017,"INEN: Fuel switch medium and high-temp thermal processes to hydrogen and electricity","Transport Equipment",0.0343,0.0433,0.0777,0.0104,"INEN"," Fuel switch medium and high-temp thermal processes to hydrogen and electricity"
"7955","MAR",3017,"INEN: Fuel switch medium and high-temp thermal processes to hydrogen and electricity","Wholesale Trade",0,0.5183,0.5183,0.0697,"INEN"," Fuel switch medium and high-temp thermal processes to hydrogen and electricity"
"7956","MAR",3017,"INEN: Fuel switch medium and high-temp thermal processes to hydrogen and electricity","Wood and Paper",0.0474,0.134,0.1814,0.0244,"INEN"," Fuel switch medium and high-temp thermal processes to hydrogen and electricity"
"7957","MAR",3018,"INEN: Fuel switch medium and high-temp thermal processes to hydrogen and electricity with renewable energy production","Agriculture",0.1297,0.0485,0.1783,0.025,"INEN"," Fuel switch medium and high-temp thermal processes to hydrogen and electricity with renewable energy production"
"7958","MAR",3018,"INEN: Fuel switch medium and high-temp thermal processes to hydrogen and electricity with renewable energy production","Construction",1.3561,0.0515,1.4076,0.1972,"INEN"," Fuel switch medium and high-temp thermal processes to hydrogen and electricity with renewable energy production"
"7959","MAR",3018,"INEN: Fuel switch medium and high-temp thermal processes to hydrogen and electricity with renewable energy production","Education, Health and Other Services",0.1076,0.0294,0.1371,0.0192,"INEN"," Fuel switch medium and high-temp thermal processes to hydrogen and electricity with renewable energy production"
"7960","MAR",3018,"INEN: Fuel switch medium and high-temp thermal processes to hydrogen and electricity with renewable energy production","Electrical and Machinery",1.9264,0.0615,1.9878,0.2785,"INEN"," Fuel switch medium and high-temp thermal processes to hydrogen and electricity with renewable energy production"
"7961","MAR",3018,"INEN: Fuel switch medium and high-temp thermal processes to hydrogen and electricity with renewable energy production","Electricity, Gas and Water",0.0823,0.098,0.1803,0.0253,"INEN"," Fuel switch medium and high-temp thermal processes to hydrogen and electricity with renewable energy production"
"7962","MAR",3018,"INEN: Fuel switch medium and high-temp thermal processes to hydrogen and electricity with renewable energy production","Financial Intermediation and Business Activities",0.0383,0.4876,0.5259,0.0737,"INEN"," Fuel switch medium and high-temp thermal processes to hydrogen and electricity with renewable energy production"
"7963","MAR",3018,"INEN: Fuel switch medium and high-temp thermal processes to hydrogen and electricity with renewable energy production","Fishing",0,0.0029,0.0029,4e-04,"INEN"," Fuel switch medium and high-temp thermal processes to hydrogen and electricity with renewable energy production"
"7964","MAR",3018,"INEN: Fuel switch medium and high-temp thermal processes to hydrogen and electricity with renewable energy production","Food & Beverages",0.0129,0.0021,0.015,0.0021,"INEN"," Fuel switch medium and high-temp thermal processes to hydrogen and electricity with renewable energy production"
"7965","MAR",3018,"INEN: Fuel switch medium and high-temp thermal processes to hydrogen and electricity with renewable energy production","Hotels and Restaurants",0,0.0244,0.0244,0.0034,"INEN"," Fuel switch medium and high-temp thermal processes to hydrogen and electricity with renewable energy production"
"7966","MAR",3018,"INEN: Fuel switch medium and high-temp thermal processes to hydrogen and electricity with renewable energy production","Maintenance and Repair",0,0.0122,0.0122,0.0017,"INEN"," Fuel switch medium and high-temp thermal processes to hydrogen and electricity with renewable energy production"
"7967","MAR",3018,"INEN: Fuel switch medium and high-temp thermal processes to hydrogen and electricity with renewable energy production","Metal Products",0.1651,0.3296,0.4947,0.0693,"INEN"," Fuel switch medium and high-temp thermal processes to hydrogen and electricity with renewable energy production"
"7968","MAR",3018,"INEN: Fuel switch medium and high-temp thermal processes to hydrogen and electricity with renewable energy production","Mining and Quarrying",0,0.0198,0.0198,0.0028,"INEN"," Fuel switch medium and high-temp thermal processes to hydrogen and electricity with renewable energy production"
"7969","MAR",3018,"INEN: Fuel switch medium and high-temp thermal processes to hydrogen and electricity with renewable energy production","Other Manufacturing",0.0423,0.035,0.0773,0.0108,"INEN"," Fuel switch medium and high-temp thermal processes to hydrogen and electricity with renewable energy production"
"7970","MAR",3018,"INEN: Fuel switch medium and high-temp thermal processes to hydrogen and electricity with renewable energy production","Others",0,0.0068,0.0068,0.001,"INEN"," Fuel switch medium and high-temp thermal processes to hydrogen and electricity with renewable energy production"
"7971","MAR",3018,"INEN: Fuel switch medium and high-temp thermal processes to hydrogen and electricity with renewable energy production","Petroleum, Chemical and Non-Metallic Mineral Products",0.3103,0.194,0.5043,0.0707,"INEN"," Fuel switch medium and high-temp thermal processes to hydrogen and electricity with renewable energy production"
"7972","MAR",3018,"INEN: Fuel switch medium and high-temp thermal processes to hydrogen and electricity with renewable energy production","Post and Telecommunications",0.2638,0.1077,0.3714,0.052,"INEN"," Fuel switch medium and high-temp thermal processes to hydrogen and electricity with renewable energy production"
"7973","MAR",3018,"INEN: Fuel switch medium and high-temp thermal processes to hydrogen and electricity with renewable energy production","Private Households",0,0,0,0,"INEN"," Fuel switch medium and high-temp thermal processes to hydrogen and electricity with renewable energy production"
"7974","MAR",3018,"INEN: Fuel switch medium and high-temp thermal processes to hydrogen and electricity with renewable energy production","Public Administration",0,0.0016,0.0016,2e-04,"INEN"," Fuel switch medium and high-temp thermal processes to hydrogen and electricity with renewable energy production"
"7975","MAR",3018,"INEN: Fuel switch medium and high-temp thermal processes to hydrogen and electricity with renewable energy production","Re-export & Re-import",0,0,0,0,"INEN"," Fuel switch medium and high-temp thermal processes to hydrogen and electricity with renewable energy production"
"7976","MAR",3018,"INEN: Fuel switch medium and high-temp thermal processes to hydrogen and electricity with renewable energy production","Recycling",0,0.0017,0.0017,2e-04,"INEN"," Fuel switch medium and high-temp thermal processes to hydrogen and electricity with renewable energy production"
"7977","MAR",3018,"INEN: Fuel switch medium and high-temp thermal processes to hydrogen and electricity with renewable energy production","Retail Trade",0,0.1077,0.1077,0.0151,"INEN"," Fuel switch medium and high-temp thermal processes to hydrogen and electricity with renewable energy production"
"7978","MAR",3018,"INEN: Fuel switch medium and high-temp thermal processes to hydrogen and electricity with renewable energy production","Textiles and Wearing Apparel",0.022,0.0016,0.0235,0.0033,"INEN"," Fuel switch medium and high-temp thermal processes to hydrogen and electricity with renewable energy production"
"7979","MAR",3018,"INEN: Fuel switch medium and high-temp thermal processes to hydrogen and electricity with renewable energy production","Transport",0.1726,0.1477,0.3203,0.0449,"INEN"," Fuel switch medium and high-temp thermal processes to hydrogen and electricity with renewable energy production"
"7980","MAR",3018,"INEN: Fuel switch medium and high-temp thermal processes to hydrogen and electricity with renewable energy production","Transport Equipment",0.0343,0.0404,0.0747,0.0105,"INEN"," Fuel switch medium and high-temp thermal processes to hydrogen and electricity with renewable energy production"
"7981","MAR",3018,"INEN: Fuel switch medium and high-temp thermal processes to hydrogen and electricity with renewable energy production","Wholesale Trade",0,0.4861,0.4861,0.0681,"INEN"," Fuel switch medium and high-temp thermal processes to hydrogen and electricity with renewable energy production"
"7982","MAR",3018,"INEN: Fuel switch medium and high-temp thermal processes to hydrogen and electricity with renewable energy production","Wood and Paper",0.0474,0.1277,0.175,0.0245,"INEN"," Fuel switch medium and high-temp thermal processes to hydrogen and electricity with renewable energy production"
"7983","MAR",3019,"INEN: Maximize industrial energy efficiency","Agriculture",0,0.0222,0.0222,0.0031,"INEN"," Maximize industrial energy efficiency"
"7984","MAR",3019,"INEN: Maximize industrial energy efficiency","Construction",1.2328,0.0468,1.2796,0.1802,"INEN"," Maximize industrial energy efficiency"
"7985","MAR",3019,"INEN: Maximize industrial energy efficiency","Education, Health and Other Services",0,0.0368,0.0368,0.0052,"INEN"," Maximize industrial energy efficiency"
"7986","MAR",3019,"INEN: Maximize industrial energy efficiency","Electrical and Machinery",2.2933,0.0433,2.3366,0.329,"INEN"," Maximize industrial energy efficiency"
"7987","MAR",3019,"INEN: Maximize industrial energy efficiency","Electricity, Gas and Water",0,0.0755,0.0755,0.0106,"INEN"," Maximize industrial energy efficiency"
"7988","MAR",3019,"INEN: Maximize industrial energy efficiency","Financial Intermediation and Business Activities",0.574,0.4452,1.0192,0.1435,"INEN"," Maximize industrial energy efficiency"
"7989","MAR",3019,"INEN: Maximize industrial energy efficiency","Fishing",0,6e-04,6e-04,1e-04,"INEN"," Maximize industrial energy efficiency"
"7990","MAR",3019,"INEN: Maximize industrial energy efficiency","Food & Beverages",0,0.0013,0.0013,2e-04,"INEN"," Maximize industrial energy efficiency"
"7991","MAR",3019,"INEN: Maximize industrial energy efficiency","Hotels and Restaurants",0,0.0249,0.0249,0.0035,"INEN"," Maximize industrial energy efficiency"
"7992","MAR",3019,"INEN: Maximize industrial energy efficiency","Maintenance and Repair",0,0.0108,0.0108,0.0015,"INEN"," Maximize industrial energy efficiency"
"7993","MAR",3019,"INEN: Maximize industrial energy efficiency","Metal Products",0,0.3464,0.3464,0.0488,"INEN"," Maximize industrial energy efficiency"
"7994","MAR",3019,"INEN: Maximize industrial energy efficiency","Mining and Quarrying",0,0.0095,0.0095,0.0013,"INEN"," Maximize industrial energy efficiency"
"7995","MAR",3019,"INEN: Maximize industrial energy efficiency","Other Manufacturing",0,0.0323,0.0323,0.0045,"INEN"," Maximize industrial energy efficiency"
"7996","MAR",3019,"INEN: Maximize industrial energy efficiency","Others",0,0.0061,0.0061,9e-04,"INEN"," Maximize industrial energy efficiency"
"7997","MAR",3019,"INEN: Maximize industrial energy efficiency","Petroleum, Chemical and Non-Metallic Mineral Products",0,0.1821,0.1821,0.0256,"INEN"," Maximize industrial energy efficiency"
"7998","MAR",3019,"INEN: Maximize industrial energy efficiency","Post and Telecommunications",0.7913,0.1049,0.8962,0.1262,"INEN"," Maximize industrial energy efficiency"
"7999","MAR",3019,"INEN: Maximize industrial energy efficiency","Private Households",0,0,0,0,"INEN"," Maximize industrial energy efficiency"
"8000","MAR",3019,"INEN: Maximize industrial energy efficiency","Public Administration",0,0.0016,0.0016,2e-04,"INEN"," Maximize industrial energy efficiency"
"8001","MAR",3019,"INEN: Maximize industrial energy efficiency","Re-export & Re-import",0,0,0,0,"INEN"," Maximize industrial energy efficiency"
"8002","MAR",3019,"INEN: Maximize industrial energy efficiency","Recycling",0,0.0011,0.0011,2e-04,"INEN"," Maximize industrial energy efficiency"
"8003","MAR",3019,"INEN: Maximize industrial energy efficiency","Retail Trade",0,0.0963,0.0963,0.0136,"INEN"," Maximize industrial energy efficiency"
"8004","MAR",3019,"INEN: Maximize industrial energy efficiency","Textiles and Wearing Apparel",0,0.0014,0.0014,2e-04,"INEN"," Maximize industrial energy efficiency"
"8005","MAR",3019,"INEN: Maximize industrial energy efficiency","Transport",0,0.1217,0.1217,0.0171,"INEN"," Maximize industrial energy efficiency"
"8006","MAR",3019,"INEN: Maximize industrial energy efficiency","Transport Equipment",0,0.0422,0.0422,0.0059,"INEN"," Maximize industrial energy efficiency"
"8007","MAR",3019,"INEN: Maximize industrial energy efficiency","Wholesale Trade",0,0.4456,0.4456,0.0627,"INEN"," Maximize industrial energy efficiency"
"8008","MAR",3019,"INEN: Maximize industrial energy efficiency","Wood and Paper",0,0.1129,0.1129,0.0159,"INEN"," Maximize industrial energy efficiency"
"8009","MAR",3020,"INEN: Maximize industrial energy efficiency with renewable energy production","Agriculture",0.1297,0.0223,0.1521,0.0224,"INEN"," Maximize industrial energy efficiency with renewable energy production"
"8010","MAR",3020,"INEN: Maximize industrial energy efficiency with renewable energy production","Construction",1.1712,0.0517,1.2229,0.1799,"INEN"," Maximize industrial energy efficiency with renewable energy production"
"8011","MAR",3020,"INEN: Maximize industrial energy efficiency with renewable energy production","Education, Health and Other Services",0.2153,0.0346,0.2498,0.0368,"INEN"," Maximize industrial energy efficiency with renewable energy production"
"8012","MAR",3020,"INEN: Maximize industrial energy efficiency with renewable energy production","Electrical and Machinery",1.5136,0.0501,1.5637,0.2301,"INEN"," Maximize industrial energy efficiency with renewable energy production"
"8013","MAR",3020,"INEN: Maximize industrial energy efficiency with renewable energy production","Electricity, Gas and Water",0.0823,0.0797,0.1619,0.0238,"INEN"," Maximize industrial energy efficiency with renewable energy production"
"8014","MAR",3020,"INEN: Maximize industrial energy efficiency with renewable energy production","Financial Intermediation and Business Activities",0.3444,0.4314,0.7758,0.1141,"INEN"," Maximize industrial energy efficiency with renewable energy production"
"8015","MAR",3020,"INEN: Maximize industrial energy efficiency with renewable energy production","Fishing",0,7e-04,7e-04,1e-04,"INEN"," Maximize industrial energy efficiency with renewable energy production"
"8016","MAR",3020,"INEN: Maximize industrial energy efficiency with renewable energy production","Food & Beverages",0,0.0019,0.0019,3e-04,"INEN"," Maximize industrial energy efficiency with renewable energy production"
"8017","MAR",3020,"INEN: Maximize industrial energy efficiency with renewable energy production","Hotels and Restaurants",0,0.0239,0.0239,0.0035,"INEN"," Maximize industrial energy efficiency with renewable energy production"
"8018","MAR",3020,"INEN: Maximize industrial energy efficiency with renewable energy production","Maintenance and Repair",0,0.0096,0.0096,0.0014,"INEN"," Maximize industrial energy efficiency with renewable energy production"
"8019","MAR",3020,"INEN: Maximize industrial energy efficiency with renewable energy production","Metal Products",0.1101,0.2625,0.3726,0.0548,"INEN"," Maximize industrial energy efficiency with renewable energy production"
"8020","MAR",3020,"INEN: Maximize industrial energy efficiency with renewable energy production","Mining and Quarrying",0.0175,0.0172,0.0346,0.0051,"INEN"," Maximize industrial energy efficiency with renewable energy production"
"8021","MAR",3020,"INEN: Maximize industrial energy efficiency with renewable energy production","Other Manufacturing",0,0.0286,0.0286,0.0042,"INEN"," Maximize industrial energy efficiency with renewable energy production"
"8022","MAR",3020,"INEN: Maximize industrial energy efficiency with renewable energy production","Others",0,0.0054,0.0054,8e-04,"INEN"," Maximize industrial energy efficiency with renewable energy production"
"8023","MAR",3020,"INEN: Maximize industrial energy efficiency with renewable energy production","Petroleum, Chemical and Non-Metallic Mineral Products",0.2793,0.1532,0.4325,0.0636,"INEN"," Maximize industrial energy efficiency with renewable energy production"
"8024","MAR",3020,"INEN: Maximize industrial energy efficiency with renewable energy production","Post and Telecommunications",0.6858,0.0923,0.778,0.1145,"INEN"," Maximize industrial energy efficiency with renewable energy production"
"8025","MAR",3020,"INEN: Maximize industrial energy efficiency with renewable energy production","Private Households",0,0,0,0,"INEN"," Maximize industrial energy efficiency with renewable energy production"
"8026","MAR",3020,"INEN: Maximize industrial energy efficiency with renewable energy production","Public Administration",0.065,0.0015,0.0665,0.0098,"INEN"," Maximize industrial energy efficiency with renewable energy production"
"8027","MAR",3020,"INEN: Maximize industrial energy efficiency with renewable energy production","Re-export & Re-import",0,0,0,0,"INEN"," Maximize industrial energy efficiency with renewable energy production"
"8028","MAR",3020,"INEN: Maximize industrial energy efficiency with renewable energy production","Recycling",0,0.0013,0.0013,2e-04,"INEN"," Maximize industrial energy efficiency with renewable energy production"
"8029","MAR",3020,"INEN: Maximize industrial energy efficiency with renewable energy production","Retail Trade",0,0.0915,0.0915,0.0135,"INEN"," Maximize industrial energy efficiency with renewable energy production"
"8030","MAR",3020,"INEN: Maximize industrial energy efficiency with renewable energy production","Textiles and Wearing Apparel",0,0.0013,0.0013,2e-04,"INEN"," Maximize industrial energy efficiency with renewable energy production"
"8031","MAR",3020,"INEN: Maximize industrial energy efficiency with renewable energy production","Transport",0.1726,0.1233,0.2958,0.0435,"INEN"," Maximize industrial energy efficiency with renewable energy production"
"8032","MAR",3020,"INEN: Maximize industrial energy efficiency with renewable energy production","Transport Equipment",0,0.0336,0.0336,0.0049,"INEN"," Maximize industrial energy efficiency with renewable energy production"
"8033","MAR",3020,"INEN: Maximize industrial energy efficiency with renewable energy production","Wholesale Trade",0,0.3854,0.3854,0.0567,"INEN"," Maximize industrial energy efficiency with renewable energy production"
"8034","MAR",3020,"INEN: Maximize industrial energy efficiency with renewable energy production","Wood and Paper",0,0.1068,0.1068,0.0157,"INEN"," Maximize industrial energy efficiency with renewable energy production"
"8035","MAR",3021,"INEN: Maximize industrial production efficiency","Agriculture",0,0.0222,0.0222,0.0031,"INEN"," Maximize industrial production efficiency"
"8036","MAR",3021,"INEN: Maximize industrial production efficiency","Construction",1.2328,0.0468,1.2796,0.1802,"INEN"," Maximize industrial production efficiency"
"8037","MAR",3021,"INEN: Maximize industrial production efficiency","Education, Health and Other Services",0,0.0368,0.0368,0.0052,"INEN"," Maximize industrial production efficiency"
"8038","MAR",3021,"INEN: Maximize industrial production efficiency","Electrical and Machinery",2.2933,0.0433,2.3366,0.329,"INEN"," Maximize industrial production efficiency"
"8039","MAR",3021,"INEN: Maximize industrial production efficiency","Electricity, Gas and Water",0,0.0755,0.0755,0.0106,"INEN"," Maximize industrial production efficiency"
"8040","MAR",3021,"INEN: Maximize industrial production efficiency","Financial Intermediation and Business Activities",0.574,0.4452,1.0192,0.1435,"INEN"," Maximize industrial production efficiency"
"8041","MAR",3021,"INEN: Maximize industrial production efficiency","Fishing",0,6e-04,6e-04,1e-04,"INEN"," Maximize industrial production efficiency"
"8042","MAR",3021,"INEN: Maximize industrial production efficiency","Food & Beverages",0,0.0013,0.0013,2e-04,"INEN"," Maximize industrial production efficiency"
"8043","MAR",3021,"INEN: Maximize industrial production efficiency","Hotels and Restaurants",0,0.0249,0.0249,0.0035,"INEN"," Maximize industrial production efficiency"
"8044","MAR",3021,"INEN: Maximize industrial production efficiency","Maintenance and Repair",0,0.0108,0.0108,0.0015,"INEN"," Maximize industrial production efficiency"
"8045","MAR",3021,"INEN: Maximize industrial production efficiency","Metal Products",0,0.3464,0.3464,0.0488,"INEN"," Maximize industrial production efficiency"
"8046","MAR",3021,"INEN: Maximize industrial production efficiency","Mining and Quarrying",0,0.0095,0.0095,0.0013,"INEN"," Maximize industrial production efficiency"
"8047","MAR",3021,"INEN: Maximize industrial production efficiency","Other Manufacturing",0,0.0323,0.0323,0.0045,"INEN"," Maximize industrial production efficiency"
"8048","MAR",3021,"INEN: Maximize industrial production efficiency","Others",0,0.0061,0.0061,9e-04,"INEN"," Maximize industrial production efficiency"
"8049","MAR",3021,"INEN: Maximize industrial production efficiency","Petroleum, Chemical and Non-Metallic Mineral Products",0,0.1821,0.1821,0.0256,"INEN"," Maximize industrial production efficiency"
"8050","MAR",3021,"INEN: Maximize industrial production efficiency","Post and Telecommunications",0.7913,0.1049,0.8962,0.1262,"INEN"," Maximize industrial production efficiency"
"8051","MAR",3021,"INEN: Maximize industrial production efficiency","Private Households",0,0,0,0,"INEN"," Maximize industrial production efficiency"
"8052","MAR",3021,"INEN: Maximize industrial production efficiency","Public Administration",0,0.0016,0.0016,2e-04,"INEN"," Maximize industrial production efficiency"
"8053","MAR",3021,"INEN: Maximize industrial production efficiency","Re-export & Re-import",0,0,0,0,"INEN"," Maximize industrial production efficiency"
"8054","MAR",3021,"INEN: Maximize industrial production efficiency","Recycling",0,0.0011,0.0011,2e-04,"INEN"," Maximize industrial production efficiency"
"8055","MAR",3021,"INEN: Maximize industrial production efficiency","Retail Trade",0,0.0963,0.0963,0.0136,"INEN"," Maximize industrial production efficiency"
"8056","MAR",3021,"INEN: Maximize industrial production efficiency","Textiles and Wearing Apparel",0,0.0014,0.0014,2e-04,"INEN"," Maximize industrial production efficiency"
"8057","MAR",3021,"INEN: Maximize industrial production efficiency","Transport",0,0.1217,0.1217,0.0171,"INEN"," Maximize industrial production efficiency"
"8058","MAR",3021,"INEN: Maximize industrial production efficiency","Transport Equipment",0,0.0422,0.0422,0.0059,"INEN"," Maximize industrial production efficiency"
"8059","MAR",3021,"INEN: Maximize industrial production efficiency","Wholesale Trade",0,0.4456,0.4456,0.0627,"INEN"," Maximize industrial production efficiency"
"8060","MAR",3021,"INEN: Maximize industrial production efficiency","Wood and Paper",0,0.1129,0.1129,0.0159,"INEN"," Maximize industrial production efficiency"
"8061","MAR",3022,"INEN: Maximize industrial production efficiency with renewable energy production","Agriculture",0.1297,0.0223,0.1521,0.0224,"INEN"," Maximize industrial production efficiency with renewable energy production"
"8062","MAR",3022,"INEN: Maximize industrial production efficiency with renewable energy production","Construction",1.1712,0.0517,1.2229,0.1799,"INEN"," Maximize industrial production efficiency with renewable energy production"
"8063","MAR",3022,"INEN: Maximize industrial production efficiency with renewable energy production","Education, Health and Other Services",0.2153,0.0346,0.2498,0.0368,"INEN"," Maximize industrial production efficiency with renewable energy production"
"8064","MAR",3022,"INEN: Maximize industrial production efficiency with renewable energy production","Electrical and Machinery",1.5136,0.0501,1.5637,0.2301,"INEN"," Maximize industrial production efficiency with renewable energy production"
"8065","MAR",3022,"INEN: Maximize industrial production efficiency with renewable energy production","Electricity, Gas and Water",0.0823,0.0797,0.1619,0.0238,"INEN"," Maximize industrial production efficiency with renewable energy production"
"8066","MAR",3022,"INEN: Maximize industrial production efficiency with renewable energy production","Financial Intermediation and Business Activities",0.3444,0.4314,0.7758,0.1141,"INEN"," Maximize industrial production efficiency with renewable energy production"
"8067","MAR",3022,"INEN: Maximize industrial production efficiency with renewable energy production","Fishing",0,7e-04,7e-04,1e-04,"INEN"," Maximize industrial production efficiency with renewable energy production"
"8068","MAR",3022,"INEN: Maximize industrial production efficiency with renewable energy production","Food & Beverages",0,0.0019,0.0019,3e-04,"INEN"," Maximize industrial production efficiency with renewable energy production"
"8069","MAR",3022,"INEN: Maximize industrial production efficiency with renewable energy production","Hotels and Restaurants",0,0.0239,0.0239,0.0035,"INEN"," Maximize industrial production efficiency with renewable energy production"
"8070","MAR",3022,"INEN: Maximize industrial production efficiency with renewable energy production","Maintenance and Repair",0,0.0096,0.0096,0.0014,"INEN"," Maximize industrial production efficiency with renewable energy production"
"8071","MAR",3022,"INEN: Maximize industrial production efficiency with renewable energy production","Metal Products",0.1101,0.2625,0.3726,0.0548,"INEN"," Maximize industrial production efficiency with renewable energy production"
"8072","MAR",3022,"INEN: Maximize industrial production efficiency with renewable energy production","Mining and Quarrying",0.0175,0.0172,0.0346,0.0051,"INEN"," Maximize industrial production efficiency with renewable energy production"
"8073","MAR",3022,"INEN: Maximize industrial production efficiency with renewable energy production","Other Manufacturing",0,0.0286,0.0286,0.0042,"INEN"," Maximize industrial production efficiency with renewable energy production"
"8074","MAR",3022,"INEN: Maximize industrial production efficiency with renewable energy production","Others",0,0.0054,0.0054,8e-04,"INEN"," Maximize industrial production efficiency with renewable energy production"
"8075","MAR",3022,"INEN: Maximize industrial production efficiency with renewable energy production","Petroleum, Chemical and Non-Metallic Mineral Products",0.2793,0.1532,0.4325,0.0636,"INEN"," Maximize industrial production efficiency with renewable energy production"
"8076","MAR",3022,"INEN: Maximize industrial production efficiency with renewable energy production","Post and Telecommunications",0.6858,0.0923,0.778,0.1145,"INEN"," Maximize industrial production efficiency with renewable energy production"
"8077","MAR",3022,"INEN: Maximize industrial production efficiency with renewable energy production","Private Households",0,0,0,0,"INEN"," Maximize industrial production efficiency with renewable energy production"
"8078","MAR",3022,"INEN: Maximize industrial production efficiency with renewable energy production","Public Administration",0.065,0.0015,0.0665,0.0098,"INEN"," Maximize industrial production efficiency with renewable energy production"
"8079","MAR",3022,"INEN: Maximize industrial production efficiency with renewable energy production","Re-export & Re-import",0,0,0,0,"INEN"," Maximize industrial production efficiency with renewable energy production"
"8080","MAR",3022,"INEN: Maximize industrial production efficiency with renewable energy production","Recycling",0,0.0013,0.0013,2e-04,"INEN"," Maximize industrial production efficiency with renewable energy production"
"8081","MAR",3022,"INEN: Maximize industrial production efficiency with renewable energy production","Retail Trade",0,0.0915,0.0915,0.0135,"INEN"," Maximize industrial production efficiency with renewable energy production"
"8082","MAR",3022,"INEN: Maximize industrial production efficiency with renewable energy production","Textiles and Wearing Apparel",0,0.0013,0.0013,2e-04,"INEN"," Maximize industrial production efficiency with renewable energy production"
"8083","MAR",3022,"INEN: Maximize industrial production efficiency with renewable energy production","Transport",0.1726,0.1233,0.2958,0.0435,"INEN"," Maximize industrial production efficiency with renewable energy production"
"8084","MAR",3022,"INEN: Maximize industrial production efficiency with renewable energy production","Transport Equipment",0,0.0336,0.0336,0.0049,"INEN"," Maximize industrial production efficiency with renewable energy production"
"8085","MAR",3022,"INEN: Maximize industrial production efficiency with renewable energy production","Wholesale Trade",0,0.3854,0.3854,0.0567,"INEN"," Maximize industrial production efficiency with renewable energy production"
"8086","MAR",3022,"INEN: Maximize industrial production efficiency with renewable energy production","Wood and Paper",0,0.1068,0.1068,0.0157,"INEN"," Maximize industrial production efficiency with renewable energy production"
"8087","MAR",3025,"SCOE: Increase appliance efficiency","Agriculture",0,0.0163,0.0163,0.0022,"SCOE"," Increase appliance efficiency"
"8088","MAR",3025,"SCOE: Increase appliance efficiency","Construction",0.1233,0.0604,0.1836,0.0252,"SCOE"," Increase appliance efficiency"
"8089","MAR",3025,"SCOE: Increase appliance efficiency","Education, Health and Other Services",0,0.0254,0.0254,0.0035,"SCOE"," Increase appliance efficiency"
"8090","MAR",3025,"SCOE: Increase appliance efficiency","Electrical and Machinery",4.3114,0.0057,4.3171,0.592,"SCOE"," Increase appliance efficiency"
"8091","MAR",3025,"SCOE: Increase appliance efficiency","Electricity, Gas and Water",0,0.1066,0.1066,0.0146,"SCOE"," Increase appliance efficiency"
"8092","MAR",3025,"SCOE: Increase appliance efficiency","Financial Intermediation and Business Activities",0,0.5334,0.5334,0.0732,"SCOE"," Increase appliance efficiency"
"8093","MAR",3025,"SCOE: Increase appliance efficiency","Fishing",0,5e-04,5e-04,1e-04,"SCOE"," Increase appliance efficiency"
"8094","MAR",3025,"SCOE: Increase appliance efficiency","Food & Beverages",0,0.0012,0.0012,2e-04,"SCOE"," Increase appliance efficiency"
"8095","MAR",3025,"SCOE: Increase appliance efficiency","Hotels and Restaurants",0,0.0248,0.0248,0.0034,"SCOE"," Increase appliance efficiency"
"8096","MAR",3025,"SCOE: Increase appliance efficiency","Maintenance and Repair",0,0.0135,0.0135,0.0019,"SCOE"," Increase appliance efficiency"
"8097","MAR",3025,"SCOE: Increase appliance efficiency","Metal Products",0.055,0.5053,0.5604,0.0768,"SCOE"," Increase appliance efficiency"
"8098","MAR",3025,"SCOE: Increase appliance efficiency","Mining and Quarrying",0,0.0107,0.0107,0.0015,"SCOE"," Increase appliance efficiency"
"8099","MAR",3025,"SCOE: Increase appliance efficiency","Other Manufacturing",0,0.0278,0.0278,0.0038,"SCOE"," Increase appliance efficiency"
"8100","MAR",3025,"SCOE: Increase appliance efficiency","Others",0,0.0084,0.0084,0.0012,"SCOE"," Increase appliance efficiency"
"8101","MAR",3025,"SCOE: Increase appliance efficiency","Petroleum, Chemical and Non-Metallic Mineral Products",0.031,0.2084,0.2394,0.0328,"SCOE"," Increase appliance efficiency"
"8102","MAR",3025,"SCOE: Increase appliance efficiency","Post and Telecommunications",0.0528,0.1368,0.1896,0.026,"SCOE"," Increase appliance efficiency"
"8103","MAR",3025,"SCOE: Increase appliance efficiency","Private Households",0,0,0,0,"SCOE"," Increase appliance efficiency"
"8104","MAR",3025,"SCOE: Increase appliance efficiency","Public Administration",0,0.0017,0.0017,2e-04,"SCOE"," Increase appliance efficiency"
"8105","MAR",3025,"SCOE: Increase appliance efficiency","Re-export & Re-import",0,0,0,0,"SCOE"," Increase appliance efficiency"
"8106","MAR",3025,"SCOE: Increase appliance efficiency","Recycling",0,0.0016,0.0016,2e-04,"SCOE"," Increase appliance efficiency"
"8107","MAR",3025,"SCOE: Increase appliance efficiency","Retail Trade",0,0.0514,0.0514,0.007,"SCOE"," Increase appliance efficiency"
"8108","MAR",3025,"SCOE: Increase appliance efficiency","Textiles and Wearing Apparel",0,0.002,0.002,3e-04,"SCOE"," Increase appliance efficiency"
"8109","MAR",3025,"SCOE: Increase appliance efficiency","Transport",0.0431,0.1383,0.1814,0.0249,"SCOE"," Increase appliance efficiency"
"8110","MAR",3025,"SCOE: Increase appliance efficiency","Transport Equipment",0,0.0606,0.0606,0.0083,"SCOE"," Increase appliance efficiency"
"8111","MAR",3025,"SCOE: Increase appliance efficiency","Wholesale Trade",0,0.6343,0.6343,0.087,"SCOE"," Increase appliance efficiency"
"8112","MAR",3025,"SCOE: Increase appliance efficiency","Wood and Paper",0,0.1003,0.1003,0.0138,"SCOE"," Increase appliance efficiency"
"8113","MAR",3026,"SCOE: Increase appliance efficiency with renewable energy production","Agriculture",0.0324,0.0163,0.0487,0.0068,"SCOE"," Increase appliance efficiency with renewable energy production"
"8114","MAR",3026,"SCOE: Increase appliance efficiency with renewable energy production","Construction",0.1233,0.0612,0.1845,0.0256,"SCOE"," Increase appliance efficiency with renewable energy production"
"8115","MAR",3026,"SCOE: Increase appliance efficiency with renewable energy production","Education, Health and Other Services",0,0.0254,0.0254,0.0035,"SCOE"," Increase appliance efficiency with renewable energy production"
"8116","MAR",3026,"SCOE: Increase appliance efficiency with renewable energy production","Electrical and Machinery",4.2197,0.0055,4.2252,0.587,"SCOE"," Increase appliance efficiency with renewable energy production"
"8117","MAR",3026,"SCOE: Increase appliance efficiency with renewable energy production","Electricity, Gas and Water",0.0274,0.1044,0.1318,0.0183,"SCOE"," Increase appliance efficiency with renewable energy production"
"8118","MAR",3026,"SCOE: Increase appliance efficiency with renewable energy production","Financial Intermediation and Business Activities",0,0.5279,0.5279,0.0733,"SCOE"," Increase appliance efficiency with renewable energy production"
"8119","MAR",3026,"SCOE: Increase appliance efficiency with renewable energy production","Fishing",0,6e-04,6e-04,1e-04,"SCOE"," Increase appliance efficiency with renewable energy production"
"8120","MAR",3026,"SCOE: Increase appliance efficiency with renewable energy production","Food & Beverages",0,0.0013,0.0013,2e-04,"SCOE"," Increase appliance efficiency with renewable energy production"
"8121","MAR",3026,"SCOE: Increase appliance efficiency with renewable energy production","Hotels and Restaurants",0,0.0247,0.0247,0.0034,"SCOE"," Increase appliance efficiency with renewable energy production"
"8122","MAR",3026,"SCOE: Increase appliance efficiency with renewable energy production","Maintenance and Repair",0,0.0133,0.0133,0.0018,"SCOE"," Increase appliance efficiency with renewable energy production"
"8123","MAR",3026,"SCOE: Increase appliance efficiency with renewable energy production","Metal Products",0,0.4961,0.4961,0.0689,"SCOE"," Increase appliance efficiency with renewable energy production"
"8124","MAR",3026,"SCOE: Increase appliance efficiency with renewable energy production","Mining and Quarrying",0,0.012,0.012,0.0017,"SCOE"," Increase appliance efficiency with renewable energy production"
"8125","MAR",3026,"SCOE: Increase appliance efficiency with renewable energy production","Other Manufacturing",0,0.0273,0.0273,0.0038,"SCOE"," Increase appliance efficiency with renewable energy production"
"8126","MAR",3026,"SCOE: Increase appliance efficiency with renewable energy production","Others",0,0.0082,0.0082,0.0011,"SCOE"," Increase appliance efficiency with renewable energy production"
"8127","MAR",3026,"SCOE: Increase appliance efficiency with renewable energy production","Petroleum, Chemical and Non-Metallic Mineral Products",0.0621,0.2039,0.2659,0.0369,"SCOE"," Increase appliance efficiency with renewable energy production"
"8128","MAR",3026,"SCOE: Increase appliance efficiency with renewable energy production","Post and Telecommunications",0.0528,0.1346,0.1873,0.026,"SCOE"," Increase appliance efficiency with renewable energy production"
"8129","MAR",3026,"SCOE: Increase appliance efficiency with renewable energy production","Private Households",0,0,0,0,"SCOE"," Increase appliance efficiency with renewable energy production"
"8130","MAR",3026,"SCOE: Increase appliance efficiency with renewable energy production","Public Administration",0,0.0017,0.0017,2e-04,"SCOE"," Increase appliance efficiency with renewable energy production"
"8131","MAR",3026,"SCOE: Increase appliance efficiency with renewable energy production","Re-export & Re-import",0,0,0,0,"SCOE"," Increase appliance efficiency with renewable energy production"
"8132","MAR",3026,"SCOE: Increase appliance efficiency with renewable energy production","Recycling",0,0.0015,0.0015,2e-04,"SCOE"," Increase appliance efficiency with renewable energy production"
"8133","MAR",3026,"SCOE: Increase appliance efficiency with renewable energy production","Retail Trade",0,0.0509,0.0509,0.0071,"SCOE"," Increase appliance efficiency with renewable energy production"
"8134","MAR",3026,"SCOE: Increase appliance efficiency with renewable energy production","Textiles and Wearing Apparel",0,0.002,0.002,3e-04,"SCOE"," Increase appliance efficiency with renewable energy production"
"8135","MAR",3026,"SCOE: Increase appliance efficiency with renewable energy production","Transport",0.0431,0.1379,0.1811,0.0252,"SCOE"," Increase appliance efficiency with renewable energy production"
"8136","MAR",3026,"SCOE: Increase appliance efficiency with renewable energy production","Transport Equipment",0,0.0594,0.0594,0.0083,"SCOE"," Increase appliance efficiency with renewable energy production"
"8137","MAR",3026,"SCOE: Increase appliance efficiency with renewable energy production","Wholesale Trade",0,0.6222,0.6222,0.0864,"SCOE"," Increase appliance efficiency with renewable energy production"
"8138","MAR",3026,"SCOE: Increase appliance efficiency with renewable energy production","Wood and Paper",0,0.0992,0.0992,0.0138,"SCOE"," Increase appliance efficiency with renewable energy production"
"8139","MAR",3027,"SCOE: Reduce end-use demand for heat energy by improving building shell","Agriculture",0,0.0573,0.0573,0.0061,"SCOE"," Reduce end-use demand for heat energy by improving building shell"
"8140","MAR",3027,"SCOE: Reduce end-use demand for heat energy by improving building shell","Construction",6.1642,0,6.1642,0.6513,"SCOE"," Reduce end-use demand for heat energy by improving building shell"
"8141","MAR",3027,"SCOE: Reduce end-use demand for heat energy by improving building shell","Education, Health and Other Services",0,0.0347,0.0347,0.0037,"SCOE"," Reduce end-use demand for heat energy by improving building shell"
"8142","MAR",3027,"SCOE: Reduce end-use demand for heat energy by improving building shell","Electrical and Machinery",0,0.1784,0.1784,0.0189,"SCOE"," Reduce end-use demand for heat energy by improving building shell"
"8143","MAR",3027,"SCOE: Reduce end-use demand for heat energy by improving building shell","Electricity, Gas and Water",0,0.0784,0.0784,0.0083,"SCOE"," Reduce end-use demand for heat energy by improving building shell"
"8144","MAR",3027,"SCOE: Reduce end-use demand for heat energy by improving building shell","Financial Intermediation and Business Activities",0,0.5745,0.5745,0.0607,"SCOE"," Reduce end-use demand for heat energy by improving building shell"
"8145","MAR",3027,"SCOE: Reduce end-use demand for heat energy by improving building shell","Fishing",0,9e-04,9e-04,1e-04,"SCOE"," Reduce end-use demand for heat energy by improving building shell"
"8146","MAR",3027,"SCOE: Reduce end-use demand for heat energy by improving building shell","Food & Beverages",0,0.0017,0.0017,2e-04,"SCOE"," Reduce end-use demand for heat energy by improving building shell"
"8147","MAR",3027,"SCOE: Reduce end-use demand for heat energy by improving building shell","Hotels and Restaurants",0,0.0257,0.0257,0.0027,"SCOE"," Reduce end-use demand for heat energy by improving building shell"
"8148","MAR",3027,"SCOE: Reduce end-use demand for heat energy by improving building shell","Maintenance and Repair",0,0.0175,0.0175,0.0019,"SCOE"," Reduce end-use demand for heat energy by improving building shell"
"8149","MAR",3027,"SCOE: Reduce end-use demand for heat energy by improving building shell","Metal Products",0,0.3872,0.3872,0.0409,"SCOE"," Reduce end-use demand for heat energy by improving building shell"
"8150","MAR",3027,"SCOE: Reduce end-use demand for heat energy by improving building shell","Mining and Quarrying",0,0.0202,0.0202,0.0021,"SCOE"," Reduce end-use demand for heat energy by improving building shell"
"8151","MAR",3027,"SCOE: Reduce end-use demand for heat energy by improving building shell","Other Manufacturing",0,0.0811,0.0811,0.0086,"SCOE"," Reduce end-use demand for heat energy by improving building shell"
"8152","MAR",3027,"SCOE: Reduce end-use demand for heat energy by improving building shell","Others",0,0.0062,0.0062,7e-04,"SCOE"," Reduce end-use demand for heat energy by improving building shell"
"8153","MAR",3027,"SCOE: Reduce end-use demand for heat energy by improving building shell","Petroleum, Chemical and Non-Metallic Mineral Products",0,0.3469,0.3469,0.0367,"SCOE"," Reduce end-use demand for heat energy by improving building shell"
"8154","MAR",3027,"SCOE: Reduce end-use demand for heat energy by improving building shell","Post and Telecommunications",0,0.1314,0.1314,0.0139,"SCOE"," Reduce end-use demand for heat energy by improving building shell"
"8155","MAR",3027,"SCOE: Reduce end-use demand for heat energy by improving building shell","Private Households",0,0,0,0,"SCOE"," Reduce end-use demand for heat energy by improving building shell"
"8156","MAR",3027,"SCOE: Reduce end-use demand for heat energy by improving building shell","Public Administration",0,0.0016,0.0016,2e-04,"SCOE"," Reduce end-use demand for heat energy by improving building shell"
"8157","MAR",3027,"SCOE: Reduce end-use demand for heat energy by improving building shell","Re-export & Re-import",0,0,0,0,"SCOE"," Reduce end-use demand for heat energy by improving building shell"
"8158","MAR",3027,"SCOE: Reduce end-use demand for heat energy by improving building shell","Recycling",0,0.0013,0.0013,1e-04,"SCOE"," Reduce end-use demand for heat energy by improving building shell"
"8159","MAR",3027,"SCOE: Reduce end-use demand for heat energy by improving building shell","Retail Trade",0,0.3441,0.3441,0.0364,"SCOE"," Reduce end-use demand for heat energy by improving building shell"
"8160","MAR",3027,"SCOE: Reduce end-use demand for heat energy by improving building shell","Textiles and Wearing Apparel",0,0.0017,0.0017,2e-04,"SCOE"," Reduce end-use demand for heat energy by improving building shell"
"8161","MAR",3027,"SCOE: Reduce end-use demand for heat energy by improving building shell","Transport",0,0.2091,0.2091,0.0221,"SCOE"," Reduce end-use demand for heat energy by improving building shell"
"8162","MAR",3027,"SCOE: Reduce end-use demand for heat energy by improving building shell","Transport Equipment",0,0.0455,0.0455,0.0048,"SCOE"," Reduce end-use demand for heat energy by improving building shell"
"8163","MAR",3027,"SCOE: Reduce end-use demand for heat energy by improving building shell","Wholesale Trade",0,0.511,0.511,0.054,"SCOE"," Reduce end-use demand for heat energy by improving building shell"
"8164","MAR",3027,"SCOE: Reduce end-use demand for heat energy by improving building shell","Wood and Paper",0,0.2444,0.2444,0.0258,"SCOE"," Reduce end-use demand for heat energy by improving building shell"
"8165","MAR",3028,"SCOE: Reduce end-use demand for heat energy by improving building shell with renewable energy production","Agriculture",0.0649,0.0507,0.1155,0.013,"SCOE"," Reduce end-use demand for heat energy by improving building shell with renewable energy production"
"8166","MAR",3028,"SCOE: Reduce end-use demand for heat energy by improving building shell with renewable energy production","Construction",5.1779,0.0106,5.1885,0.5816,"SCOE"," Reduce end-use demand for heat energy by improving building shell with renewable energy production"
"8167","MAR",3028,"SCOE: Reduce end-use demand for heat energy by improving building shell with renewable energy production","Education, Health and Other Services",0.1076,0.0338,0.1414,0.0159,"SCOE"," Reduce end-use demand for heat energy by improving building shell with renewable energy production"
"8168","MAR",3028,"SCOE: Reduce end-use demand for heat energy by improving building shell with renewable energy production","Electrical and Machinery",0.1835,0.1545,0.338,0.0379,"SCOE"," Reduce end-use demand for heat energy by improving building shell with renewable energy production"
"8169","MAR",3028,"SCOE: Reduce end-use demand for heat energy by improving building shell with renewable energy production","Electricity, Gas and Water",0.0274,0.0813,0.1087,0.0122,"SCOE"," Reduce end-use demand for heat energy by improving building shell with renewable energy production"
"8170","MAR",3028,"SCOE: Reduce end-use demand for heat energy by improving building shell with renewable energy production","Financial Intermediation and Business Activities",0,0.5476,0.5476,0.0614,"SCOE"," Reduce end-use demand for heat energy by improving building shell with renewable energy production"
"8171","MAR",3028,"SCOE: Reduce end-use demand for heat energy by improving building shell with renewable energy production","Fishing",0,9e-04,9e-04,1e-04,"SCOE"," Reduce end-use demand for heat energy by improving building shell with renewable energy production"
"8172","MAR",3028,"SCOE: Reduce end-use demand for heat energy by improving building shell with renewable energy production","Food & Beverages",0,0.0019,0.0019,2e-04,"SCOE"," Reduce end-use demand for heat energy by improving building shell with renewable energy production"
"8173","MAR",3028,"SCOE: Reduce end-use demand for heat energy by improving building shell with renewable energy production","Hotels and Restaurants",0,0.0251,0.0251,0.0028,"SCOE"," Reduce end-use demand for heat energy by improving building shell with renewable energy production"
"8174","MAR",3028,"SCOE: Reduce end-use demand for heat energy by improving building shell with renewable energy production","Maintenance and Repair",0,0.0159,0.0159,0.0018,"SCOE"," Reduce end-use demand for heat energy by improving building shell with renewable energy production"
"8175","MAR",3028,"SCOE: Reduce end-use demand for heat energy by improving building shell with renewable energy production","Metal Products",0.055,0.3511,0.4061,0.0455,"SCOE"," Reduce end-use demand for heat energy by improving building shell with renewable energy production"
"8176","MAR",3028,"SCOE: Reduce end-use demand for heat energy by improving building shell with renewable energy production","Mining and Quarrying",0,0.0213,0.0213,0.0024,"SCOE"," Reduce end-use demand for heat energy by improving building shell with renewable energy production"
"8177","MAR",3028,"SCOE: Reduce end-use demand for heat energy by improving building shell with renewable energy production","Other Manufacturing",0,0.0704,0.0704,0.0079,"SCOE"," Reduce end-use demand for heat energy by improving building shell with renewable energy production"
"8178","MAR",3028,"SCOE: Reduce end-use demand for heat energy by improving building shell with renewable energy production","Others",0,0.006,0.006,7e-04,"SCOE"," Reduce end-use demand for heat energy by improving building shell with renewable energy production"
"8179","MAR",3028,"SCOE: Reduce end-use demand for heat energy by improving building shell with renewable energy production","Petroleum, Chemical and Non-Metallic Mineral Products",0.1241,0.3047,0.4288,0.0481,"SCOE"," Reduce end-use demand for heat energy by improving building shell with renewable energy production"
"8180","MAR",3028,"SCOE: Reduce end-use demand for heat energy by improving building shell with renewable energy production","Post and Telecommunications",0.1055,0.1215,0.227,0.0254,"SCOE"," Reduce end-use demand for heat energy by improving building shell with renewable energy production"
"8181","MAR",3028,"SCOE: Reduce end-use demand for heat energy by improving building shell with renewable energy production","Private Households",0,0,0,0,"SCOE"," Reduce end-use demand for heat energy by improving building shell with renewable energy production"
"8182","MAR",3028,"SCOE: Reduce end-use demand for heat energy by improving building shell with renewable energy production","Public Administration",0,0.0016,0.0016,2e-04,"SCOE"," Reduce end-use demand for heat energy by improving building shell with renewable energy production"
"8183","MAR",3028,"SCOE: Reduce end-use demand for heat energy by improving building shell with renewable energy production","Re-export & Re-import",0,0,0,0,"SCOE"," Reduce end-use demand for heat energy by improving building shell with renewable energy production"
"8184","MAR",3028,"SCOE: Reduce end-use demand for heat energy by improving building shell with renewable energy production","Recycling",0,0.0014,0.0014,2e-04,"SCOE"," Reduce end-use demand for heat energy by improving building shell with renewable energy production"
"8185","MAR",3028,"SCOE: Reduce end-use demand for heat energy by improving building shell with renewable energy production","Retail Trade",0,0.2941,0.2941,0.033,"SCOE"," Reduce end-use demand for heat energy by improving building shell with renewable energy production"
"8186","MAR",3028,"SCOE: Reduce end-use demand for heat energy by improving building shell with renewable energy production","Textiles and Wearing Apparel",0,0.0016,0.0016,2e-04,"SCOE"," Reduce end-use demand for heat energy by improving building shell with renewable energy production"
"8187","MAR",3028,"SCOE: Reduce end-use demand for heat energy by improving building shell with renewable energy production","Transport",0.0431,0.1944,0.2375,0.0266,"SCOE"," Reduce end-use demand for heat energy by improving building shell with renewable energy production"
"8188","MAR",3028,"SCOE: Reduce end-use demand for heat energy by improving building shell with renewable energy production","Transport Equipment",0,0.0418,0.0418,0.0047,"SCOE"," Reduce end-use demand for heat energy by improving building shell with renewable energy production"
"8189","MAR",3028,"SCOE: Reduce end-use demand for heat energy by improving building shell with renewable energy production","Wholesale Trade",0,0.4823,0.4823,0.0541,"SCOE"," Reduce end-use demand for heat energy by improving building shell with renewable energy production"
"8190","MAR",3028,"SCOE: Reduce end-use demand for heat energy by improving building shell with renewable energy production","Wood and Paper",0,0.2172,0.2172,0.0244,"SCOE"," Reduce end-use demand for heat energy by improving building shell with renewable energy production"
"8191","MAR",3029,"SCOE: Switch to electricity for heat using heat pumps, electric stoves, etc.","Agriculture",0,0.0252,0.0252,0.0035,"SCOE"," Switch to electricity for heat using heat pumps, electric stoves, etc."
"8192","MAR",3029,"SCOE: Switch to electricity for heat using heat pumps, electric stoves, etc.","Construction",1.4178,0.0496,1.4674,0.2042,"SCOE"," Switch to electricity for heat using heat pumps, electric stoves, etc."
"8193","MAR",3029,"SCOE: Switch to electricity for heat using heat pumps, electric stoves, etc.","Education, Health and Other Services",0,0.0333,0.0333,0.0046,"SCOE"," Switch to electricity for heat using heat pumps, electric stoves, etc."
"8194","MAR",3029,"SCOE: Switch to electricity for heat using heat pumps, electric stoves, etc.","Electrical and Machinery",1.376,0.0666,1.4426,0.2007,"SCOE"," Switch to electricity for heat using heat pumps, electric stoves, etc."
"8195","MAR",3029,"SCOE: Switch to electricity for heat using heat pumps, electric stoves, etc.","Electricity, Gas and Water",0,0.1056,0.1056,0.0147,"SCOE"," Switch to electricity for heat using heat pumps, electric stoves, etc."
"8196","MAR",3029,"SCOE: Switch to electricity for heat using heat pumps, electric stoves, etc.","Financial Intermediation and Business Activities",0,0.4912,0.4912,0.0684,"SCOE"," Switch to electricity for heat using heat pumps, electric stoves, etc."
"8197","MAR",3029,"SCOE: Switch to electricity for heat using heat pumps, electric stoves, etc.","Fishing",0,6e-04,6e-04,1e-04,"SCOE"," Switch to electricity for heat using heat pumps, electric stoves, etc."
"8198","MAR",3029,"SCOE: Switch to electricity for heat using heat pumps, electric stoves, etc.","Food & Beverages",0,0.0015,0.0015,2e-04,"SCOE"," Switch to electricity for heat using heat pumps, electric stoves, etc."
"8199","MAR",3029,"SCOE: Switch to electricity for heat using heat pumps, electric stoves, etc.","Hotels and Restaurants",0,0.0247,0.0247,0.0034,"SCOE"," Switch to electricity for heat using heat pumps, electric stoves, etc."
"8200","MAR",3029,"SCOE: Switch to electricity for heat using heat pumps, electric stoves, etc.","Maintenance and Repair",0,0.011,0.011,0.0015,"SCOE"," Switch to electricity for heat using heat pumps, electric stoves, etc."
"8201","MAR",3029,"SCOE: Switch to electricity for heat using heat pumps, electric stoves, etc.","Metal Products",0.6605,0.2628,0.9233,0.1285,"SCOE"," Switch to electricity for heat using heat pumps, electric stoves, etc."
"8202","MAR",3029,"SCOE: Switch to electricity for heat using heat pumps, electric stoves, etc.","Mining and Quarrying",0,0.0191,0.0191,0.0027,"SCOE"," Switch to electricity for heat using heat pumps, electric stoves, etc."
"8203","MAR",3029,"SCOE: Switch to electricity for heat using heat pumps, electric stoves, etc.","Other Manufacturing",0,0.0321,0.0321,0.0045,"SCOE"," Switch to electricity for heat using heat pumps, electric stoves, etc."
"8204","MAR",3029,"SCOE: Switch to electricity for heat using heat pumps, electric stoves, etc.","Others",0,0.0065,0.0065,9e-04,"SCOE"," Switch to electricity for heat using heat pumps, electric stoves, etc."
"8205","MAR",3029,"SCOE: Switch to electricity for heat using heat pumps, electric stoves, etc.","Petroleum, Chemical and Non-Metallic Mineral Products",0.3724,0.1739,0.5463,0.076,"SCOE"," Switch to electricity for heat using heat pumps, electric stoves, etc."
"8206","MAR",3029,"SCOE: Switch to electricity for heat using heat pumps, electric stoves, etc.","Post and Telecommunications",0.633,0.1,0.733,0.102,"SCOE"," Switch to electricity for heat using heat pumps, electric stoves, etc."
"8207","MAR",3029,"SCOE: Switch to electricity for heat using heat pumps, electric stoves, etc.","Private Households",0,0,0,0,"SCOE"," Switch to electricity for heat using heat pumps, electric stoves, etc."
"8208","MAR",3029,"SCOE: Switch to electricity for heat using heat pumps, electric stoves, etc.","Public Administration",0,0.0016,0.0016,2e-04,"SCOE"," Switch to electricity for heat using heat pumps, electric stoves, etc."
"8209","MAR",3029,"SCOE: Switch to electricity for heat using heat pumps, electric stoves, etc.","Re-export & Re-import",0,0,0,0,"SCOE"," Switch to electricity for heat using heat pumps, electric stoves, etc."
"8210","MAR",3029,"SCOE: Switch to electricity for heat using heat pumps, electric stoves, etc.","Recycling",0,0.0025,0.0025,4e-04,"SCOE"," Switch to electricity for heat using heat pumps, electric stoves, etc."
"8211","MAR",3029,"SCOE: Switch to electricity for heat using heat pumps, electric stoves, etc.","Retail Trade",0,0.1076,0.1076,0.015,"SCOE"," Switch to electricity for heat using heat pumps, electric stoves, etc."
"8212","MAR",3029,"SCOE: Switch to electricity for heat using heat pumps, electric stoves, etc.","Textiles and Wearing Apparel",0,0.0013,0.0013,2e-04,"SCOE"," Switch to electricity for heat using heat pumps, electric stoves, etc."
"8213","MAR",3029,"SCOE: Switch to electricity for heat using heat pumps, electric stoves, etc.","Transport",0.4745,0.1405,0.615,0.0856,"SCOE"," Switch to electricity for heat using heat pumps, electric stoves, etc."
"8214","MAR",3029,"SCOE: Switch to electricity for heat using heat pumps, electric stoves, etc.","Transport Equipment",0,0.0348,0.0348,0.0048,"SCOE"," Switch to electricity for heat using heat pumps, electric stoves, etc."
"8215","MAR",3029,"SCOE: Switch to electricity for heat using heat pumps, electric stoves, etc.","Wholesale Trade",0,0.4403,0.4403,0.0613,"SCOE"," Switch to electricity for heat using heat pumps, electric stoves, etc."
"8216","MAR",3029,"SCOE: Switch to electricity for heat using heat pumps, electric stoves, etc.","Wood and Paper",0,0.1202,0.1202,0.0167,"SCOE"," Switch to electricity for heat using heat pumps, electric stoves, etc."
"8217","MAR",3030,"SCOE: Switch to electricity for heat using heat pumps, electric stoves, etc. with renewable energy production","Agriculture",0.2595,0.0224,0.2819,0.0431,"SCOE"," Switch to electricity for heat using heat pumps, electric stoves, etc. with renewable energy production"
"8218","MAR",3030,"SCOE: Switch to electricity for heat using heat pumps, electric stoves, etc. with renewable energy production","Construction",1.0479,0.0575,1.1054,0.1691,"SCOE"," Switch to electricity for heat using heat pumps, electric stoves, etc. with renewable energy production"
"8219","MAR",3030,"SCOE: Switch to electricity for heat using heat pumps, electric stoves, etc. with renewable energy production","Education, Health and Other Services",0.3229,0.0313,0.3542,0.0542,"SCOE"," Switch to electricity for heat using heat pumps, electric stoves, etc. with renewable energy production"
"8220","MAR",3030,"SCOE: Switch to electricity for heat using heat pumps, electric stoves, etc. with renewable energy production","Electrical and Machinery",1.0549,0.0533,1.1082,0.1695,"SCOE"," Switch to electricity for heat using heat pumps, electric stoves, etc. with renewable energy production"
"8221","MAR",3030,"SCOE: Switch to electricity for heat using heat pumps, electric stoves, etc. with renewable energy production","Electricity, Gas and Water",0.1646,0.0888,0.2534,0.0388,"SCOE"," Switch to electricity for heat using heat pumps, electric stoves, etc. with renewable energy production"
"8222","MAR",3030,"SCOE: Switch to electricity for heat using heat pumps, electric stoves, etc. with renewable energy production","Financial Intermediation and Business Activities",0.0765,0.4343,0.5109,0.0782,"SCOE"," Switch to electricity for heat using heat pumps, electric stoves, etc. with renewable energy production"
"8223","MAR",3030,"SCOE: Switch to electricity for heat using heat pumps, electric stoves, etc. with renewable energy production","Fishing",0,8e-04,8e-04,1e-04,"SCOE"," Switch to electricity for heat using heat pumps, electric stoves, etc. with renewable energy production"
"8224","MAR",3030,"SCOE: Switch to electricity for heat using heat pumps, electric stoves, etc. with renewable energy production","Food & Beverages",0,0.0026,0.0026,4e-04,"SCOE"," Switch to electricity for heat using heat pumps, electric stoves, etc. with renewable energy production"
"8225","MAR",3030,"SCOE: Switch to electricity for heat using heat pumps, electric stoves, etc. with renewable energy production","Hotels and Restaurants",0,0.0232,0.0232,0.0036,"SCOE"," Switch to electricity for heat using heat pumps, electric stoves, etc. with renewable energy production"
"8226","MAR",3030,"SCOE: Switch to electricity for heat using heat pumps, electric stoves, etc. with renewable energy production","Maintenance and Repair",0,0.0091,0.0091,0.0014,"SCOE"," Switch to electricity for heat using heat pumps, electric stoves, etc. with renewable energy production"
"8227","MAR",3030,"SCOE: Switch to electricity for heat using heat pumps, electric stoves, etc. with renewable energy production","Metal Products",0.2202,0.2105,0.4307,0.0659,"SCOE"," Switch to electricity for heat using heat pumps, electric stoves, etc. with renewable energy production"
"8228","MAR",3030,"SCOE: Switch to electricity for heat using heat pumps, electric stoves, etc. with renewable energy production","Mining and Quarrying",0.0175,0.0252,0.0426,0.0065,"SCOE"," Switch to electricity for heat using heat pumps, electric stoves, etc. with renewable energy production"
"8229","MAR",3030,"SCOE: Switch to electricity for heat using heat pumps, electric stoves, etc. with renewable energy production","Other Manufacturing",0,0.0256,0.0256,0.0039,"SCOE"," Switch to electricity for heat using heat pumps, electric stoves, etc. with renewable energy production"
"8230","MAR",3030,"SCOE: Switch to electricity for heat using heat pumps, electric stoves, etc. with renewable energy production","Others",0,0.0052,0.0052,8e-04,"SCOE"," Switch to electricity for heat using heat pumps, electric stoves, etc. with renewable energy production"
"8231","MAR",3030,"SCOE: Switch to electricity for heat using heat pumps, electric stoves, etc. with renewable energy production","Petroleum, Chemical and Non-Metallic Mineral Products",0.5586,0.1328,0.6913,0.1058,"SCOE"," Switch to electricity for heat using heat pumps, electric stoves, etc. with renewable energy production"
"8232","MAR",3030,"SCOE: Switch to electricity for heat using heat pumps, electric stoves, etc. with renewable energy production","Post and Telecommunications",0.5275,0.0845,0.612,0.0936,"SCOE"," Switch to electricity for heat using heat pumps, electric stoves, etc. with renewable energy production"
"8233","MAR",3030,"SCOE: Switch to electricity for heat using heat pumps, electric stoves, etc. with renewable energy production","Private Households",0,0,0,0,"SCOE"," Switch to electricity for heat using heat pumps, electric stoves, etc. with renewable energy production"
"8234","MAR",3030,"SCOE: Switch to electricity for heat using heat pumps, electric stoves, etc. with renewable energy production","Public Administration",0.065,0.0015,0.0664,0.0102,"SCOE"," Switch to electricity for heat using heat pumps, electric stoves, etc. with renewable energy production"
"8235","MAR",3030,"SCOE: Switch to electricity for heat using heat pumps, electric stoves, etc. with renewable energy production","Re-export & Re-import",0,0,0,0,"SCOE"," Switch to electricity for heat using heat pumps, electric stoves, etc. with renewable energy production"
"8236","MAR",3030,"SCOE: Switch to electricity for heat using heat pumps, electric stoves, etc. with renewable energy production","Recycling",0,0.0016,0.0016,2e-04,"SCOE"," Switch to electricity for heat using heat pumps, electric stoves, etc. with renewable energy production"
"8237","MAR",3030,"SCOE: Switch to electricity for heat using heat pumps, electric stoves, etc. with renewable energy production","Retail Trade",0,0.0854,0.0854,0.0131,"SCOE"," Switch to electricity for heat using heat pumps, electric stoves, etc. with renewable energy production"
"8238","MAR",3030,"SCOE: Switch to electricity for heat using heat pumps, electric stoves, etc. with renewable energy production","Textiles and Wearing Apparel",0,0.0012,0.0012,2e-04,"SCOE"," Switch to electricity for heat using heat pumps, electric stoves, etc. with renewable energy production"
"8239","MAR",3030,"SCOE: Switch to electricity for heat using heat pumps, electric stoves, etc. with renewable energy production","Transport",0.302,0.1305,0.4325,0.0662,"SCOE"," Switch to electricity for heat using heat pumps, electric stoves, etc. with renewable energy production"
"8240","MAR",3030,"SCOE: Switch to electricity for heat using heat pumps, electric stoves, etc. with renewable energy production","Transport Equipment",0,0.0281,0.0281,0.0043,"SCOE"," Switch to electricity for heat using heat pumps, electric stoves, etc. with renewable energy production"
"8241","MAR",3030,"SCOE: Switch to electricity for heat using heat pumps, electric stoves, etc. with renewable energy production","Wholesale Trade",0,0.3616,0.3616,0.0553,"SCOE"," Switch to electricity for heat using heat pumps, electric stoves, etc. with renewable energy production"
"8242","MAR",3030,"SCOE: Switch to electricity for heat using heat pumps, electric stoves, etc. with renewable energy production","Wood and Paper",0,0.1029,0.1029,0.0157,"SCOE"," Switch to electricity for heat using heat pumps, electric stoves, etc. with renewable energy production"
"8243","MAR",3035,"TRNS: Electrify light duty road transport","Agriculture",0,0.0274,0.0274,0.0037,"TRNS"," Electrify light duty road transport"
"8244","MAR",3035,"TRNS: Electrify light duty road transport","Construction",0.1233,0.0668,0.1901,0.0257,"TRNS"," Electrify light duty road transport"
"8245","MAR",3035,"TRNS: Electrify light duty road transport","Education, Health and Other Services",0,0.0267,0.0267,0.0036,"TRNS"," Electrify light duty road transport"
"8246","MAR",3035,"TRNS: Electrify light duty road transport","Electrical and Machinery",2.6144,0.0607,2.6751,0.3612,"TRNS"," Electrify light duty road transport"
"8247","MAR",3035,"TRNS: Electrify light duty road transport","Electricity, Gas and Water",0,0.1245,0.1245,0.0168,"TRNS"," Electrify light duty road transport"
"8248","MAR",3035,"TRNS: Electrify light duty road transport","Financial Intermediation and Business Activities",0,0.505,0.505,0.0682,"TRNS"," Electrify light duty road transport"
"8249","MAR",3035,"TRNS: Electrify light duty road transport","Fishing",0,0.0043,0.0043,6e-04,"TRNS"," Electrify light duty road transport"
"8250","MAR",3035,"TRNS: Electrify light duty road transport","Food & Beverages",0,0.0017,0.0017,2e-04,"TRNS"," Electrify light duty road transport"
"8251","MAR",3035,"TRNS: Electrify light duty road transport","Hotels and Restaurants",0,0.0278,0.0278,0.0038,"TRNS"," Electrify light duty road transport"
"8252","MAR",3035,"TRNS: Electrify light duty road transport","Maintenance and Repair",0,0.0133,0.0133,0.0018,"TRNS"," Electrify light duty road transport"
"8253","MAR",3035,"TRNS: Electrify light duty road transport","Metal Products",0.9907,0.3846,1.3754,0.1857,"TRNS"," Electrify light duty road transport"
"8254","MAR",3035,"TRNS: Electrify light duty road transport","Mining and Quarrying",0,0.014,0.014,0.0019,"TRNS"," Electrify light duty road transport"
"8255","MAR",3035,"TRNS: Electrify light duty road transport","Other Manufacturing",0.8456,0.0207,0.8663,0.117,"TRNS"," Electrify light duty road transport"
"8256","MAR",3035,"TRNS: Electrify light duty road transport","Others",0,0.0085,0.0085,0.0011,"TRNS"," Electrify light duty road transport"
"8257","MAR",3035,"TRNS: Electrify light duty road transport","Petroleum, Chemical and Non-Metallic Mineral Products",0.031,0.2096,0.2406,0.0325,"TRNS"," Electrify light duty road transport"
"8258","MAR",3035,"TRNS: Electrify light duty road transport","Post and Telecommunications",0.0528,0.1185,0.1712,0.0231,"TRNS"," Electrify light duty road transport"
"8259","MAR",3035,"TRNS: Electrify light duty road transport","Private Households",0,0,0,0,"TRNS"," Electrify light duty road transport"
"8260","MAR",3035,"TRNS: Electrify light duty road transport","Public Administration",0,0.002,0.002,3e-04,"TRNS"," Electrify light duty road transport"
"8261","MAR",3035,"TRNS: Electrify light duty road transport","Re-export & Re-import",0,0,0,0,"TRNS"," Electrify light duty road transport"
"8262","MAR",3035,"TRNS: Electrify light duty road transport","Recycling",0,0.0035,0.0035,5e-04,"TRNS"," Electrify light duty road transport"
"8263","MAR",3035,"TRNS: Electrify light duty road transport","Retail Trade",0,0.0662,0.0662,0.0089,"TRNS"," Electrify light duty road transport"
"8264","MAR",3035,"TRNS: Electrify light duty road transport","Textiles and Wearing Apparel",0,0.0024,0.0024,3e-04,"TRNS"," Electrify light duty road transport"
"8265","MAR",3035,"TRNS: Electrify light duty road transport","Transport",0.0431,0.1625,0.2057,0.0278,"TRNS"," Electrify light duty road transport"
"8266","MAR",3035,"TRNS: Electrify light duty road transport","Transport Equipment",0,0.0538,0.0538,0.0073,"TRNS"," Electrify light duty road transport"
"8267","MAR",3035,"TRNS: Electrify light duty road transport","Wholesale Trade",0,0.6091,0.6091,0.0822,"TRNS"," Electrify light duty road transport"
"8268","MAR",3035,"TRNS: Electrify light duty road transport","Wood and Paper",0,0.1924,0.1924,0.026,"TRNS"," Electrify light duty road transport"
"8269","MAR",3036,"TRNS: Electrify light duty road transport with renewable energy production","Agriculture",0.0324,0.0273,0.0598,0.0082,"TRNS"," Electrify light duty road transport with renewable energy production"
"8270","MAR",3036,"TRNS: Electrify light duty road transport with renewable energy production","Construction",0.1233,0.0677,0.191,0.0261,"TRNS"," Electrify light duty road transport with renewable energy production"
"8271","MAR",3036,"TRNS: Electrify light duty road transport with renewable energy production","Education, Health and Other Services",0,0.0267,0.0267,0.0036,"TRNS"," Electrify light duty road transport with renewable energy production"
"8272","MAR",3036,"TRNS: Electrify light duty road transport with renewable energy production","Electrical and Machinery",2.5226,0.0605,2.5832,0.3532,"TRNS"," Electrify light duty road transport with renewable energy production"
"8273","MAR",3036,"TRNS: Electrify light duty road transport with renewable energy production","Electricity, Gas and Water",0.0274,0.1223,0.1497,0.0205,"TRNS"," Electrify light duty road transport with renewable energy production"
"8274","MAR",3036,"TRNS: Electrify light duty road transport with renewable energy production","Financial Intermediation and Business Activities",0,0.4995,0.4995,0.0683,"TRNS"," Electrify light duty road transport with renewable energy production"
"8275","MAR",3036,"TRNS: Electrify light duty road transport with renewable energy production","Fishing",0,0.0043,0.0043,6e-04,"TRNS"," Electrify light duty road transport with renewable energy production"
"8276","MAR",3036,"TRNS: Electrify light duty road transport with renewable energy production","Food & Beverages",0,0.0018,0.0018,2e-04,"TRNS"," Electrify light duty road transport with renewable energy production"
"8277","MAR",3036,"TRNS: Electrify light duty road transport with renewable energy production","Hotels and Restaurants",0,0.0277,0.0277,0.0038,"TRNS"," Electrify light duty road transport with renewable energy production"
"8278","MAR",3036,"TRNS: Electrify light duty road transport with renewable energy production","Maintenance and Repair",0,0.013,0.013,0.0018,"TRNS"," Electrify light duty road transport with renewable energy production"
"8279","MAR",3036,"TRNS: Electrify light duty road transport with renewable energy production","Metal Products",0.9357,0.3754,1.3111,0.1793,"TRNS"," Electrify light duty road transport with renewable energy production"
"8280","MAR",3036,"TRNS: Electrify light duty road transport with renewable energy production","Mining and Quarrying",0,0.0152,0.0152,0.0021,"TRNS"," Electrify light duty road transport with renewable energy production"
"8281","MAR",3036,"TRNS: Electrify light duty road transport with renewable energy production","Other Manufacturing",0.8456,0.0202,0.8659,0.1184,"TRNS"," Electrify light duty road transport with renewable energy production"
"8282","MAR",3036,"TRNS: Electrify light duty road transport with renewable energy production","Others",0,0.0083,0.0083,0.0011,"TRNS"," Electrify light duty road transport with renewable energy production"
"8283","MAR",3036,"TRNS: Electrify light duty road transport with renewable energy production","Petroleum, Chemical and Non-Metallic Mineral Products",0.0621,0.2051,0.2671,0.0365,"TRNS"," Electrify light duty road transport with renewable energy production"
"8284","MAR",3036,"TRNS: Electrify light duty road transport with renewable energy production","Post and Telecommunications",0.0528,0.1162,0.169,0.0231,"TRNS"," Electrify light duty road transport with renewable energy production"
"8285","MAR",3036,"TRNS: Electrify light duty road transport with renewable energy production","Private Households",0,0,0,0,"TRNS"," Electrify light duty road transport with renewable energy production"
"8286","MAR",3036,"TRNS: Electrify light duty road transport with renewable energy production","Public Administration",0,0.002,0.002,3e-04,"TRNS"," Electrify light duty road transport with renewable energy production"
"8287","MAR",3036,"TRNS: Electrify light duty road transport with renewable energy production","Re-export & Re-import",0,0,0,0,"TRNS"," Electrify light duty road transport with renewable energy production"
"8288","MAR",3036,"TRNS: Electrify light duty road transport with renewable energy production","Recycling",0,0.0034,0.0034,5e-04,"TRNS"," Electrify light duty road transport with renewable energy production"
"8289","MAR",3036,"TRNS: Electrify light duty road transport with renewable energy production","Retail Trade",0,0.0658,0.0658,0.009,"TRNS"," Electrify light duty road transport with renewable energy production"
"8290","MAR",3036,"TRNS: Electrify light duty road transport with renewable energy production","Textiles and Wearing Apparel",0,0.0024,0.0024,3e-04,"TRNS"," Electrify light duty road transport with renewable energy production"
"8291","MAR",3036,"TRNS: Electrify light duty road transport with renewable energy production","Transport",0.0431,0.1622,0.2053,0.0281,"TRNS"," Electrify light duty road transport with renewable energy production"
"8292","MAR",3036,"TRNS: Electrify light duty road transport with renewable energy production","Transport Equipment",0,0.0526,0.0526,0.0072,"TRNS"," Electrify light duty road transport with renewable energy production"
"8293","MAR",3036,"TRNS: Electrify light duty road transport with renewable energy production","Wholesale Trade",0,0.5971,0.5971,0.0816,"TRNS"," Electrify light duty road transport with renewable energy production"
"8294","MAR",3036,"TRNS: Electrify light duty road transport with renewable energy production","Wood and Paper",0,0.1914,0.1914,0.0262,"TRNS"," Electrify light duty road transport with renewable energy production"
"8295","MAR",3039,"TRNS: Fuel switch bundle","Agriculture",0,0.0172,0.0172,0.0024,"TRNS"," Fuel switch bundle"
"8296","MAR",3039,"TRNS: Fuel switch bundle","Construction",0.2466,0.0593,0.3059,0.042,"TRNS"," Fuel switch bundle"
"8297","MAR",3039,"TRNS: Fuel switch bundle","Education, Health and Other Services",0,0.0262,0.0262,0.0036,"TRNS"," Fuel switch bundle"
"8298","MAR",3039,"TRNS: Fuel switch bundle","Electrical and Machinery",4.0362,0.0114,4.0476,0.5558,"TRNS"," Fuel switch bundle"
"8299","MAR",3039,"TRNS: Fuel switch bundle","Electricity, Gas and Water",0,0.1064,0.1064,0.0146,"TRNS"," Fuel switch bundle"
"8300","MAR",3039,"TRNS: Fuel switch bundle","Financial Intermediation and Business Activities",0,0.5294,0.5294,0.0727,"TRNS"," Fuel switch bundle"
"8301","MAR",3039,"TRNS: Fuel switch bundle","Fishing",0,6e-04,6e-04,1e-04,"TRNS"," Fuel switch bundle"
"8302","MAR",3039,"TRNS: Fuel switch bundle","Food & Beverages",0,0.0012,0.0012,2e-04,"TRNS"," Fuel switch bundle"
"8303","MAR",3039,"TRNS: Fuel switch bundle","Hotels and Restaurants",0,0.0248,0.0248,0.0034,"TRNS"," Fuel switch bundle"
"8304","MAR",3039,"TRNS: Fuel switch bundle","Maintenance and Repair",0,0.0133,0.0133,0.0018,"TRNS"," Fuel switch bundle"
"8305","MAR",3039,"TRNS: Fuel switch bundle","Metal Products",0.1101,0.4827,0.5928,0.0814,"TRNS"," Fuel switch bundle"
"8306","MAR",3039,"TRNS: Fuel switch bundle","Mining and Quarrying",0,0.0115,0.0115,0.0016,"TRNS"," Fuel switch bundle"
"8307","MAR",3039,"TRNS: Fuel switch bundle","Other Manufacturing",0,0.0282,0.0282,0.0039,"TRNS"," Fuel switch bundle"
"8308","MAR",3039,"TRNS: Fuel switch bundle","Others",0,0.0082,0.0082,0.0011,"TRNS"," Fuel switch bundle"
"8309","MAR",3039,"TRNS: Fuel switch bundle","Petroleum, Chemical and Non-Metallic Mineral Products",0.0621,0.2053,0.2673,0.0367,"TRNS"," Fuel switch bundle"
"8310","MAR",3039,"TRNS: Fuel switch bundle","Post and Telecommunications",0.1055,0.1334,0.2389,0.0328,"TRNS"," Fuel switch bundle"
"8311","MAR",3039,"TRNS: Fuel switch bundle","Private Households",0,0,0,0,"TRNS"," Fuel switch bundle"
"8312","MAR",3039,"TRNS: Fuel switch bundle","Public Administration",0,0.0017,0.0017,2e-04,"TRNS"," Fuel switch bundle"
"8313","MAR",3039,"TRNS: Fuel switch bundle","Re-export & Re-import",0,0,0,0,"TRNS"," Fuel switch bundle"
"8314","MAR",3039,"TRNS: Fuel switch bundle","Recycling",0,0.0017,0.0017,2e-04,"TRNS"," Fuel switch bundle"
"8315","MAR",3039,"TRNS: Fuel switch bundle","Retail Trade",0,0.0567,0.0567,0.0078,"TRNS"," Fuel switch bundle"
"8316","MAR",3039,"TRNS: Fuel switch bundle","Textiles and Wearing Apparel",0,0.0019,0.0019,3e-04,"TRNS"," Fuel switch bundle"
"8317","MAR",3039,"TRNS: Fuel switch bundle","Transport",0.0863,0.1384,0.2247,0.0309,"TRNS"," Fuel switch bundle"
"8318","MAR",3039,"TRNS: Fuel switch bundle","Transport Equipment",0,0.0582,0.0582,0.008,"TRNS"," Fuel switch bundle"
"8319","MAR",3039,"TRNS: Fuel switch bundle","Wholesale Trade",0,0.616,0.616,0.0846,"TRNS"," Fuel switch bundle"
"8320","MAR",3039,"TRNS: Fuel switch bundle","Wood and Paper",0,0.1022,0.1022,0.014,"TRNS"," Fuel switch bundle"
"8321","MAR",3040,"TRNS: Fuel switch bundle with renewable energy production","Agriculture",0.0324,0.0168,0.0493,0.0069,"TRNS"," Fuel switch bundle with renewable energy production"
"8322","MAR",3040,"TRNS: Fuel switch bundle with renewable energy production","Construction",0.1849,0.061,0.2459,0.0342,"TRNS"," Fuel switch bundle with renewable energy production"
"8323","MAR",3040,"TRNS: Fuel switch bundle with renewable energy production","Education, Health and Other Services",0,0.026,0.026,0.0036,"TRNS"," Fuel switch bundle with renewable energy production"
"8324","MAR",3040,"TRNS: Fuel switch bundle with renewable energy production","Electrical and Machinery",4.0362,0.0093,4.0455,0.5628,"TRNS"," Fuel switch bundle with renewable energy production"
"8325","MAR",3040,"TRNS: Fuel switch bundle with renewable energy production","Electricity, Gas and Water",0.0274,0.1052,0.1327,0.0185,"TRNS"," Fuel switch bundle with renewable energy production"
"8326","MAR",3040,"TRNS: Fuel switch bundle with renewable energy production","Financial Intermediation and Business Activities",0,0.5257,0.5257,0.0731,"TRNS"," Fuel switch bundle with renewable energy production"
"8327","MAR",3040,"TRNS: Fuel switch bundle with renewable energy production","Fishing",0,6e-04,6e-04,1e-04,"TRNS"," Fuel switch bundle with renewable energy production"
"8328","MAR",3040,"TRNS: Fuel switch bundle with renewable energy production","Food & Beverages",0,0.0013,0.0013,2e-04,"TRNS"," Fuel switch bundle with renewable energy production"
"8329","MAR",3040,"TRNS: Fuel switch bundle with renewable energy production","Hotels and Restaurants",0,0.0247,0.0247,0.0034,"TRNS"," Fuel switch bundle with renewable energy production"
"8330","MAR",3040,"TRNS: Fuel switch bundle with renewable energy production","Maintenance and Repair",0,0.0131,0.0131,0.0018,"TRNS"," Fuel switch bundle with renewable energy production"
"8331","MAR",3040,"TRNS: Fuel switch bundle with renewable energy production","Metal Products",0.055,0.4799,0.535,0.0744,"TRNS"," Fuel switch bundle with renewable energy production"
"8332","MAR",3040,"TRNS: Fuel switch bundle with renewable energy production","Mining and Quarrying",0,0.0127,0.0127,0.0018,"TRNS"," Fuel switch bundle with renewable energy production"
"8333","MAR",3040,"TRNS: Fuel switch bundle with renewable energy production","Other Manufacturing",0,0.0274,0.0274,0.0038,"TRNS"," Fuel switch bundle with renewable energy production"
"8334","MAR",3040,"TRNS: Fuel switch bundle with renewable energy production","Others",0,0.0081,0.0081,0.0011,"TRNS"," Fuel switch bundle with renewable energy production"
"8335","MAR",3040,"TRNS: Fuel switch bundle with renewable energy production","Petroleum, Chemical and Non-Metallic Mineral Products",0.0931,0.2006,0.2937,0.0409,"TRNS"," Fuel switch bundle with renewable energy production"
"8336","MAR",3040,"TRNS: Fuel switch bundle with renewable energy production","Post and Telecommunications",0.1055,0.1318,0.2373,0.033,"TRNS"," Fuel switch bundle with renewable energy production"
"8337","MAR",3040,"TRNS: Fuel switch bundle with renewable energy production","Private Households",0,0,0,0,"TRNS"," Fuel switch bundle with renewable energy production"
"8338","MAR",3040,"TRNS: Fuel switch bundle with renewable energy production","Public Administration",0,0.0017,0.0017,2e-04,"TRNS"," Fuel switch bundle with renewable energy production"
"8339","MAR",3040,"TRNS: Fuel switch bundle with renewable energy production","Re-export & Re-import",0,0,0,0,"TRNS"," Fuel switch bundle with renewable energy production"
"8340","MAR",3040,"TRNS: Fuel switch bundle with renewable energy production","Recycling",0,0.0016,0.0016,2e-04,"TRNS"," Fuel switch bundle with renewable energy production"
"8341","MAR",3040,"TRNS: Fuel switch bundle with renewable energy production","Retail Trade",0,0.0534,0.0534,0.0074,"TRNS"," Fuel switch bundle with renewable energy production"
"8342","MAR",3040,"TRNS: Fuel switch bundle with renewable energy production","Textiles and Wearing Apparel",0,0.0019,0.0019,3e-04,"TRNS"," Fuel switch bundle with renewable energy production"
"8343","MAR",3040,"TRNS: Fuel switch bundle with renewable energy production","Transport",0.0431,0.1387,0.1819,0.0253,"TRNS"," Fuel switch bundle with renewable energy production"
"8344","MAR",3040,"TRNS: Fuel switch bundle with renewable energy production","Transport Equipment",0,0.0577,0.0577,0.008,"TRNS"," Fuel switch bundle with renewable energy production"
"8345","MAR",3040,"TRNS: Fuel switch bundle with renewable energy production","Wholesale Trade",0,0.6111,0.6111,0.085,"TRNS"," Fuel switch bundle with renewable energy production"
"8346","MAR",3040,"TRNS: Fuel switch bundle with renewable energy production","Wood and Paper",0,0.1004,0.1004,0.014,"TRNS"," Fuel switch bundle with renewable energy production"
"8347","MAR",3041,"TRNS: Fuel switch maritime","Agriculture",0,0.0278,0.0278,0.005,"TRNS"," Fuel switch maritime"
"8348","MAR",3041,"TRNS: Fuel switch maritime","Construction",0,0.0745,0.0745,0.0133,"TRNS"," Fuel switch maritime"
"8349","MAR",3041,"TRNS: Fuel switch maritime","Education, Health and Other Services",0,0.0313,0.0313,0.0056,"TRNS"," Fuel switch maritime"
"8350","MAR",3041,"TRNS: Fuel switch maritime","Electrical and Machinery",0.9173,0.0413,0.9586,0.1711,"TRNS"," Fuel switch maritime"
"8351","MAR",3041,"TRNS: Fuel switch maritime","Electricity, Gas and Water",0,0.1575,0.1575,0.0281,"TRNS"," Fuel switch maritime"
"8352","MAR",3041,"TRNS: Fuel switch maritime","Financial Intermediation and Business Activities",0,0.4919,0.4919,0.0878,"TRNS"," Fuel switch maritime"
"8353","MAR",3041,"TRNS: Fuel switch maritime","Fishing",0,8e-04,8e-04,1e-04,"TRNS"," Fuel switch maritime"
"8354","MAR",3041,"TRNS: Fuel switch maritime","Food & Beverages",0,0.0029,0.0029,5e-04,"TRNS"," Fuel switch maritime"
"8355","MAR",3041,"TRNS: Fuel switch maritime","Hotels and Restaurants",0,0.0244,0.0244,0.0043,"TRNS"," Fuel switch maritime"
"8356","MAR",3041,"TRNS: Fuel switch maritime","Maintenance and Repair",0,0.0096,0.0096,0.0017,"TRNS"," Fuel switch maritime"
"8357","MAR",3041,"TRNS: Fuel switch maritime","Metal Products",0,0.1715,0.1715,0.0306,"TRNS"," Fuel switch maritime"
"8358","MAR",3041,"TRNS: Fuel switch maritime","Mining and Quarrying",0,0.0441,0.0441,0.0079,"TRNS"," Fuel switch maritime"
"8359","MAR",3041,"TRNS: Fuel switch maritime","Other Manufacturing",0,0.0157,0.0157,0.0028,"TRNS"," Fuel switch maritime"
"8360","MAR",3041,"TRNS: Fuel switch maritime","Others",0,0.0056,0.0056,0.001,"TRNS"," Fuel switch maritime"
"8361","MAR",3041,"TRNS: Fuel switch maritime","Petroleum, Chemical and Non-Metallic Mineral Products",2.1721,0.0448,2.217,0.3957,"TRNS"," Fuel switch maritime"
"8362","MAR",3041,"TRNS: Fuel switch maritime","Post and Telecommunications",0.5275,0.074,0.6015,0.1074,"TRNS"," Fuel switch maritime"
"8363","MAR",3041,"TRNS: Fuel switch maritime","Private Households",0,0,0,0,"TRNS"," Fuel switch maritime"
"8364","MAR",3041,"TRNS: Fuel switch maritime","Public Administration",0,0.0017,0.0017,3e-04,"TRNS"," Fuel switch maritime"
"8365","MAR",3041,"TRNS: Fuel switch maritime","Re-export & Re-import",0,0,0,0,"TRNS"," Fuel switch maritime"
"8366","MAR",3041,"TRNS: Fuel switch maritime","Recycling",0,0.0015,0.0015,3e-04,"TRNS"," Fuel switch maritime"
"8367","MAR",3041,"TRNS: Fuel switch maritime","Retail Trade",0,0.0418,0.0418,0.0075,"TRNS"," Fuel switch maritime"
"8368","MAR",3041,"TRNS: Fuel switch maritime","Textiles and Wearing Apparel",0,0.0015,0.0015,3e-04,"TRNS"," Fuel switch maritime"
"8369","MAR",3041,"TRNS: Fuel switch maritime","Transport",0,0.1554,0.1554,0.0277,"TRNS"," Fuel switch maritime"
"8370","MAR",3041,"TRNS: Fuel switch maritime","Transport Equipment",0,0.0232,0.0232,0.0041,"TRNS"," Fuel switch maritime"
"8371","MAR",3041,"TRNS: Fuel switch maritime","Wholesale Trade",0,0.4305,0.4305,0.0768,"TRNS"," Fuel switch maritime"
"8372","MAR",3041,"TRNS: Fuel switch maritime","Wood and Paper",0,0.1122,0.1122,0.02,"TRNS"," Fuel switch maritime"
"8373","MAR",3042,"TRNS: Fuel switch maritime with renewable energy production","Agriculture",0.0649,0.0278,0.0927,0.0151,"TRNS"," Fuel switch maritime with renewable energy production"
"8374","MAR",3042,"TRNS: Fuel switch maritime with renewable energy production","Construction",0.3698,0.0676,0.4375,0.0715,"TRNS"," Fuel switch maritime with renewable energy production"
"8375","MAR",3042,"TRNS: Fuel switch maritime with renewable energy production","Education, Health and Other Services",0,0.0284,0.0284,0.0046,"TRNS"," Fuel switch maritime with renewable energy production"
"8376","MAR",3042,"TRNS: Fuel switch maritime with renewable energy production","Electrical and Machinery",1.5136,0.0439,1.5575,0.2545,"TRNS"," Fuel switch maritime with renewable energy production"
"8377","MAR",3042,"TRNS: Fuel switch maritime with renewable energy production","Electricity, Gas and Water",0,0.1458,0.1458,0.0238,"TRNS"," Fuel switch maritime with renewable energy production"
"8378","MAR",3042,"TRNS: Fuel switch maritime with renewable energy production","Financial Intermediation and Business Activities",0,0.4997,0.4997,0.0817,"TRNS"," Fuel switch maritime with renewable energy production"
"8379","MAR",3042,"TRNS: Fuel switch maritime with renewable energy production","Fishing",0,0.001,0.001,2e-04,"TRNS"," Fuel switch maritime with renewable energy production"
"8380","MAR",3042,"TRNS: Fuel switch maritime with renewable energy production","Food & Beverages",0,0.0028,0.0028,4e-04,"TRNS"," Fuel switch maritime with renewable energy production"
"8381","MAR",3042,"TRNS: Fuel switch maritime with renewable energy production","Hotels and Restaurants",0,0.0242,0.0242,0.004,"TRNS"," Fuel switch maritime with renewable energy production"
"8382","MAR",3042,"TRNS: Fuel switch maritime with renewable energy production","Maintenance and Repair",0,0.011,0.011,0.0018,"TRNS"," Fuel switch maritime with renewable energy production"
"8383","MAR",3042,"TRNS: Fuel switch maritime with renewable energy production","Metal Products",0.055,0.2507,0.3057,0.05,"TRNS"," Fuel switch maritime with renewable energy production"
"8384","MAR",3042,"TRNS: Fuel switch maritime with renewable energy production","Mining and Quarrying",0,0.0367,0.0367,0.006,"TRNS"," Fuel switch maritime with renewable energy production"
"8385","MAR",3042,"TRNS: Fuel switch maritime with renewable energy production","Other Manufacturing",0.0423,0.0216,0.0639,0.0104,"TRNS"," Fuel switch maritime with renewable energy production"
"8386","MAR",3042,"TRNS: Fuel switch maritime with renewable energy production","Others",0,0.0063,0.0063,0.001,"TRNS"," Fuel switch maritime with renewable energy production"
"8387","MAR",3042,"TRNS: Fuel switch maritime with renewable energy production","Petroleum, Chemical and Non-Metallic Mineral Products",1.6446,0.0967,1.7413,0.2845,"TRNS"," Fuel switch maritime with renewable energy production"
"8388","MAR",3042,"TRNS: Fuel switch maritime with renewable energy production","Post and Telecommunications",0.211,0.0909,0.3019,0.0493,"TRNS"," Fuel switch maritime with renewable energy production"
"8389","MAR",3042,"TRNS: Fuel switch maritime with renewable energy production","Private Households",0,0,0,0,"TRNS"," Fuel switch maritime with renewable energy production"
"8390","MAR",3042,"TRNS: Fuel switch maritime with renewable energy production","Public Administration",0,0.0017,0.0017,3e-04,"TRNS"," Fuel switch maritime with renewable energy production"
"8391","MAR",3042,"TRNS: Fuel switch maritime with renewable energy production","Re-export & Re-import",0,0,0,0,"TRNS"," Fuel switch maritime with renewable energy production"
"8392","MAR",3042,"TRNS: Fuel switch maritime with renewable energy production","Recycling",0,0.0016,0.0016,3e-04,"TRNS"," Fuel switch maritime with renewable energy production"
"8393","MAR",3042,"TRNS: Fuel switch maritime with renewable energy production","Retail Trade",0,0.062,0.062,0.0101,"TRNS"," Fuel switch maritime with renewable energy production"
"8394","MAR",3042,"TRNS: Fuel switch maritime with renewable energy production","Textiles and Wearing Apparel",0,0.0016,0.0016,3e-04,"TRNS"," Fuel switch maritime with renewable energy production"
"8395","MAR",3042,"TRNS: Fuel switch maritime with renewable energy production","Transport",0,0.158,0.158,0.0258,"TRNS"," Fuel switch maritime with renewable energy production"
"8396","MAR",3042,"TRNS: Fuel switch maritime with renewable energy production","Transport Equipment",0,0.0323,0.0323,0.0053,"TRNS"," Fuel switch maritime with renewable energy production"
"8397","MAR",3042,"TRNS: Fuel switch maritime with renewable energy production","Wholesale Trade",0,0.484,0.484,0.0791,"TRNS"," Fuel switch maritime with renewable energy production"
"8398","MAR",3042,"TRNS: Fuel switch maritime with renewable energy production","Wood and Paper",0,0.1219,0.1219,0.0199,"TRNS"," Fuel switch maritime with renewable energy production"
"8399","MAR",3043,"TRNS: Fuel switch medium duty road transport","Agriculture",0,0.0172,0.0172,0.0024,"TRNS"," Fuel switch medium duty road transport"
"8400","MAR",3043,"TRNS: Fuel switch medium duty road transport","Construction",0.2466,0.0593,0.3059,0.042,"TRNS"," Fuel switch medium duty road transport"
"8401","MAR",3043,"TRNS: Fuel switch medium duty road transport","Education, Health and Other Services",0,0.0262,0.0262,0.0036,"TRNS"," Fuel switch medium duty road transport"
"8402","MAR",3043,"TRNS: Fuel switch medium duty road transport","Electrical and Machinery",4.0362,0.0114,4.0476,0.5558,"TRNS"," Fuel switch medium duty road transport"
"8403","MAR",3043,"TRNS: Fuel switch medium duty road transport","Electricity, Gas and Water",0,0.1064,0.1064,0.0146,"TRNS"," Fuel switch medium duty road transport"
"8404","MAR",3043,"TRNS: Fuel switch medium duty road transport","Financial Intermediation and Business Activities",0,0.5294,0.5294,0.0727,"TRNS"," Fuel switch medium duty road transport"
"8405","MAR",3043,"TRNS: Fuel switch medium duty road transport","Fishing",0,6e-04,6e-04,1e-04,"TRNS"," Fuel switch medium duty road transport"
"8406","MAR",3043,"TRNS: Fuel switch medium duty road transport","Food & Beverages",0,0.0012,0.0012,2e-04,"TRNS"," Fuel switch medium duty road transport"
"8407","MAR",3043,"TRNS: Fuel switch medium duty road transport","Hotels and Restaurants",0,0.0248,0.0248,0.0034,"TRNS"," Fuel switch medium duty road transport"
"8408","MAR",3043,"TRNS: Fuel switch medium duty road transport","Maintenance and Repair",0,0.0133,0.0133,0.0018,"TRNS"," Fuel switch medium duty road transport"
"8409","MAR",3043,"TRNS: Fuel switch medium duty road transport","Metal Products",0.1101,0.4827,0.5928,0.0814,"TRNS"," Fuel switch medium duty road transport"
"8410","MAR",3043,"TRNS: Fuel switch medium duty road transport","Mining and Quarrying",0,0.0115,0.0115,0.0016,"TRNS"," Fuel switch medium duty road transport"
"8411","MAR",3043,"TRNS: Fuel switch medium duty road transport","Other Manufacturing",0,0.0282,0.0282,0.0039,"TRNS"," Fuel switch medium duty road transport"
"8412","MAR",3043,"TRNS: Fuel switch medium duty road transport","Others",0,0.0082,0.0082,0.0011,"TRNS"," Fuel switch medium duty road transport"
"8413","MAR",3043,"TRNS: Fuel switch medium duty road transport","Petroleum, Chemical and Non-Metallic Mineral Products",0.0621,0.2053,0.2673,0.0367,"TRNS"," Fuel switch medium duty road transport"
"8414","MAR",3043,"TRNS: Fuel switch medium duty road transport","Post and Telecommunications",0.1055,0.1334,0.2389,0.0328,"TRNS"," Fuel switch medium duty road transport"
"8415","MAR",3043,"TRNS: Fuel switch medium duty road transport","Private Households",0,0,0,0,"TRNS"," Fuel switch medium duty road transport"
"8416","MAR",3043,"TRNS: Fuel switch medium duty road transport","Public Administration",0,0.0017,0.0017,2e-04,"TRNS"," Fuel switch medium duty road transport"
"8417","MAR",3043,"TRNS: Fuel switch medium duty road transport","Re-export & Re-import",0,0,0,0,"TRNS"," Fuel switch medium duty road transport"
"8418","MAR",3043,"TRNS: Fuel switch medium duty road transport","Recycling",0,0.0017,0.0017,2e-04,"TRNS"," Fuel switch medium duty road transport"
"8419","MAR",3043,"TRNS: Fuel switch medium duty road transport","Retail Trade",0,0.0567,0.0567,0.0078,"TRNS"," Fuel switch medium duty road transport"
"8420","MAR",3043,"TRNS: Fuel switch medium duty road transport","Textiles and Wearing Apparel",0,0.0019,0.0019,3e-04,"TRNS"," Fuel switch medium duty road transport"
"8421","MAR",3043,"TRNS: Fuel switch medium duty road transport","Transport",0.0863,0.1384,0.2247,0.0309,"TRNS"," Fuel switch medium duty road transport"
"8422","MAR",3043,"TRNS: Fuel switch medium duty road transport","Transport Equipment",0,0.0582,0.0582,0.008,"TRNS"," Fuel switch medium duty road transport"
"8423","MAR",3043,"TRNS: Fuel switch medium duty road transport","Wholesale Trade",0,0.616,0.616,0.0846,"TRNS"," Fuel switch medium duty road transport"
"8424","MAR",3043,"TRNS: Fuel switch medium duty road transport","Wood and Paper",0,0.1022,0.1022,0.014,"TRNS"," Fuel switch medium duty road transport"
"8425","MAR",3044,"TRNS: Fuel switch medium duty road transport with renewable energy production","Agriculture",0.0324,0.0168,0.0493,0.0069,"TRNS"," Fuel switch medium duty road transport with renewable energy production"
"8426","MAR",3044,"TRNS: Fuel switch medium duty road transport with renewable energy production","Construction",0.1849,0.061,0.2459,0.0342,"TRNS"," Fuel switch medium duty road transport with renewable energy production"
"8427","MAR",3044,"TRNS: Fuel switch medium duty road transport with renewable energy production","Education, Health and Other Services",0,0.026,0.026,0.0036,"TRNS"," Fuel switch medium duty road transport with renewable energy production"
"8428","MAR",3044,"TRNS: Fuel switch medium duty road transport with renewable energy production","Electrical and Machinery",4.0362,0.0093,4.0455,0.5628,"TRNS"," Fuel switch medium duty road transport with renewable energy production"
"8429","MAR",3044,"TRNS: Fuel switch medium duty road transport with renewable energy production","Electricity, Gas and Water",0.0274,0.1052,0.1327,0.0185,"TRNS"," Fuel switch medium duty road transport with renewable energy production"
"8430","MAR",3044,"TRNS: Fuel switch medium duty road transport with renewable energy production","Financial Intermediation and Business Activities",0,0.5257,0.5257,0.0731,"TRNS"," Fuel switch medium duty road transport with renewable energy production"
"8431","MAR",3044,"TRNS: Fuel switch medium duty road transport with renewable energy production","Fishing",0,6e-04,6e-04,1e-04,"TRNS"," Fuel switch medium duty road transport with renewable energy production"
"8432","MAR",3044,"TRNS: Fuel switch medium duty road transport with renewable energy production","Food & Beverages",0,0.0013,0.0013,2e-04,"TRNS"," Fuel switch medium duty road transport with renewable energy production"
"8433","MAR",3044,"TRNS: Fuel switch medium duty road transport with renewable energy production","Hotels and Restaurants",0,0.0247,0.0247,0.0034,"TRNS"," Fuel switch medium duty road transport with renewable energy production"
"8434","MAR",3044,"TRNS: Fuel switch medium duty road transport with renewable energy production","Maintenance and Repair",0,0.0131,0.0131,0.0018,"TRNS"," Fuel switch medium duty road transport with renewable energy production"
"8435","MAR",3044,"TRNS: Fuel switch medium duty road transport with renewable energy production","Metal Products",0.055,0.4799,0.535,0.0744,"TRNS"," Fuel switch medium duty road transport with renewable energy production"
"8436","MAR",3044,"TRNS: Fuel switch medium duty road transport with renewable energy production","Mining and Quarrying",0,0.0127,0.0127,0.0018,"TRNS"," Fuel switch medium duty road transport with renewable energy production"
"8437","MAR",3044,"TRNS: Fuel switch medium duty road transport with renewable energy production","Other Manufacturing",0,0.0274,0.0274,0.0038,"TRNS"," Fuel switch medium duty road transport with renewable energy production"
"8438","MAR",3044,"TRNS: Fuel switch medium duty road transport with renewable energy production","Others",0,0.0081,0.0081,0.0011,"TRNS"," Fuel switch medium duty road transport with renewable energy production"
"8439","MAR",3044,"TRNS: Fuel switch medium duty road transport with renewable energy production","Petroleum, Chemical and Non-Metallic Mineral Products",0.0931,0.2006,0.2937,0.0409,"TRNS"," Fuel switch medium duty road transport with renewable energy production"
"8440","MAR",3044,"TRNS: Fuel switch medium duty road transport with renewable energy production","Post and Telecommunications",0.1055,0.1318,0.2373,0.033,"TRNS"," Fuel switch medium duty road transport with renewable energy production"
"8441","MAR",3044,"TRNS: Fuel switch medium duty road transport with renewable energy production","Private Households",0,0,0,0,"TRNS"," Fuel switch medium duty road transport with renewable energy production"
"8442","MAR",3044,"TRNS: Fuel switch medium duty road transport with renewable energy production","Public Administration",0,0.0017,0.0017,2e-04,"TRNS"," Fuel switch medium duty road transport with renewable energy production"
"8443","MAR",3044,"TRNS: Fuel switch medium duty road transport with renewable energy production","Re-export & Re-import",0,0,0,0,"TRNS"," Fuel switch medium duty road transport with renewable energy production"
"8444","MAR",3044,"TRNS: Fuel switch medium duty road transport with renewable energy production","Recycling",0,0.0016,0.0016,2e-04,"TRNS"," Fuel switch medium duty road transport with renewable energy production"
"8445","MAR",3044,"TRNS: Fuel switch medium duty road transport with renewable energy production","Retail Trade",0,0.0534,0.0534,0.0074,"TRNS"," Fuel switch medium duty road transport with renewable energy production"
"8446","MAR",3044,"TRNS: Fuel switch medium duty road transport with renewable energy production","Textiles and Wearing Apparel",0,0.0019,0.0019,3e-04,"TRNS"," Fuel switch medium duty road transport with renewable energy production"
"8447","MAR",3044,"TRNS: Fuel switch medium duty road transport with renewable energy production","Transport",0.0431,0.1387,0.1819,0.0253,"TRNS"," Fuel switch medium duty road transport with renewable energy production"
"8448","MAR",3044,"TRNS: Fuel switch medium duty road transport with renewable energy production","Transport Equipment",0,0.0577,0.0577,0.008,"TRNS"," Fuel switch medium duty road transport with renewable energy production"
"8449","MAR",3044,"TRNS: Fuel switch medium duty road transport with renewable energy production","Wholesale Trade",0,0.6111,0.6111,0.085,"TRNS"," Fuel switch medium duty road transport with renewable energy production"
"8450","MAR",3044,"TRNS: Fuel switch medium duty road transport with renewable energy production","Wood and Paper",0,0.1004,0.1004,0.014,"TRNS"," Fuel switch medium duty road transport with renewable energy production"
"8451","MAR",3059,"EN: Efficiency bundle","Agriculture",0,0.0406,0.0406,0.0048,"EN"," Efficiency bundle"
"8452","MAR",3059,"EN: Efficiency bundle","Construction",3.7601,0.0233,3.7835,0.4476,"EN"," Efficiency bundle"
"8453","MAR",3059,"EN: Efficiency bundle","Education, Health and Other Services",0,0.0335,0.0335,0.004,"EN"," Efficiency bundle"
"8454","MAR",3059,"EN: Efficiency bundle","Electrical and Machinery",1.4218,0.1109,1.5327,0.1813,"EN"," Efficiency bundle"
"8455","MAR",3059,"EN: Efficiency bundle","Electricity, Gas and Water",0,0.0826,0.0826,0.0098,"EN"," Efficiency bundle"
"8456","MAR",3059,"EN: Efficiency bundle","Financial Intermediation and Business Activities",0.1531,0.5335,0.6865,0.0812,"EN"," Efficiency bundle"
"8457","MAR",3059,"EN: Efficiency bundle","Fishing",0,7e-04,7e-04,1e-04,"EN"," Efficiency bundle"
"8458","MAR",3059,"EN: Efficiency bundle","Food & Beverages",0,0.0015,0.0015,2e-04,"EN"," Efficiency bundle"
"8459","MAR",3059,"EN: Efficiency bundle","Hotels and Restaurants",0,0.0253,0.0253,0.003,"EN"," Efficiency bundle"
"8460","MAR",3059,"EN: Efficiency bundle","Maintenance and Repair",0,0.0151,0.0151,0.0018,"EN"," Efficiency bundle"
"8461","MAR",3059,"EN: Efficiency bundle","Metal Products",0,0.4012,0.4012,0.0475,"EN"," Efficiency bundle"
"8462","MAR",3059,"EN: Efficiency bundle","Mining and Quarrying",0,0.0155,0.0155,0.0018,"EN"," Efficiency bundle"
"8463","MAR",3059,"EN: Efficiency bundle","Other Manufacturing",0,0.0586,0.0586,0.0069,"EN"," Efficiency bundle"
"8464","MAR",3059,"EN: Efficiency bundle","Others",0,0.0066,0.0066,8e-04,"EN"," Efficiency bundle"
"8465","MAR",3059,"EN: Efficiency bundle","Petroleum, Chemical and Non-Metallic Mineral Products",0,0.279,0.279,0.033,"EN"," Efficiency bundle"
"8466","MAR",3059,"EN: Efficiency bundle","Post and Telecommunications",0.211,0.1259,0.3369,0.0399,"EN"," Efficiency bundle"
"8467","MAR",3059,"EN: Efficiency bundle","Private Households",0,0,0,0,"EN"," Efficiency bundle"
"8468","MAR",3059,"EN: Efficiency bundle","Public Administration",0,0.0016,0.0016,2e-04,"EN"," Efficiency bundle"
"8469","MAR",3059,"EN: Efficiency bundle","Re-export & Re-import",0,0,0,0,"EN"," Efficiency bundle"
"8470","MAR",3059,"EN: Efficiency bundle","Recycling",0,0.0013,0.0013,2e-04,"EN"," Efficiency bundle"
"8471","MAR",3059,"EN: Efficiency bundle","Retail Trade",0,0.2254,0.2254,0.0267,"EN"," Efficiency bundle"
"8472","MAR",3059,"EN: Efficiency bundle","Textiles and Wearing Apparel",0,0.0017,0.0017,2e-04,"EN"," Efficiency bundle"
"8473","MAR",3059,"EN: Efficiency bundle","Transport",0,0.1733,0.1733,0.0205,"EN"," Efficiency bundle"
"8474","MAR",3059,"EN: Efficiency bundle","Transport Equipment",0,0.0477,0.0477,0.0056,"EN"," Efficiency bundle"
"8475","MAR",3059,"EN: Efficiency bundle","Wholesale Trade",0,0.5186,0.5186,0.0613,"EN"," Efficiency bundle"
"8476","MAR",3059,"EN: Efficiency bundle","Wood and Paper",0,0.1835,0.1835,0.0217,"EN"," Efficiency bundle"
"8477","MAR",3060,"EN: Efficiency bundle with renewable energy production","Agriculture",0.1297,0.0323,0.1621,0.0215,"EN"," Efficiency bundle with renewable energy production"
"8478","MAR",3060,"EN: Efficiency bundle with renewable energy production","Construction",2.5273,0.0389,2.5662,0.3408,"EN"," Efficiency bundle with renewable energy production"
"8479","MAR",3060,"EN: Efficiency bundle with renewable energy production","Education, Health and Other Services",0.1076,0.0325,0.1401,0.0186,"EN"," Efficiency bundle with renewable energy production"
"8480","MAR",3060,"EN: Efficiency bundle with renewable energy production","Electrical and Machinery",1.1925,0.0851,1.2777,0.1697,"EN"," Efficiency bundle with renewable energy production"
"8481","MAR",3060,"EN: Efficiency bundle with renewable energy production","Electricity, Gas and Water",0.0823,0.0859,0.1682,0.0223,"EN"," Efficiency bundle with renewable energy production"
"8482","MAR",3060,"EN: Efficiency bundle with renewable energy production","Financial Intermediation and Business Activities",0.1148,0.4877,0.6025,0.08,"EN"," Efficiency bundle with renewable energy production"
"8483","MAR",3060,"EN: Efficiency bundle with renewable energy production","Fishing",0,8e-04,8e-04,1e-04,"EN"," Efficiency bundle with renewable energy production"
"8484","MAR",3060,"EN: Efficiency bundle with renewable energy production","Food & Beverages",0,0.002,0.002,3e-04,"EN"," Efficiency bundle with renewable energy production"
"8485","MAR",3060,"EN: Efficiency bundle with renewable energy production","Hotels and Restaurants",0,0.0243,0.0243,0.0032,"EN"," Efficiency bundle with renewable energy production"
"8486","MAR",3060,"EN: Efficiency bundle with renewable energy production","Maintenance and Repair",0,0.0123,0.0123,0.0016,"EN"," Efficiency bundle with renewable energy production"
"8487","MAR",3060,"EN: Efficiency bundle with renewable energy production","Metal Products",0.1101,0.3081,0.4182,0.0555,"EN"," Efficiency bundle with renewable energy production"
"8488","MAR",3060,"EN: Efficiency bundle with renewable energy production","Mining and Quarrying",0,0.0206,0.0206,0.0027,"EN"," Efficiency bundle with renewable energy production"
"8489","MAR",3060,"EN: Efficiency bundle with renewable energy production","Other Manufacturing",0,0.0434,0.0434,0.0058,"EN"," Efficiency bundle with renewable energy production"
"8490","MAR",3060,"EN: Efficiency bundle with renewable energy production","Others",0,0.0059,0.0059,8e-04,"EN"," Efficiency bundle with renewable energy production"
"8491","MAR",3060,"EN: Efficiency bundle with renewable energy production","Petroleum, Chemical and Non-Metallic Mineral Products",0.2793,0.2105,0.4897,0.065,"EN"," Efficiency bundle with renewable energy production"
"8492","MAR",3060,"EN: Efficiency bundle with renewable energy production","Post and Telecommunications",0.3693,0.1058,0.475,0.0631,"EN"," Efficiency bundle with renewable energy production"
"8493","MAR",3060,"EN: Efficiency bundle with renewable energy production","Private Households",0,0,0,0,"EN"," Efficiency bundle with renewable energy production"
"8494","MAR",3060,"EN: Efficiency bundle with renewable energy production","Public Administration",0,0.0015,0.0015,2e-04,"EN"," Efficiency bundle with renewable energy production"
"8495","MAR",3060,"EN: Efficiency bundle with renewable energy production","Re-export & Re-import",0,0,0,0,"EN"," Efficiency bundle with renewable energy production"
"8496","MAR",3060,"EN: Efficiency bundle with renewable energy production","Recycling",0,0.0014,0.0014,2e-04,"EN"," Efficiency bundle with renewable energy production"
"8497","MAR",3060,"EN: Efficiency bundle with renewable energy production","Retail Trade",0,0.1618,0.1618,0.0215,"EN"," Efficiency bundle with renewable energy production"
"8498","MAR",3060,"EN: Efficiency bundle with renewable energy production","Textiles and Wearing Apparel",0,0.0014,0.0014,2e-04,"EN"," Efficiency bundle with renewable energy production"
"8499","MAR",3060,"EN: Efficiency bundle with renewable energy production","Transport",0.1726,0.1541,0.3266,0.0434,"EN"," Efficiency bundle with renewable energy production"
"8500","MAR",3060,"EN: Efficiency bundle with renewable energy production","Transport Equipment",0,0.0379,0.0379,0.005,"EN"," Efficiency bundle with renewable energy production"
"8501","MAR",3060,"EN: Efficiency bundle with renewable energy production","Wholesale Trade",0,0.4429,0.4429,0.0588,"EN"," Efficiency bundle with renewable energy production"
"8502","MAR",3060,"EN: Efficiency bundle with renewable energy production","Wood and Paper",0,0.1466,0.1466,0.0195,"EN"," Efficiency bundle with renewable energy production"
"8503","MAR",3061,"EN: Fuel switch bundle","Agriculture",0,0.0252,0.0252,0.0038,"EN"," Fuel switch bundle"
"8504","MAR",3061,"EN: Fuel switch bundle","Construction",0.9863,0.0558,1.0421,0.1552,"EN"," Fuel switch bundle"
"8505","MAR",3061,"EN: Fuel switch bundle","Education, Health and Other Services",0,0.0343,0.0343,0.0051,"EN"," Fuel switch bundle"
"8506","MAR",3061,"EN: Fuel switch bundle","Electrical and Machinery",1.1925,0.0581,1.2507,0.1863,"EN"," Fuel switch bundle"
"8507","MAR",3061,"EN: Fuel switch bundle","Electricity, Gas and Water",0,0.1155,0.1155,0.0172,"EN"," Fuel switch bundle"
"8508","MAR",3061,"EN: Fuel switch bundle","Financial Intermediation and Business Activities",0,0.4877,0.4877,0.0726,"EN"," Fuel switch bundle"
"8509","MAR",3061,"EN: Fuel switch bundle","Fishing",0,7e-04,7e-04,1e-04,"EN"," Fuel switch bundle"
"8510","MAR",3061,"EN: Fuel switch bundle","Food & Beverages",0,0.0018,0.0018,3e-04,"EN"," Fuel switch bundle"
"8511","MAR",3061,"EN: Fuel switch bundle","Hotels and Restaurants",0,0.0246,0.0246,0.0037,"EN"," Fuel switch bundle"
"8512","MAR",3061,"EN: Fuel switch bundle","Maintenance and Repair",0,0.0102,0.0102,0.0015,"EN"," Fuel switch bundle"
"8513","MAR",3061,"EN: Fuel switch bundle","Metal Products",0.4403,0.2282,0.6685,0.0996,"EN"," Fuel switch bundle"
"8514","MAR",3061,"EN: Fuel switch bundle","Mining and Quarrying",0,0.025,0.025,0.0037,"EN"," Fuel switch bundle"
"8515","MAR",3061,"EN: Fuel switch bundle","Other Manufacturing",0,0.0267,0.0267,0.004,"EN"," Fuel switch bundle"
"8516","MAR",3061,"EN: Fuel switch bundle","Others",0,0.006,0.006,9e-04,"EN"," Fuel switch bundle"
"8517","MAR",3061,"EN: Fuel switch bundle","Petroleum, Chemical and Non-Metallic Mineral Products",0.8378,0.1333,0.9712,0.1447,"EN"," Fuel switch bundle"
"8518","MAR",3061,"EN: Fuel switch bundle","Post and Telecommunications",0.7913,0.089,0.8803,0.1311,"EN"," Fuel switch bundle"
"8519","MAR",3061,"EN: Fuel switch bundle","Private Households",0,0,0,0,"EN"," Fuel switch bundle"
"8520","MAR",3061,"EN: Fuel switch bundle","Public Administration",0,0.0017,0.0017,2e-04,"EN"," Fuel switch bundle"
"8521","MAR",3061,"EN: Fuel switch bundle","Re-export & Re-import",0,0,0,0,"EN"," Fuel switch bundle"
"8522","MAR",3061,"EN: Fuel switch bundle","Recycling",0,0.0021,0.0021,3e-04,"EN"," Fuel switch bundle"
"8523","MAR",3061,"EN: Fuel switch bundle","Retail Trade",0,0.0864,0.0864,0.0129,"EN"," Fuel switch bundle"
"8524","MAR",3061,"EN: Fuel switch bundle","Textiles and Wearing Apparel",0,0.0013,0.0013,2e-04,"EN"," Fuel switch bundle"
"8525","MAR",3061,"EN: Fuel switch bundle","Transport",0.3451,0.1399,0.485,0.0722,"EN"," Fuel switch bundle"
"8526","MAR",3061,"EN: Fuel switch bundle","Transport Equipment",0,0.0305,0.0305,0.0045,"EN"," Fuel switch bundle"
"8527","MAR",3061,"EN: Fuel switch bundle","Wholesale Trade",0,0.4206,0.4206,0.0626,"EN"," Fuel switch bundle"
"8528","MAR",3061,"EN: Fuel switch bundle","Wood and Paper",0,0.1155,0.1155,0.0172,"EN"," Fuel switch bundle"
"8529","MAR",3062,"EN: Fuel switch bundle with renewable energy production","Agriculture",0.2271,0.0234,0.2504,0.0378,"EN"," Fuel switch bundle with renewable energy production"
"8530","MAR",3062,"EN: Fuel switch bundle with renewable energy production","Construction",0.9863,0.0563,1.0425,0.1573,"EN"," Fuel switch bundle with renewable energy production"
"8531","MAR",3062,"EN: Fuel switch bundle with renewable energy production","Education, Health and Other Services",0.2153,0.0313,0.2465,0.0372,"EN"," Fuel switch bundle with renewable energy production"
"8532","MAR",3062,"EN: Fuel switch bundle with renewable energy production","Electrical and Machinery",1.376,0.0512,1.4272,0.2154,"EN"," Fuel switch bundle with renewable energy production"
"8533","MAR",3062,"EN: Fuel switch bundle with renewable energy production","Electricity, Gas and Water",0.1097,0.095,0.2047,0.0309,"EN"," Fuel switch bundle with renewable energy production"
"8534","MAR",3062,"EN: Fuel switch bundle with renewable energy production","Financial Intermediation and Business Activities",0.0383,0.4543,0.4926,0.0743,"EN"," Fuel switch bundle with renewable energy production"
"8535","MAR",3062,"EN: Fuel switch bundle with renewable energy production","Fishing",0,9e-04,9e-04,1e-04,"EN"," Fuel switch bundle with renewable energy production"
"8536","MAR",3062,"EN: Fuel switch bundle with renewable energy production","Food & Beverages",0,0.0025,0.0025,4e-04,"EN"," Fuel switch bundle with renewable energy production"
"8537","MAR",3062,"EN: Fuel switch bundle with renewable energy production","Hotels and Restaurants",0,0.0235,0.0235,0.0035,"EN"," Fuel switch bundle with renewable energy production"
"8538","MAR",3062,"EN: Fuel switch bundle with renewable energy production","Maintenance and Repair",0,0.0099,0.0099,0.0015,"EN"," Fuel switch bundle with renewable energy production"
"8539","MAR",3062,"EN: Fuel switch bundle with renewable energy production","Metal Products",0.1651,0.2469,0.412,0.0622,"EN"," Fuel switch bundle with renewable energy production"
"8540","MAR",3062,"EN: Fuel switch bundle with renewable energy production","Mining and Quarrying",0.0175,0.0237,0.0412,0.0062,"EN"," Fuel switch bundle with renewable energy production"
"8541","MAR",3062,"EN: Fuel switch bundle with renewable energy production","Other Manufacturing",0.0423,0.0262,0.0685,0.0103,"EN"," Fuel switch bundle with renewable energy production"
"8542","MAR",3062,"EN: Fuel switch bundle with renewable energy production","Others",0,0.0056,0.0056,8e-04,"EN"," Fuel switch bundle with renewable energy production"
"8543","MAR",3062,"EN: Fuel switch bundle with renewable energy production","Petroleum, Chemical and Non-Metallic Mineral Products",0.5896,0.1411,0.7307,0.1103,"EN"," Fuel switch bundle with renewable energy production"
"8544","MAR",3062,"EN: Fuel switch bundle with renewable energy production","Post and Telecommunications",0.5275,0.0897,0.6172,0.0931,"EN"," Fuel switch bundle with renewable energy production"
"8545","MAR",3062,"EN: Fuel switch bundle with renewable energy production","Private Households",0,0,0,0,"EN"," Fuel switch bundle with renewable energy production"
"8546","MAR",3062,"EN: Fuel switch bundle with renewable energy production","Public Administration",0.065,0.0015,0.0665,0.01,"EN"," Fuel switch bundle with renewable energy production"
"8547","MAR",3062,"EN: Fuel switch bundle with renewable energy production","Re-export & Re-import",0,0,0,0,"EN"," Fuel switch bundle with renewable energy production"
"8548","MAR",3062,"EN: Fuel switch bundle with renewable energy production","Recycling",0,0.0015,0.0015,2e-04,"EN"," Fuel switch bundle with renewable energy production"
"8549","MAR",3062,"EN: Fuel switch bundle with renewable energy production","Retail Trade",0,0.085,0.085,0.0128,"EN"," Fuel switch bundle with renewable energy production"
"8550","MAR",3062,"EN: Fuel switch bundle with renewable energy production","Textiles and Wearing Apparel",0,0.0013,0.0013,2e-04,"EN"," Fuel switch bundle with renewable energy production"
"8551","MAR",3062,"EN: Fuel switch bundle with renewable energy production","Transport",0.2157,0.1343,0.35,0.0528,"EN"," Fuel switch bundle with renewable energy production"
"8552","MAR",3062,"EN: Fuel switch bundle with renewable energy production","Transport Equipment",0,0.0323,0.0323,0.0049,"EN"," Fuel switch bundle with renewable energy production"
"8553","MAR",3062,"EN: Fuel switch bundle with renewable energy production","Wholesale Trade",0,0.4021,0.4021,0.0607,"EN"," Fuel switch bundle with renewable energy production"
"8554","MAR",3062,"EN: Fuel switch bundle with renewable energy production","Wood and Paper",0,0.1117,0.1117,0.0169,"EN"," Fuel switch bundle with renewable energy production"
"8555","MAR",4002,"IPPU: Reduce cement clinker","Agriculture",0,0.0267,0.0267,0.0042,"IPPU"," Reduce cement clinker"
"8556","MAR",4002,"IPPU: Reduce cement clinker","Construction",0.9863,0.0553,1.0416,0.1659,"IPPU"," Reduce cement clinker"
"8557","MAR",4002,"IPPU: Reduce cement clinker","Education, Health and Other Services",0,0.0266,0.0266,0.0042,"IPPU"," Reduce cement clinker"
"8558","MAR",4002,"IPPU: Reduce cement clinker","Electrical and Machinery",1.4677,0.0526,1.5204,0.2422,"IPPU"," Reduce cement clinker"
"8559","MAR",4002,"IPPU: Reduce cement clinker","Electricity, Gas and Water",0,0.1213,0.1213,0.0193,"IPPU"," Reduce cement clinker"
"8560","MAR",4002,"IPPU: Reduce cement clinker","Financial Intermediation and Business Activities",0,0.4725,0.4725,0.0753,"IPPU"," Reduce cement clinker"
"8561","MAR",4002,"IPPU: Reduce cement clinker","Fishing",0,7e-04,7e-04,1e-04,"IPPU"," Reduce cement clinker"
"8562","MAR",4002,"IPPU: Reduce cement clinker","Food & Beverages",0,0.002,0.002,3e-04,"IPPU"," Reduce cement clinker"
"8563","MAR",4002,"IPPU: Reduce cement clinker","Hotels and Restaurants",0,0.0224,0.0224,0.0036,"IPPU"," Reduce cement clinker"
"8564","MAR",4002,"IPPU: Reduce cement clinker","Maintenance and Repair",0,0.0109,0.0109,0.0017,"IPPU"," Reduce cement clinker"
"8565","MAR",4002,"IPPU: Reduce cement clinker","Metal Products",0.1651,0.264,0.4291,0.0683,"IPPU"," Reduce cement clinker"
"8566","MAR",4002,"IPPU: Reduce cement clinker","Mining and Quarrying",0.1748,0.0278,0.2026,0.0323,"IPPU"," Reduce cement clinker"
"8567","MAR",4002,"IPPU: Reduce cement clinker","Other Manufacturing",0,0.0273,0.0273,0.0044,"IPPU"," Reduce cement clinker"
"8568","MAR",4002,"IPPU: Reduce cement clinker","Others",0,0.006,0.006,0.001,"IPPU"," Reduce cement clinker"
"8569","MAR",4002,"IPPU: Reduce cement clinker","Petroleum, Chemical and Non-Metallic Mineral Products",1.055,0.1315,1.1866,0.189,"IPPU"," Reduce cement clinker"
"8570","MAR",4002,"IPPU: Reduce cement clinker","Post and Telecommunications",0.1583,0.093,0.2513,0.04,"IPPU"," Reduce cement clinker"
"8571","MAR",4002,"IPPU: Reduce cement clinker","Private Households",0,0,0,0,"IPPU"," Reduce cement clinker"
"8572","MAR",4002,"IPPU: Reduce cement clinker","Public Administration",0,0.0016,0.0016,2e-04,"IPPU"," Reduce cement clinker"
"8573","MAR",4002,"IPPU: Reduce cement clinker","Re-export & Re-import",0,0,0,0,"IPPU"," Reduce cement clinker"
"8574","MAR",4002,"IPPU: Reduce cement clinker","Recycling",0,0.0017,0.0017,3e-04,"IPPU"," Reduce cement clinker"
"8575","MAR",4002,"IPPU: Reduce cement clinker","Retail Trade",0,0.0876,0.0876,0.0139,"IPPU"," Reduce cement clinker"
"8576","MAR",4002,"IPPU: Reduce cement clinker","Textiles and Wearing Apparel",0,0.0015,0.0015,2e-04,"IPPU"," Reduce cement clinker"
"8577","MAR",4002,"IPPU: Reduce cement clinker","Transport",0.0863,0.1471,0.2333,0.0372,"IPPU"," Reduce cement clinker"
"8578","MAR",4002,"IPPU: Reduce cement clinker","Transport Equipment",0,0.0334,0.0334,0.0053,"IPPU"," Reduce cement clinker"
"8579","MAR",4002,"IPPU: Reduce cement clinker","Wholesale Trade",0,0.4538,0.4538,0.0723,"IPPU"," Reduce cement clinker"
"8580","MAR",4002,"IPPU: Reduce cement clinker","Wood and Paper",0,0.1177,0.1177,0.0188,"IPPU"," Reduce cement clinker"
"8581","MAR",4003,"IPPU: Reduce fluorinated gasses bundle","Agriculture",0,0.028,0.028,0.0036,"IPPU"," Reduce fluorinated gasses bundle"
"8582","MAR",4003,"IPPU: Reduce fluorinated gasses bundle","Construction",1.7876,0.044,1.8316,0.2323,"IPPU"," Reduce fluorinated gasses bundle"
"8583","MAR",4003,"IPPU: Reduce fluorinated gasses bundle","Education, Health and Other Services",0,0.0277,0.0277,0.0035,"IPPU"," Reduce fluorinated gasses bundle"
"8584","MAR",4003,"IPPU: Reduce fluorinated gasses bundle","Electrical and Machinery",3.1648,0.0528,3.2176,0.4081,"IPPU"," Reduce fluorinated gasses bundle"
"8585","MAR",4003,"IPPU: Reduce fluorinated gasses bundle","Electricity, Gas and Water",0,0.1002,0.1002,0.0127,"IPPU"," Reduce fluorinated gasses bundle"
"8586","MAR",4003,"IPPU: Reduce fluorinated gasses bundle","Financial Intermediation and Business Activities",0,0.5472,0.5472,0.0694,"IPPU"," Reduce fluorinated gasses bundle"
"8587","MAR",4003,"IPPU: Reduce fluorinated gasses bundle","Fishing",0,6e-04,6e-04,1e-04,"IPPU"," Reduce fluorinated gasses bundle"
"8588","MAR",4003,"IPPU: Reduce fluorinated gasses bundle","Food & Beverages",0,0.0014,0.0014,2e-04,"IPPU"," Reduce fluorinated gasses bundle"
"8589","MAR",4003,"IPPU: Reduce fluorinated gasses bundle","Hotels and Restaurants",0,0.025,0.025,0.0032,"IPPU"," Reduce fluorinated gasses bundle"
"8590","MAR",4003,"IPPU: Reduce fluorinated gasses bundle","Maintenance and Repair",0,0.0148,0.0148,0.0019,"IPPU"," Reduce fluorinated gasses bundle"
"8591","MAR",4003,"IPPU: Reduce fluorinated gasses bundle","Metal Products",0,0.4784,0.4784,0.0607,"IPPU"," Reduce fluorinated gasses bundle"
"8592","MAR",4003,"IPPU: Reduce fluorinated gasses bundle","Mining and Quarrying",0,0.0139,0.0139,0.0018,"IPPU"," Reduce fluorinated gasses bundle"
"8593","MAR",4003,"IPPU: Reduce fluorinated gasses bundle","Other Manufacturing",0,0.0427,0.0427,0.0054,"IPPU"," Reduce fluorinated gasses bundle"
"8594","MAR",4003,"IPPU: Reduce fluorinated gasses bundle","Others",0,0.0078,0.0078,0.001,"IPPU"," Reduce fluorinated gasses bundle"
"8595","MAR",4003,"IPPU: Reduce fluorinated gasses bundle","Petroleum, Chemical and Non-Metallic Mineral Products",0.0621,0.2466,0.3086,0.0391,"IPPU"," Reduce fluorinated gasses bundle"
"8596","MAR",4003,"IPPU: Reduce fluorinated gasses bundle","Post and Telecommunications",0,0.1362,0.1362,0.0173,"IPPU"," Reduce fluorinated gasses bundle"
"8597","MAR",4003,"IPPU: Reduce fluorinated gasses bundle","Private Households",0,0,0,0,"IPPU"," Reduce fluorinated gasses bundle"
"8598","MAR",4003,"IPPU: Reduce fluorinated gasses bundle","Public Administration",0,0.0017,0.0017,2e-04,"IPPU"," Reduce fluorinated gasses bundle"
"8599","MAR",4003,"IPPU: Reduce fluorinated gasses bundle","Re-export & Re-import",0,0,0,0,"IPPU"," Reduce fluorinated gasses bundle"
"8600","MAR",4003,"IPPU: Reduce fluorinated gasses bundle","Recycling",0,0.0015,0.0015,2e-04,"IPPU"," Reduce fluorinated gasses bundle"
"8601","MAR",4003,"IPPU: Reduce fluorinated gasses bundle","Retail Trade",0,0.1324,0.1324,0.0168,"IPPU"," Reduce fluorinated gasses bundle"
"8602","MAR",4003,"IPPU: Reduce fluorinated gasses bundle","Textiles and Wearing Apparel",0,0.0019,0.0019,2e-04,"IPPU"," Reduce fluorinated gasses bundle"
"8603","MAR",4003,"IPPU: Reduce fluorinated gasses bundle","Transport",0,0.1595,0.1595,0.0202,"IPPU"," Reduce fluorinated gasses bundle"
"8604","MAR",4003,"IPPU: Reduce fluorinated gasses bundle","Transport Equipment",0,0.0569,0.0569,0.0072,"IPPU"," Reduce fluorinated gasses bundle"
"8605","MAR",4003,"IPPU: Reduce fluorinated gasses bundle","Wholesale Trade",0,0.6068,0.6068,0.077,"IPPU"," Reduce fluorinated gasses bundle"
"8606","MAR",4003,"IPPU: Reduce fluorinated gasses bundle","Wood and Paper",0,0.1413,0.1413,0.0179,"IPPU"," Reduce fluorinated gasses bundle"
"8607","MAR",4004,"IPPU: Reduce Nitrous Oxide emissions","Agriculture",0,0.0281,0.0281,0.0036,"IPPU"," Reduce Nitrous Oxide emissions"
"8608","MAR",4004,"IPPU: Reduce Nitrous Oxide emissions","Construction",1.726,0.0453,1.7712,0.2272,"IPPU"," Reduce Nitrous Oxide emissions"
"8609","MAR",4004,"IPPU: Reduce Nitrous Oxide emissions","Education, Health and Other Services",0,0.0277,0.0277,0.0036,"IPPU"," Reduce Nitrous Oxide emissions"
"8610","MAR",4004,"IPPU: Reduce Nitrous Oxide emissions","Electrical and Machinery",3.073,0.0527,3.1257,0.401,"IPPU"," Reduce Nitrous Oxide emissions"
"8611","MAR",4004,"IPPU: Reduce Nitrous Oxide emissions","Electricity, Gas and Water",0,0.1031,0.1031,0.0132,"IPPU"," Reduce Nitrous Oxide emissions"
"8612","MAR",4004,"IPPU: Reduce Nitrous Oxide emissions","Financial Intermediation and Business Activities",0,0.5455,0.5455,0.07,"IPPU"," Reduce Nitrous Oxide emissions"
"8613","MAR",4004,"IPPU: Reduce Nitrous Oxide emissions","Fishing",0,7e-04,7e-04,1e-04,"IPPU"," Reduce Nitrous Oxide emissions"
"8614","MAR",4004,"IPPU: Reduce Nitrous Oxide emissions","Food & Beverages",0,0.0014,0.0014,2e-04,"IPPU"," Reduce Nitrous Oxide emissions"
"8615","MAR",4004,"IPPU: Reduce Nitrous Oxide emissions","Hotels and Restaurants",0,0.025,0.025,0.0032,"IPPU"," Reduce Nitrous Oxide emissions"
"8616","MAR",4004,"IPPU: Reduce Nitrous Oxide emissions","Maintenance and Repair",0,0.0146,0.0146,0.0019,"IPPU"," Reduce Nitrous Oxide emissions"
"8617","MAR",4004,"IPPU: Reduce Nitrous Oxide emissions","Metal Products",0,0.4667,0.4667,0.0599,"IPPU"," Reduce Nitrous Oxide emissions"
"8618","MAR",4004,"IPPU: Reduce Nitrous Oxide emissions","Mining and Quarrying",0,0.0153,0.0153,0.002,"IPPU"," Reduce Nitrous Oxide emissions"
"8619","MAR",4004,"IPPU: Reduce Nitrous Oxide emissions","Other Manufacturing",0,0.0417,0.0417,0.0054,"IPPU"," Reduce Nitrous Oxide emissions"
"8620","MAR",4004,"IPPU: Reduce Nitrous Oxide emissions","Others",0,0.0077,0.0077,0.001,"IPPU"," Reduce Nitrous Oxide emissions"
"8621","MAR",4004,"IPPU: Reduce Nitrous Oxide emissions","Petroleum, Chemical and Non-Metallic Mineral Products",0.1552,0.2389,0.394,0.0505,"IPPU"," Reduce Nitrous Oxide emissions"
"8622","MAR",4004,"IPPU: Reduce Nitrous Oxide emissions","Post and Telecommunications",0,0.134,0.134,0.0172,"IPPU"," Reduce Nitrous Oxide emissions"
"8623","MAR",4004,"IPPU: Reduce Nitrous Oxide emissions","Private Households",0,0,0,0,"IPPU"," Reduce Nitrous Oxide emissions"
"8624","MAR",4004,"IPPU: Reduce Nitrous Oxide emissions","Public Administration",0,0.0017,0.0017,2e-04,"IPPU"," Reduce Nitrous Oxide emissions"
"8625","MAR",4004,"IPPU: Reduce Nitrous Oxide emissions","Re-export & Re-import",0,0,0,0,"IPPU"," Reduce Nitrous Oxide emissions"
"8626","MAR",4004,"IPPU: Reduce Nitrous Oxide emissions","Recycling",0,0.0015,0.0015,2e-04,"IPPU"," Reduce Nitrous Oxide emissions"
"8627","MAR",4004,"IPPU: Reduce Nitrous Oxide emissions","Retail Trade",0,0.1294,0.1294,0.0166,"IPPU"," Reduce Nitrous Oxide emissions"
"8628","MAR",4004,"IPPU: Reduce Nitrous Oxide emissions","Textiles and Wearing Apparel",0,0.0019,0.0019,2e-04,"IPPU"," Reduce Nitrous Oxide emissions"
"8629","MAR",4004,"IPPU: Reduce Nitrous Oxide emissions","Transport",0,0.1599,0.1599,0.0205,"IPPU"," Reduce Nitrous Oxide emissions"
"8630","MAR",4004,"IPPU: Reduce Nitrous Oxide emissions","Transport Equipment",0,0.0557,0.0557,0.0071,"IPPU"," Reduce Nitrous Oxide emissions"
"8631","MAR",4004,"IPPU: Reduce Nitrous Oxide emissions","Wholesale Trade",0,0.6013,0.6013,0.0771,"IPPU"," Reduce Nitrous Oxide emissions"
"8632","MAR",4004,"IPPU: Reduce Nitrous Oxide emissions","Wood and Paper",0,0.1406,0.1406,0.018,"IPPU"," Reduce Nitrous Oxide emissions"
"8633","MAR",4005,"IPPU: Reduce other fluorinated compounds","Agriculture",0,0.028,0.028,0.0036,"IPPU"," Reduce other fluorinated compounds"
"8634","MAR",4005,"IPPU: Reduce other fluorinated compounds","Construction",1.7876,0.044,1.8316,0.2323,"IPPU"," Reduce other fluorinated compounds"
"8635","MAR",4005,"IPPU: Reduce other fluorinated compounds","Education, Health and Other Services",0,0.0277,0.0277,0.0035,"IPPU"," Reduce other fluorinated compounds"
"8636","MAR",4005,"IPPU: Reduce other fluorinated compounds","Electrical and Machinery",3.1648,0.0528,3.2176,0.4081,"IPPU"," Reduce other fluorinated compounds"
"8637","MAR",4005,"IPPU: Reduce other fluorinated compounds","Electricity, Gas and Water",0,0.1002,0.1002,0.0127,"IPPU"," Reduce other fluorinated compounds"
"8638","MAR",4005,"IPPU: Reduce other fluorinated compounds","Financial Intermediation and Business Activities",0,0.5472,0.5472,0.0694,"IPPU"," Reduce other fluorinated compounds"
"8639","MAR",4005,"IPPU: Reduce other fluorinated compounds","Fishing",0,6e-04,6e-04,1e-04,"IPPU"," Reduce other fluorinated compounds"
"8640","MAR",4005,"IPPU: Reduce other fluorinated compounds","Food & Beverages",0,0.0014,0.0014,2e-04,"IPPU"," Reduce other fluorinated compounds"
"8641","MAR",4005,"IPPU: Reduce other fluorinated compounds","Hotels and Restaurants",0,0.025,0.025,0.0032,"IPPU"," Reduce other fluorinated compounds"
"8642","MAR",4005,"IPPU: Reduce other fluorinated compounds","Maintenance and Repair",0,0.0148,0.0148,0.0019,"IPPU"," Reduce other fluorinated compounds"
"8643","MAR",4005,"IPPU: Reduce other fluorinated compounds","Metal Products",0,0.4784,0.4784,0.0607,"IPPU"," Reduce other fluorinated compounds"
"8644","MAR",4005,"IPPU: Reduce other fluorinated compounds","Mining and Quarrying",0,0.0139,0.0139,0.0018,"IPPU"," Reduce other fluorinated compounds"
"8645","MAR",4005,"IPPU: Reduce other fluorinated compounds","Other Manufacturing",0,0.0427,0.0427,0.0054,"IPPU"," Reduce other fluorinated compounds"
"8646","MAR",4005,"IPPU: Reduce other fluorinated compounds","Others",0,0.0078,0.0078,0.001,"IPPU"," Reduce other fluorinated compounds"
"8647","MAR",4005,"IPPU: Reduce other fluorinated compounds","Petroleum, Chemical and Non-Metallic Mineral Products",0.0621,0.2466,0.3086,0.0391,"IPPU"," Reduce other fluorinated compounds"
"8648","MAR",4005,"IPPU: Reduce other fluorinated compounds","Post and Telecommunications",0,0.1362,0.1362,0.0173,"IPPU"," Reduce other fluorinated compounds"
"8649","MAR",4005,"IPPU: Reduce other fluorinated compounds","Private Households",0,0,0,0,"IPPU"," Reduce other fluorinated compounds"
"8650","MAR",4005,"IPPU: Reduce other fluorinated compounds","Public Administration",0,0.0017,0.0017,2e-04,"IPPU"," Reduce other fluorinated compounds"
"8651","MAR",4005,"IPPU: Reduce other fluorinated compounds","Re-export & Re-import",0,0,0,0,"IPPU"," Reduce other fluorinated compounds"
"8652","MAR",4005,"IPPU: Reduce other fluorinated compounds","Recycling",0,0.0015,0.0015,2e-04,"IPPU"," Reduce other fluorinated compounds"
"8653","MAR",4005,"IPPU: Reduce other fluorinated compounds","Retail Trade",0,0.1324,0.1324,0.0168,"IPPU"," Reduce other fluorinated compounds"
"8654","MAR",4005,"IPPU: Reduce other fluorinated compounds","Textiles and Wearing Apparel",0,0.0019,0.0019,2e-04,"IPPU"," Reduce other fluorinated compounds"
"8655","MAR",4005,"IPPU: Reduce other fluorinated compounds","Transport",0,0.1595,0.1595,0.0202,"IPPU"," Reduce other fluorinated compounds"
"8656","MAR",4005,"IPPU: Reduce other fluorinated compounds","Transport Equipment",0,0.0569,0.0569,0.0072,"IPPU"," Reduce other fluorinated compounds"
"8657","MAR",4005,"IPPU: Reduce other fluorinated compounds","Wholesale Trade",0,0.6068,0.6068,0.077,"IPPU"," Reduce other fluorinated compounds"
"8658","MAR",4005,"IPPU: Reduce other fluorinated compounds","Wood and Paper",0,0.1413,0.1413,0.0179,"IPPU"," Reduce other fluorinated compounds"
"8659","MAR",4006,"IPPU: Reduce use of HFCs","Agriculture",0,0.028,0.028,0.0036,"IPPU"," Reduce use of HFCs"
"8660","MAR",4006,"IPPU: Reduce use of HFCs","Construction",1.7876,0.044,1.8316,0.2323,"IPPU"," Reduce use of HFCs"
"8661","MAR",4006,"IPPU: Reduce use of HFCs","Education, Health and Other Services",0,0.0277,0.0277,0.0035,"IPPU"," Reduce use of HFCs"
"8662","MAR",4006,"IPPU: Reduce use of HFCs","Electrical and Machinery",3.1648,0.0528,3.2176,0.4081,"IPPU"," Reduce use of HFCs"
"8663","MAR",4006,"IPPU: Reduce use of HFCs","Electricity, Gas and Water",0,0.1002,0.1002,0.0127,"IPPU"," Reduce use of HFCs"
"8664","MAR",4006,"IPPU: Reduce use of HFCs","Financial Intermediation and Business Activities",0,0.5472,0.5472,0.0694,"IPPU"," Reduce use of HFCs"
"8665","MAR",4006,"IPPU: Reduce use of HFCs","Fishing",0,6e-04,6e-04,1e-04,"IPPU"," Reduce use of HFCs"
"8666","MAR",4006,"IPPU: Reduce use of HFCs","Food & Beverages",0,0.0014,0.0014,2e-04,"IPPU"," Reduce use of HFCs"
"8667","MAR",4006,"IPPU: Reduce use of HFCs","Hotels and Restaurants",0,0.025,0.025,0.0032,"IPPU"," Reduce use of HFCs"
"8668","MAR",4006,"IPPU: Reduce use of HFCs","Maintenance and Repair",0,0.0148,0.0148,0.0019,"IPPU"," Reduce use of HFCs"
"8669","MAR",4006,"IPPU: Reduce use of HFCs","Metal Products",0,0.4784,0.4784,0.0607,"IPPU"," Reduce use of HFCs"
"8670","MAR",4006,"IPPU: Reduce use of HFCs","Mining and Quarrying",0,0.0139,0.0139,0.0018,"IPPU"," Reduce use of HFCs"
"8671","MAR",4006,"IPPU: Reduce use of HFCs","Other Manufacturing",0,0.0427,0.0427,0.0054,"IPPU"," Reduce use of HFCs"
"8672","MAR",4006,"IPPU: Reduce use of HFCs","Others",0,0.0078,0.0078,0.001,"IPPU"," Reduce use of HFCs"
"8673","MAR",4006,"IPPU: Reduce use of HFCs","Petroleum, Chemical and Non-Metallic Mineral Products",0.0621,0.2466,0.3086,0.0391,"IPPU"," Reduce use of HFCs"
"8674","MAR",4006,"IPPU: Reduce use of HFCs","Post and Telecommunications",0,0.1362,0.1362,0.0173,"IPPU"," Reduce use of HFCs"
"8675","MAR",4006,"IPPU: Reduce use of HFCs","Private Households",0,0,0,0,"IPPU"," Reduce use of HFCs"
"8676","MAR",4006,"IPPU: Reduce use of HFCs","Public Administration",0,0.0017,0.0017,2e-04,"IPPU"," Reduce use of HFCs"
"8677","MAR",4006,"IPPU: Reduce use of HFCs","Re-export & Re-import",0,0,0,0,"IPPU"," Reduce use of HFCs"
"8678","MAR",4006,"IPPU: Reduce use of HFCs","Recycling",0,0.0015,0.0015,2e-04,"IPPU"," Reduce use of HFCs"
"8679","MAR",4006,"IPPU: Reduce use of HFCs","Retail Trade",0,0.1324,0.1324,0.0168,"IPPU"," Reduce use of HFCs"
"8680","MAR",4006,"IPPU: Reduce use of HFCs","Textiles and Wearing Apparel",0,0.0019,0.0019,2e-04,"IPPU"," Reduce use of HFCs"
"8681","MAR",4006,"IPPU: Reduce use of HFCs","Transport",0,0.1595,0.1595,0.0202,"IPPU"," Reduce use of HFCs"
"8682","MAR",4006,"IPPU: Reduce use of HFCs","Transport Equipment",0,0.0569,0.0569,0.0072,"IPPU"," Reduce use of HFCs"
"8683","MAR",4006,"IPPU: Reduce use of HFCs","Wholesale Trade",0,0.6068,0.6068,0.077,"IPPU"," Reduce use of HFCs"
"8684","MAR",4006,"IPPU: Reduce use of HFCs","Wood and Paper",0,0.1413,0.1413,0.0179,"IPPU"," Reduce use of HFCs"
"8685","MAR",4007,"IPPU: Reduce use of PFCs","Agriculture",0,0.028,0.028,0.0036,"IPPU"," Reduce use of PFCs"
"8686","MAR",4007,"IPPU: Reduce use of PFCs","Construction",1.7876,0.044,1.8316,0.2323,"IPPU"," Reduce use of PFCs"
"8687","MAR",4007,"IPPU: Reduce use of PFCs","Education, Health and Other Services",0,0.0277,0.0277,0.0035,"IPPU"," Reduce use of PFCs"
"8688","MAR",4007,"IPPU: Reduce use of PFCs","Electrical and Machinery",3.1648,0.0528,3.2176,0.4081,"IPPU"," Reduce use of PFCs"
"8689","MAR",4007,"IPPU: Reduce use of PFCs","Electricity, Gas and Water",0,0.1002,0.1002,0.0127,"IPPU"," Reduce use of PFCs"
"8690","MAR",4007,"IPPU: Reduce use of PFCs","Financial Intermediation and Business Activities",0,0.5472,0.5472,0.0694,"IPPU"," Reduce use of PFCs"
"8691","MAR",4007,"IPPU: Reduce use of PFCs","Fishing",0,6e-04,6e-04,1e-04,"IPPU"," Reduce use of PFCs"
"8692","MAR",4007,"IPPU: Reduce use of PFCs","Food & Beverages",0,0.0014,0.0014,2e-04,"IPPU"," Reduce use of PFCs"
"8693","MAR",4007,"IPPU: Reduce use of PFCs","Hotels and Restaurants",0,0.025,0.025,0.0032,"IPPU"," Reduce use of PFCs"
"8694","MAR",4007,"IPPU: Reduce use of PFCs","Maintenance and Repair",0,0.0148,0.0148,0.0019,"IPPU"," Reduce use of PFCs"
"8695","MAR",4007,"IPPU: Reduce use of PFCs","Metal Products",0,0.4784,0.4784,0.0607,"IPPU"," Reduce use of PFCs"
"8696","MAR",4007,"IPPU: Reduce use of PFCs","Mining and Quarrying",0,0.0139,0.0139,0.0018,"IPPU"," Reduce use of PFCs"
"8697","MAR",4007,"IPPU: Reduce use of PFCs","Other Manufacturing",0,0.0427,0.0427,0.0054,"IPPU"," Reduce use of PFCs"
"8698","MAR",4007,"IPPU: Reduce use of PFCs","Others",0,0.0078,0.0078,0.001,"IPPU"," Reduce use of PFCs"
"8699","MAR",4007,"IPPU: Reduce use of PFCs","Petroleum, Chemical and Non-Metallic Mineral Products",0.0621,0.2466,0.3086,0.0391,"IPPU"," Reduce use of PFCs"
"8700","MAR",4007,"IPPU: Reduce use of PFCs","Post and Telecommunications",0,0.1362,0.1362,0.0173,"IPPU"," Reduce use of PFCs"
"8701","MAR",4007,"IPPU: Reduce use of PFCs","Private Households",0,0,0,0,"IPPU"," Reduce use of PFCs"
"8702","MAR",4007,"IPPU: Reduce use of PFCs","Public Administration",0,0.0017,0.0017,2e-04,"IPPU"," Reduce use of PFCs"
"8703","MAR",4007,"IPPU: Reduce use of PFCs","Re-export & Re-import",0,0,0,0,"IPPU"," Reduce use of PFCs"
"8704","MAR",4007,"IPPU: Reduce use of PFCs","Recycling",0,0.0015,0.0015,2e-04,"IPPU"," Reduce use of PFCs"
"8705","MAR",4007,"IPPU: Reduce use of PFCs","Retail Trade",0,0.1324,0.1324,0.0168,"IPPU"," Reduce use of PFCs"
"8706","MAR",4007,"IPPU: Reduce use of PFCs","Textiles and Wearing Apparel",0,0.0019,0.0019,2e-04,"IPPU"," Reduce use of PFCs"
"8707","MAR",4007,"IPPU: Reduce use of PFCs","Transport",0,0.1595,0.1595,0.0202,"IPPU"," Reduce use of PFCs"
"8708","MAR",4007,"IPPU: Reduce use of PFCs","Transport Equipment",0,0.0569,0.0569,0.0072,"IPPU"," Reduce use of PFCs"
"8709","MAR",4007,"IPPU: Reduce use of PFCs","Wholesale Trade",0,0.6068,0.6068,0.077,"IPPU"," Reduce use of PFCs"
"8710","MAR",4007,"IPPU: Reduce use of PFCs","Wood and Paper",0,0.1413,0.1413,0.0179,"IPPU"," Reduce use of PFCs"
