"Economic.Sector","Year","Jobs","Pathway"
"Agriculture",2022,2966750.631,"Baseline"
"Post and Telecommunications",2022,201135.636,"Baseline"
"Financial Intermediation and Business Activities",2022,402271.272,"Baseline"
"Fishing",2022,170965.2906,"Baseline"
"Wood and Paper",2022,50283.909,"Baseline"
"Retail Trade",2022,854826.453,"Baseline"
"Textiles and Wearing Apparel",2022,362044.1448,"Baseline"
"Education, Health and Other Services",2022,522952.6536,"Baseline"
"Hotels and Restaurants",2022,331873.7994,"Baseline"
"Mining and Quarrying",2022,110624.5998,"Baseline"
"Public Administration",2022,492782.3082,"Baseline"
"Re-export & Re-import",2022,10056.7818,"Baseline"
"Electrical and Machinery",2022,110624.5998,"Baseline"
"Wholesale Trade",2022,452555.181,"Baseline"
"Other Manufacturing",2022,100567.818,"Baseline"
"Private Households",2022,140794.9452,"Baseline"
"Electricity, Gas and Water",2022,100567.818,"Baseline"
"Metal Products",2022,130738.1634,"Baseline"
"Maintenance and Repair",2022,392214.4902,"Baseline"
"Recycling",2022,10056.7818,"Baseline"
"Transport Equipment",2022,40227.1272,"Baseline"
"Construction",2022,1126359.5616,"Baseline"
"Others",2022,20113.5636,"Baseline"
"Transport",2022,482725.5264,"Baseline"
"Petroleum, Chemical and Non-Metallic Mineral Products",2022,251419.545,"Baseline"
"Food & Beverages",2022,221249.1996,"Baseline"
"Post and Telecommunications",2023,203385.123949745,"Baseline"
"Mining and Quarrying",2023,111861.81817236,"Baseline"
"Other Manufacturing",2023,101692.561974872,"Baseline"
"Electricity, Gas and Water",2023,101692.561974872,"Baseline"
"Construction",2023,1138956.69411857,"Baseline"
"Wood and Paper",2023,50846.2809874362,"Baseline"
"Others",2023,20338.5123949745,"Baseline"
"Re-export & Re-import",2023,10169.2561974872,"Baseline"
"Transport Equipment",2023,40677.024789949,"Baseline"
"Education, Health and Other Services",2023,528801.322269337,"Baseline"
"Agriculture",2023,2999930.57825874,"Baseline"
"Textiles and Wearing Apparel",2023,366093.223109541,"Baseline"
"Transport",2023,488124.297479388,"Baseline"
"Electrical and Machinery",2023,111861.81817236,"Baseline"
"Fishing",2023,172877.355357283,"Baseline"
"Recycling",2023,10169.2561974872,"Baseline"
"Retail Trade",2023,864386.776786416,"Baseline"
"Financial Intermediation and Business Activities",2023,406770.24789949,"Baseline"
"Petroleum, Chemical and Non-Metallic Mineral Products",2023,254231.404937181,"Baseline"
"Hotels and Restaurants",2023,335585.454517079,"Baseline"
"Wholesale Trade",2023,457616.528886926,"Baseline"
"Private Households",2023,142369.586764821,"Baseline"
"Metal Products",2023,132200.330567334,"Baseline"
"Public Administration",2023,498293.553676875,"Baseline"
"Maintenance and Repair",2023,396600.991702003,"Baseline"
"Food & Beverages",2023,223723.636344719,"Baseline"
"Wood and Paper",2024,51407.2864285714,"Baseline"
"Fishing",2024,174784.773857143,"Baseline"
"Transport Equipment",2024,41125.8291428571,"Baseline"
"Re-export & Re-import",2024,10281.4572857143,"Baseline"
"Agriculture",2024,3033029.89928571,"Baseline"
"Post and Telecommunications",2024,205629.145714286,"Baseline"
"Textiles and Wearing Apparel",2024,370132.462285714,"Baseline"
"Hotels and Restaurants",2024,339288.090428571,"Baseline"
"Retail Trade",2024,873923.869285714,"Baseline"
"Other Manufacturing",2024,102814.572857143,"Baseline"
"Electricity, Gas and Water",2024,102814.572857143,"Baseline"
"Wholesale Trade",2024,462665.577857143,"Baseline"
"Mining and Quarrying",2024,113096.030142857,"Baseline"
"Others",2024,20562.9145714286,"Baseline"
"Transport",2024,493509.949714286,"Baseline"
"Metal Products",2024,133658.944714286,"Baseline"
"Food & Beverages",2024,226192.060285714,"Baseline"
"Private Households",2024,143940.402,"Baseline"
"Construction",2024,1151523.216,"Baseline"
"Education, Health and Other Services",2024,534635.778857143,"Baseline"
"Recycling",2024,10281.4572857143,"Baseline"
"Petroleum, Chemical and Non-Metallic Mineral Products",2024,257036.432142857,"Baseline"
"Electrical and Machinery",2024,113096.030142857,"Baseline"
"Maintenance and Repair",2024,400976.834142857,"Baseline"
"Financial Intermediation and Business Activities",2024,411258.291428571,"Baseline"
"Public Administration",2024,503791.407,"Baseline"
"Post and Telecommunications",2025,207335.516441327,"Baseline"
"Mining and Quarrying",2025,114034.53404273,"Baseline"
"Wood and Paper",2025,51833.8791103316,"Baseline"
"Other Manufacturing",2025,103667.758220663,"Baseline"
"Electrical and Machinery",2025,114034.53404273,"Baseline"
"Others",2025,20733.5516441327,"Baseline"
"Private Households",2025,145134.861508929,"Baseline"
"Financial Intermediation and Business Activities",2025,414671.032882653,"Baseline"
"Electricity, Gas and Water",2025,103667.758220663,"Baseline"
"Agriculture",2025,3058198.86750957,"Baseline"
"Fishing",2025,176235.188975128,"Baseline"
"Transport Equipment",2025,41467.1032882653,"Baseline"
"Education, Health and Other Services",2025,539072.342747449,"Baseline"
"Hotels and Restaurants",2025,342103.602128189,"Baseline"
"Retail Trade",2025,881175.944875638,"Baseline"
"Public Administration",2025,507972.01528125,"Baseline"
"Re-export & Re-import",2025,10366.7758220663,"Baseline"
"Construction",2025,1161078.89207143,"Baseline"
"Wholesale Trade",2025,466504.911992985,"Baseline"
"Recycling",2025,10366.7758220663,"Baseline"
"Textiles and Wearing Apparel",2025,373203.929594388,"Baseline"
"Transport",2025,497605.239459184,"Baseline"
"Metal Products",2025,134768.085686862,"Baseline"
"Maintenance and Repair",2025,404304.257060587,"Baseline"
"Petroleum, Chemical and Non-Metallic Mineral Products",2025,259169.395551658,"Baseline"
"Food & Beverages",2025,228069.068085459,"Baseline"
"Post and Telecommunications",2026,209041.043314286,"Baseline"
"Re-export & Re-import",2026,10452.0521657143,"Baseline"
"Mining and Quarrying",2026,114972.573822857,"Baseline"
"Textiles and Wearing Apparel",2026,376273.877965714,"Baseline"
"Fishing",2026,177684.886817143,"Baseline"
"Hotels and Restaurants",2026,344917.721468571,"Baseline"
"Wholesale Trade",2026,470342.347457143,"Baseline"
"Other Manufacturing",2026,104520.521657143,"Baseline"
"Transport",2026,501698.503954286,"Baseline"
"Electricity, Gas and Water",2026,104520.521657143,"Baseline"
"Wood and Paper",2026,52260.2608285714,"Baseline"
"Maintenance and Repair",2026,407630.034462857,"Baseline"
"Financial Intermediation and Business Activities",2026,418082.086628571,"Baseline"
"Transport Equipment",2026,41808.2086628571,"Baseline"
"Metal Products",2026,135876.678154286,"Baseline"
"Others",2026,20904.1043314286,"Baseline"
"Private Households",2026,146328.73032,"Baseline"
"Petroleum, Chemical and Non-Metallic Mineral Products",2026,261301.304142857,"Baseline"
"Electrical and Machinery",2026,114972.573822857,"Baseline"
"Food & Beverages",2026,229945.147645714,"Baseline"
"Recycling",2026,10452.0521657143,"Baseline"
"Agriculture",2026,3083355.38888571,"Baseline"
"Retail Trade",2026,888424.434085714,"Baseline"
"Public Administration",2026,512150.55612,"Baseline"
"Construction",2026,1170629.84256,"Baseline"
"Education, Health and Other Services",2026,543506.712617143,"Baseline"
"Fishing",2027,179133.81188361,"Baseline"
"Agriculture",2027,3108498.50033323,"Baseline"
"Post and Telecommunications",2027,210745.661039541,"Baseline"
"Education, Health and Other Services",2027,547938.718702806,"Baseline"
"Hotels and Restaurants",2027,347730.340715242,"Baseline"
"Retail Trade",2027,895669.059418048,"Baseline"
"Public Administration",2027,516326.869546875,"Baseline"
"Re-export & Re-import",2027,10537.283051977,"Baseline"
"Electrical and Machinery",2027,115910.113571747,"Baseline"
"Wholesale Trade",2027,474177.737338967,"Baseline"
"Other Manufacturing",2027,105372.83051977,"Baseline"
"Financial Intermediation and Business Activities",2027,421491.322079082,"Baseline"
"Electricity, Gas and Water",2027,105372.83051977,"Baseline"
"Wood and Paper",2027,52686.4152598852,"Baseline"
"Maintenance and Repair",2027,410954.039027105,"Baseline"
"Textiles and Wearing Apparel",2027,379342.189871173,"Baseline"
"Transport Equipment",2027,42149.1322079082,"Baseline"
"Metal Products",2027,136984.679675702,"Baseline"
"Mining and Quarrying",2027,115910.113571747,"Baseline"
"Recycling",2027,10537.283051977,"Baseline"
"Transport",2027,505789.586494898,"Baseline"
"Construction",2027,1180175.70182143,"Baseline"
"Food & Beverages",2027,231820.227143495,"Baseline"
"Others",2027,21074.5661039541,"Baseline"
"Private Households",2027,147521.962727679,"Baseline"
"Petroleum, Chemical and Non-Metallic Mineral Products",2027,263432.076299426,"Baseline"
"Construction",2028,1189669.83598286,"Baseline"
"Mining and Quarrying",2028,116842.573176888,"Baseline"
"Post and Telecommunications",2028,212441.042139796,"Baseline"
"Re-export & Re-import",2028,10622.0521069898,"Baseline"
"Transport Equipment",2028,42488.2084279592,"Baseline"
"Wood and Paper",2028,53110.260534949,"Baseline"
"Others",2028,21244.1042139796,"Baseline"
"Textiles and Wearing Apparel",2028,382393.875851633,"Baseline"
"Transport",2028,509858.50113551,"Baseline"
"Electrical and Machinery",2028,116842.573176888,"Baseline"
"Agriculture",2028,3133505.37156199,"Baseline"
"Recycling",2028,10622.0521069898,"Baseline"
"Other Manufacturing",2028,106220.521069898,"Baseline"
"Financial Intermediation and Business Activities",2028,424882.084279592,"Baseline"
"Fishing",2028,180574.885818827,"Baseline"
"Hotels and Restaurants",2028,350527.719530663,"Baseline"
"Retail Trade",2028,902874.429094133,"Baseline"
"Private Households",2028,148708.729497857,"Baseline"
"Education, Health and Other Services",2028,552346.709563469,"Baseline"
"Electricity, Gas and Water",2028,106220.521069898,"Baseline"
"Wholesale Trade",2028,477992.344814541,"Baseline"
"Public Administration",2028,520480.5532425,"Baseline"
"Petroleum, Chemical and Non-Metallic Mineral Products",2028,265551.302674745,"Baseline"
"Metal Products",2028,138086.677390867,"Baseline"
"Maintenance and Repair",2028,414260.032172602,"Baseline"
"Food & Beverages",2028,233685.146353776,"Baseline"
"Fishing",2029,182022.076479375,"Baseline"
"Post and Telecommunications",2029,214143.6193875,"Baseline"
"Re-export & Re-import",2029,10707.180969375,"Baseline"
"Hotels and Restaurants",2029,353336.971989375,"Baseline"
"Retail Trade",2029,910110.382396875,"Baseline"
"Textiles and Wearing Apparel",2029,385458.5148975,"Baseline"
"Electricity, Gas and Water",2029,107071.80969375,"Baseline"
"Agriculture",2029,3158618.38596562,"Baseline"
"Mining and Quarrying",2029,117778.990663125,"Baseline"
"Other Manufacturing",2029,107071.80969375,"Baseline"
"Transport",2029,513944.68653,"Baseline"
"Metal Products",2029,139193.352601875,"Baseline"
"Wholesale Trade",2029,481823.143621875,"Baseline"
"Others",2029,21414.36193875,"Baseline"
"Private Households",2029,149900.53357125,"Baseline"
"Construction",2029,1199204.26857,"Baseline"
"Wood and Paper",2029,53535.904846875,"Baseline"
"Recycling",2029,10707.180969375,"Baseline"
"Transport Equipment",2029,42828.7238775,"Baseline"
"Education, Health and Other Services",2029,556773.4104075,"Baseline"
"Petroleum, Chemical and Non-Metallic Mineral Products",2029,267679.524234375,"Baseline"
"Electrical and Machinery",2029,117778.990663125,"Baseline"
"Maintenance and Repair",2029,417580.057805625,"Baseline"
"Financial Intermediation and Business Activities",2029,428287.238775,"Baseline"
"Food & Beverages",2029,235557.98132625,"Baseline"
"Public Administration",2029,524651.867499375,"Baseline"
"Mining and Quarrying",2030,118714.799791837,"Baseline"
"Wood and Paper",2030,53961.2726326531,"Baseline"
"Other Manufacturing",2030,107922.545265306,"Baseline"
"Electrical and Machinery",2030,118714.799791837,"Baseline"
"Others",2030,21584.5090530612,"Baseline"
"Financial Intermediation and Business Activities",2030,431690.181061225,"Baseline"
"Fishing",2030,183468.32695102,"Baseline"
"Transport Equipment",2030,43169.0181061225,"Baseline"
"Education, Health and Other Services",2030,561197.235379592,"Baseline"
"Agriculture",2030,3183715.08532653,"Baseline"
"Retail Trade",2030,917341.634755102,"Baseline"
"Public Administration",2030,528820.4718,"Baseline"
"Re-export & Re-import",2030,10792.2545265306,"Baseline"
"Hotels and Restaurants",2030,356144.39937551,"Baseline"
"Wholesale Trade",2030,485651.453693878,"Baseline"
"Post and Telecommunications",2030,215845.090530612,"Baseline"
"Textiles and Wearing Apparel",2030,388521.162955102,"Baseline"
"Electricity, Gas and Water",2030,107922.545265306,"Baseline"
"Metal Products",2030,140299.308844898,"Baseline"
"Maintenance and Repair",2030,420897.926534694,"Baseline"
"Recycling",2030,10792.2545265306,"Baseline"
"Transport",2030,518028.217273469,"Baseline"
"Construction",2030,1208732.50697143,"Baseline"
"Food & Beverages",2030,237429.599583673,"Baseline"
"Private Households",2030,151091.563371429,"Baseline"
"Petroleum, Chemical and Non-Metallic Mineral Products",2030,269806.363163265,"Baseline"
"Post and Telecommunications",2031,217537.050671173,"Baseline"
"Hotels and Restaurants",2031,358936.133607436,"Baseline"
"Mining and Quarrying",2031,119645.377869145,"Baseline"
"Textiles and Wearing Apparel",2031,391566.691208112,"Baseline"
"Fishing",2031,184906.493070497,"Baseline"
"Electricity, Gas and Water",2031,108768.525335587,"Baseline"
"Wood and Paper",2031,54384.2626677934,"Baseline"
"Other Manufacturing",2031,108768.525335587,"Baseline"
"Re-export & Re-import",2031,10876.8525335587,"Baseline"
"Transport Equipment",2031,43507.4101342347,"Baseline"
"Metal Products",2031,141399.082936263,"Baseline"
"Others",2031,21753.7050671173,"Baseline"
"Private Households",2031,152275.935469821,"Baseline"
"Petroleum, Chemical and Non-Metallic Mineral Products",2031,271921.313338967,"Baseline"
"Electrical and Machinery",2031,119645.377869145,"Baseline"
"Food & Beverages",2031,239290.755738291,"Baseline"
"Recycling",2031,10876.8525335587,"Baseline"
"Agriculture",2031,3208671.49739981,"Baseline"
"Retail Trade",2031,924532.465352487,"Baseline"
"Financial Intermediation and Business Activities",2031,435074.101342347,"Baseline"
"Construction",2031,1218207.48375857,"Baseline"
"Wholesale Trade",2031,489458.36401014,"Baseline"
"Public Administration",2031,532965.774144375,"Baseline"
"Education, Health and Other Services",2031,565596.331745051,"Baseline"
"Maintenance and Repair",2031,424197.248808788,"Baseline"
"Transport",2031,522088.921610816,"Baseline"
"Fishing",2032,186343.562993112,"Baseline"
"Education, Health and Other Services",2032,569992.075037755,"Baseline"
"Agriculture",2032,3233608.88723342,"Baseline"
"Re-export & Re-import",2032,10961.3860584184,"Baseline"
"Hotels and Restaurants",2032,361725.739927806,"Baseline"
"Retail Trade",2032,931717.814965561,"Baseline"
"Post and Telecommunications",2032,219227.721168367,"Baseline"
"Financial Intermediation and Business Activities",2032,438455.442336735,"Baseline"
"Electricity, Gas and Water",2032,109613.860584184,"Baseline"
"Wholesale Trade",2032,493262.372628827,"Baseline"
"Maintenance and Repair",2032,427494.056278316,"Baseline"
"Textiles and Wearing Apparel",2032,394609.898103061,"Baseline"
"Transport Equipment",2032,43845.5442336735,"Baseline"
"Metal Products",2032,142498.018759439,"Baseline"
"Mining and Quarrying",2032,120575.246642602,"Baseline"
"Public Administration",2032,537107.9168625,"Baseline"
"Transport",2032,526146.530804082,"Baseline"
"Electrical and Machinery",2032,120575.246642602,"Baseline"
"Food & Beverages",2032,241150.493285204,"Baseline"
"Other Manufacturing",2032,109613.860584184,"Baseline"
"Private Households",2032,153459.404817857,"Baseline"
"Construction",2032,1227675.23854286,"Baseline"
"Wood and Paper",2032,54806.9302920918,"Baseline"
"Others",2032,21922.7721168367,"Baseline"
"Recycling",2032,10961.3860584184,"Baseline"
"Petroleum, Chemical and Non-Metallic Mineral Products",2032,274034.651460459,"Baseline"
"Transport Equipment",2033,44185.0851821939,"Baseline"
"Wood and Paper",2033,55231.3564777424,"Baseline"
"Post and Telecommunications",2033,220925.425910969,"Baseline"
"Textiles and Wearing Apparel",2033,397665.766639745,"Baseline"
"Transport",2033,530221.022186327,"Baseline"
"Electrical and Machinery",2033,121508.984251033,"Baseline"
"Mining and Quarrying",2033,121508.984251033,"Baseline"
"Agriculture",2033,3258650.0321868,"Baseline"
"Other Manufacturing",2033,110462.712955485,"Baseline"
"Financial Intermediation and Business Activities",2033,441850.851821939,"Baseline"
"Fishing",2033,187786.612024324,"Baseline"
"Hotels and Restaurants",2033,364526.9527531,"Baseline"
"Retail Trade",2033,938933.06012162,"Baseline"
"Private Households",2033,154647.798137679,"Baseline"
"Education, Health and Other Services",2033,574406.10736852,"Baseline"
"Electricity, Gas and Water",2033,110462.712955485,"Baseline"
"Others",2033,22092.5425910969,"Baseline"
"Public Administration",2033,541267.293481875,"Baseline"
"Re-export & Re-import",2033,11046.2712955485,"Baseline"
"Petroleum, Chemical and Non-Metallic Mineral Products",2033,276156.782388712,"Baseline"
"Wholesale Trade",2033,497082.208299681,"Baseline"
"Recycling",2033,11046.2712955485,"Baseline"
"Metal Products",2033,143601.52684213,"Baseline"
"Maintenance and Repair",2033,430804.58052639,"Baseline"
"Construction",2033,1237182.38510143,"Baseline"
"Food & Beverages",2033,243017.968502066,"Baseline"
"Post and Telecommunications",2034,222066.299167347,"Baseline"
"Fishing",2034,188756.354292245,"Baseline"
"Retail Trade",2034,943781.771461225,"Baseline"
"Re-export & Re-import",2034,11103.3149583673,"Baseline"
"Mining and Quarrying",2034,122136.464542041,"Baseline"
"Textiles and Wearing Apparel",2034,399719.338501225,"Baseline"
"Electricity, Gas and Water",2034,111033.149583673,"Baseline"
"Hotels and Restaurants",2034,366409.393626122,"Baseline"
"Agriculture",2034,3275477.91271837,"Baseline"
"Other Manufacturing",2034,111033.149583673,"Baseline"
"Transport",2034,532959.118001633,"Baseline"
"Construction",2034,1243571.27533714,"Baseline"
"Wood and Paper",2034,55516.5747918367,"Baseline"
"Others",2034,22206.6299167347,"Baseline"
"Private Households",2034,155446.409417143,"Baseline"
"Transport Equipment",2034,44413.2598334694,"Baseline"
"Education, Health and Other Services",2034,577372.377835102,"Baseline"
"Wholesale Trade",2034,499649.173126531,"Baseline"
"Recycling",2034,11103.3149583673,"Baseline"
"Petroleum, Chemical and Non-Metallic Mineral Products",2034,277582.873959184,"Baseline"
"Electrical and Machinery",2034,122136.464542041,"Baseline"
"Metal Products",2034,144343.094458776,"Baseline"
"Maintenance and Repair",2034,433029.283376327,"Baseline"
"Financial Intermediation and Business Activities",2034,444132.598334694,"Baseline"
"Food & Beverages",2034,244272.929084082,"Baseline"
"Public Administration",2034,544062.43296,"Baseline"
"Wood and Paper",2035,55939.8733832908,"Baseline"
"Financial Intermediation and Business Activities",2035,447518.987066327,"Baseline"
"Others",2035,22375.9493533163,"Baseline"
"Transport Equipment",2035,44751.8987066327,"Baseline"
"Fishing",2035,190195.569503189,"Baseline"
"Agriculture",2035,3300452.52961416,"Baseline"
"Retail Trade",2035,950977.847515944,"Baseline"
"Public Administration",2035,548210.75915625,"Baseline"
"Re-export & Re-import",2035,11187.9746766582,"Baseline"
"Hotels and Restaurants",2035,369203.164329719,"Baseline"
"Wholesale Trade",2035,503458.860449617,"Baseline"
"Post and Telecommunications",2035,223759.493533163,"Baseline"
"Textiles and Wearing Apparel",2035,402767.088359694,"Baseline"
"Electricity, Gas and Water",2035,111879.746766582,"Baseline"
"Metal Products",2035,145443.670796556,"Baseline"
"Maintenance and Repair",2035,436331.012389668,"Baseline"
"Other Manufacturing",2035,111879.746766582,"Baseline"
"Education, Health and Other Services",2035,581774.683186225,"Baseline"
"Electrical and Machinery",2035,123067.72144324,"Baseline"
"Mining and Quarrying",2035,123067.72144324,"Baseline"
"Transport",2035,537022.784479592,"Baseline"
"Construction",2035,1253053.16378571,"Baseline"
"Food & Beverages",2035,246135.44288648,"Baseline"
"Private Households",2035,156631.645473214,"Baseline"
"Petroleum, Chemical and Non-Metallic Mineral Products",2035,279699.366916454,"Baseline"
"Recycling",2035,11187.9746766582,"Baseline"
"Post and Telecommunications",2036,224900.784,"Baseline"
"Mining and Quarrying",2036,123695.4312,"Baseline"
"Electricity, Gas and Water",2036,112450.392,"Baseline"
"Wood and Paper",2036,56225.196,"Baseline"
"Fishing",2036,191165.6664,"Baseline"
"Transport Equipment",2036,44980.1568,"Baseline"
"Metal Products",2036,146185.5096,"Baseline"
"Other Manufacturing",2036,112450.392,"Baseline"
"Private Households",2036,157430.5488,"Baseline"
"Re-export & Re-import",2036,11245.0392,"Baseline"
"Electrical and Machinery",2036,123695.4312,"Baseline"
"Others",2036,22490.0784,"Baseline"
"Recycling",2036,11245.0392,"Baseline"
"Agriculture",2036,3317286.564,"Baseline"
"Retail Trade",2036,955828.332,"Baseline"
"Financial Intermediation and Business Activities",2036,449801.568,"Baseline"
"Construction",2036,1259444.3904,"Baseline"
"Hotels and Restaurants",2036,371086.2936,"Baseline"
"Wholesale Trade",2036,506026.764,"Baseline"
"Textiles and Wearing Apparel",2036,404821.4112,"Baseline"
"Education, Health and Other Services",2036,584742.0384,"Baseline"
"Petroleum, Chemical and Non-Metallic Mineral Products",2036,281125.98,"Baseline"
"Public Administration",2036,551006.9208,"Baseline"
"Transport",2036,539761.8816,"Baseline"
"Maintenance and Repair",2036,438556.5288,"Baseline"
"Food & Beverages",2036,247390.8624,"Baseline"
"Agriculture",2037,3342065.69677902,"Baseline"
"Fishing",2037,192593.616424554,"Baseline"
"Hotels and Restaurants",2037,373858.196588839,"Baseline"
"Post and Telecommunications",2037,226580.725205357,"Baseline"
"Re-export & Re-import",2037,11329.0362602679,"Baseline"
"Electricity, Gas and Water",2037,113290.362602679,"Baseline"
"Maintenance and Repair",2037,441832.414150446,"Baseline"
"Financial Intermediation and Business Activities",2037,453161.450410714,"Baseline"
"Transport Equipment",2037,45316.1450410714,"Baseline"
"Wholesale Trade",2037,509806.631712054,"Baseline"
"Mining and Quarrying",2037,124619.398862946,"Baseline"
"Textiles and Wearing Apparel",2037,407845.305369643,"Baseline"
"Transport",2037,543793.740492857,"Baseline"
"Metal Products",2037,147277.471383482,"Baseline"
"Food & Beverages",2037,249238.797725893,"Baseline"
"Other Manufacturing",2037,113290.362602679,"Baseline"
"Private Households",2037,158606.50764375,"Baseline"
"Construction",2037,1268852.06115,"Baseline"
"Wood and Paper",2037,56645.1813013393,"Baseline"
"Others",2037,22658.0725205357,"Baseline"
"Recycling",2037,11329.0362602679,"Baseline"
"Petroleum, Chemical and Non-Metallic Mineral Products",2037,283225.906506696,"Baseline"
"Education, Health and Other Services",2037,589109.885533929,"Baseline"
"Retail Trade",2037,962968.082122768,"Baseline"
"Electrical and Machinery",2037,124619.398862946,"Baseline"
"Public Administration",2037,555122.776753125,"Baseline"
"Wood and Paper",2038,56930.5631938775,"Baseline"
"Post and Telecommunications",2038,227722.25277551,"Baseline"
"Electrical and Machinery",2038,125247.239026531,"Baseline"
"Mining and Quarrying",2038,125247.239026531,"Baseline"
"Textiles and Wearing Apparel",2038,409900.054995918,"Baseline"
"Financial Intermediation and Business Activities",2038,455444.50555102,"Baseline"
"Fishing",2038,193563.914859184,"Baseline"
"Agriculture",2038,3358903.22843878,"Baseline"
"Other Manufacturing",2038,113861.126387755,"Baseline"
"Transport Equipment",2038,45544.450555102,"Baseline"
"Education, Health and Other Services",2038,592077.857216327,"Baseline"
"Hotels and Restaurants",2038,375741.717079592,"Baseline"
"Retail Trade",2038,967819.574295918,"Baseline"
"Public Administration",2038,557919.5193,"Baseline"
"Re-export & Re-import",2038,11386.1126387755,"Baseline"
"Electricity, Gas and Water",2038,113861.126387755,"Baseline"
"Wholesale Trade",2038,512375.068744898,"Baseline"
"Recycling",2038,11386.1126387755,"Baseline"
"Private Households",2038,159405.576942857,"Baseline"
"Transport",2038,546533.406661225,"Baseline"
"Metal Products",2038,148019.464304082,"Baseline"
"Maintenance and Repair",2038,444058.392912245,"Baseline"
"Construction",2038,1275244.61554286,"Baseline"
"Others",2038,22772.225277551,"Baseline"
"Petroleum, Chemical and Non-Metallic Mineral Products",2038,284652.815969388,"Baseline"
"Food & Beverages",2038,250494.478053061,"Baseline"
"Post and Telecommunications",2039,228858.755689286,"Baseline"
"Re-export & Re-import",2039,11442.9377844643,"Baseline"
"Mining and Quarrying",2039,125872.315629107,"Baseline"
"Textiles and Wearing Apparel",2039,411945.760240714,"Baseline"
"Agriculture",2039,3375666.64641696,"Baseline"
"Other Manufacturing",2039,114429.377844643,"Baseline"
"Fishing",2039,194529.942335893,"Baseline"
"Construction",2039,1281609.03186,"Baseline"
"Wood and Paper",2039,57214.6889223214,"Baseline"
"Retail Trade",2039,972649.711679464,"Baseline"
"Transport",2039,549261.013654286,"Baseline"
"Transport Equipment",2039,45771.7511378571,"Baseline"
"Hotels and Restaurants",2039,377616.946887321,"Baseline"
"Others",2039,22885.8755689286,"Baseline"
"Private Households",2039,160201.1289825,"Baseline"
"Petroleum, Chemical and Non-Metallic Mineral Products",2039,286073.444611607,"Baseline"
"Electrical and Machinery",2039,125872.315629107,"Baseline"
"Wholesale Trade",2039,514932.200300893,"Baseline"
"Recycling",2039,11442.9377844643,"Baseline"
"Maintenance and Repair",2039,446274.573594107,"Baseline"
"Financial Intermediation and Business Activities",2039,457717.511378571,"Baseline"
"Electricity, Gas and Water",2039,114429.377844643,"Baseline"
"Metal Products",2039,148758.191198036,"Baseline"
"Food & Beverages",2039,251744.631258214,"Baseline"
"Public Administration",2039,560703.95143875,"Baseline"
"Education, Health and Other Services",2039,595032.764792143,"Baseline"
"Fishing",2040,195491.636680867,"Baseline"
"Agriculture",2040,3392354.87181505,"Baseline"
"Retail Trade",2040,977458.183404337,"Baseline"
"Public Administration",2040,563475.8939625,"Baseline"
"Re-export & Re-import",2040,11499.508040051,"Baseline"
"Hotels and Restaurants",2040,379483.765321684,"Baseline"
"Wholesale Trade",2040,517477.861802296,"Baseline"
"Post and Telecommunications",2040,229990.16080102,"Baseline"
"Financial Intermediation and Business Activities",2040,459980.321602041,"Baseline"
"Electricity, Gas and Water",2040,114995.08040051,"Baseline"
"Wood and Paper",2040,57497.5402002551,"Baseline"
"Maintenance and Repair",2040,448480.81356199,"Baseline"
"Textiles and Wearing Apparel",2040,413982.289441837,"Baseline"
"Education, Health and Other Services",2040,597974.418082653,"Baseline"
"Metal Products",2040,149493.604520663,"Baseline"
"Mining and Quarrying",2040,126494.588440561,"Baseline"
"Other Manufacturing",2040,114995.08040051,"Baseline"
"Transport",2040,551976.385922449,"Baseline"
"Electrical and Machinery",2040,126494.588440561,"Baseline"
"Food & Beverages",2040,252989.176881122,"Baseline"
"Others",2040,22999.016080102,"Baseline"
"Private Households",2040,160993.112560714,"Baseline"
"Construction",2040,1287944.90048571,"Baseline"
"Recycling",2040,11499.508040051,"Baseline"
"Transport Equipment",2040,45998.0321602041,"Baseline"
"Petroleum, Chemical and Non-Metallic Mineral Products",2040,287487.701001276,"Baseline"
"Electricity, Gas and Water",2041,115562.495955612,"Baseline"
"Mining and Quarrying",2041,127118.745551173,"Baseline"
"Transport Equipment",2041,46224.9983822449,"Baseline"
"Wood and Paper",2041,57781.2479778061,"Baseline"
"Other Manufacturing",2041,115562.495955612,"Baseline"
"Re-export & Re-import",2041,11556.2495955612,"Baseline"
"Electrical and Machinery",2041,127118.745551173,"Baseline"
"Others",2041,23112.4991911224,"Baseline"
"Recycling",2041,11556.2495955612,"Baseline"
"Agriculture",2041,3409093.63069056,"Baseline"
"Post and Telecommunications",2041,231124.991911224,"Baseline"
"Financial Intermediation and Business Activities",2041,462249.983822449,"Baseline"
"Fishing",2041,196456.243124541,"Baseline"
"Hotels and Restaurants",2041,381356.23665352,"Baseline"
"Retail Trade",2041,982281.215622704,"Baseline"
"Textiles and Wearing Apparel",2041,416024.985440204,"Baseline"
"Education, Health and Other Services",2041,600924.978969184,"Baseline"
"Construction",2041,1294299.95470286,"Baseline"
"Wholesale Trade",2041,520031.231800255,"Baseline"
"Public Administration",2041,566256.2301825,"Baseline"
"Transport",2041,554699.980586939,"Baseline"
"Petroleum, Chemical and Non-Metallic Mineral Products",2041,288906.239889031,"Baseline"
"Metal Products",2041,150231.244742296,"Baseline"
"Maintenance and Repair",2041,450693.734226888,"Baseline"
"Private Households",2041,161787.494337857,"Baseline"
"Food & Beverages",2041,254237.491102347,"Baseline"
"Fishing",2042,197409.10617551,"Baseline"
"Hotels and Restaurants",2042,383205.911987755,"Baseline"
"Post and Telecommunications",2042,232246.007265306,"Baseline"
"Re-export & Re-import",2042,11612.3003632653,"Baseline"
"Electricity, Gas and Water",2042,116123.003632653,"Baseline"
"Agriculture",2042,3425628.60716327,"Baseline"
"Mining and Quarrying",2042,127735.303995918,"Baseline"
"Textiles and Wearing Apparel",2042,418042.813077551,"Baseline"
"Transport",2042,557390.417436735,"Baseline"
"Metal Products",2042,150959.904722449,"Baseline"
"Food & Beverages",2042,255470.607991837,"Baseline"
"Other Manufacturing",2042,116123.003632653,"Baseline"
"Private Households",2042,162572.205085714,"Baseline"
"Construction",2042,1300577.64068571,"Baseline"
"Wood and Paper",2042,58061.5018163265,"Baseline"
"Others",2042,23224.6007265306,"Baseline"
"Recycling",2042,11612.3003632653,"Baseline"
"Transport Equipment",2042,46449.2014530612,"Baseline"
"Education, Health and Other Services",2042,603839.618889796,"Baseline"
"Petroleum, Chemical and Non-Metallic Mineral Products",2042,290307.509081633,"Baseline"
"Electrical and Machinery",2042,127735.303995918,"Baseline"
"Retail Trade",2042,987045.530877551,"Baseline"
"Financial Intermediation and Business Activities",2042,464492.014530612,"Baseline"
"Wholesale Trade",2042,522553.516346939,"Baseline"
"Public Administration",2042,569002.7178,"Baseline"
"Maintenance and Repair",2042,452879.714167347,"Baseline"
"Wood and Paper",2043,58342.58836875,"Baseline"
"Post and Telecommunications",2043,233370.353475,"Baseline"
"Electrical and Machinery",2043,128353.69441125,"Baseline"
"Mining and Quarrying",2043,128353.69441125,"Baseline"
"Financial Intermediation and Business Activities",2043,466740.70695,"Baseline"
"Fishing",2043,198364.80045375,"Baseline"
"Transport Equipment",2043,46674.070695,"Baseline"
"Education, Health and Other Services",2043,606762.919035,"Baseline"
"Agriculture",2043,3442212.71375625,"Baseline"
"Public Administration",2043,571757.36601375,"Baseline"
"Re-export & Re-import",2043,11668.51767375,"Baseline"
"Hotels and Restaurants",2043,385061.08323375,"Baseline"
"Retail Trade",2043,991824.00226875,"Baseline"
"Other Manufacturing",2043,116685.1767375,"Baseline"
"Textiles and Wearing Apparel",2043,420066.636255,"Baseline"
"Electricity, Gas and Water",2043,116685.1767375,"Baseline"
"Wholesale Trade",2043,525083.29531875,"Baseline"
"Maintenance and Repair",2043,455072.18927625,"Baseline"
"Recycling",2043,11668.51767375,"Baseline"
"Transport",2043,560088.84834,"Baseline"
"Metal Products",2043,151690.72975875,"Baseline"
"Others",2043,23337.0353475,"Baseline"
"Private Households",2043,163359.2474325,"Baseline"
"Construction",2043,1306873.97946,"Baseline"
"Food & Beverages",2043,256707.3888225,"Baseline"
"Petroleum, Chemical and Non-Metallic Mineral Products",2043,291712.94184375,"Baseline"
"Post and Telecommunications",2044,233951.500236735,"Baseline"
"Mining and Quarrying",2044,128673.325130204,"Baseline"
"Textiles and Wearing Apparel",2044,421112.700426122,"Baseline"
"Fishing",2044,198858.775201224,"Baseline"
"Wood and Paper",2044,58487.8750591837,"Baseline"
"Other Manufacturing",2044,116975.750118367,"Baseline"
"Transport",2044,561483.600568163,"Baseline"
"Transport Equipment",2044,46790.3000473469,"Baseline"
"Hotels and Restaurants",2044,386019.975390612,"Baseline"
"Others",2044,23395.1500236735,"Baseline"
"Private Households",2044,163766.050165714,"Baseline"
"Petroleum, Chemical and Non-Metallic Mineral Products",2044,292439.375295918,"Baseline"
"Electrical and Machinery",2044,128673.325130204,"Baseline"
"Wholesale Trade",2044,526390.875532653,"Baseline"
"Agriculture",2044,3450784.62849184,"Baseline"
"Recycling",2044,11697.5750118367,"Baseline"
"Financial Intermediation and Business Activities",2044,467903.000473469,"Baseline"
"Electricity, Gas and Water",2044,116975.750118367,"Baseline"
"Metal Products",2044,152068.475153878,"Baseline"
"Retail Trade",2044,994293.876006122,"Baseline"
"Public Administration",2044,573181.17558,"Baseline"
"Education, Health and Other Services",2044,608273.90061551,"Baseline"
"Construction",2044,1310128.40132571,"Baseline"
"Food & Beverages",2044,257346.650260408,"Baseline"
"Maintenance and Repair",2044,456205.425461633,"Baseline"
"Re-export & Re-import",2044,11697.5750118367,"Baseline"
"Fishing",2045,199352.796494005,"Baseline"
"Hotels and Restaurants",2045,386978.957900128,"Baseline"
"Retail Trade",2045,996763.982470026,"Baseline"
"Post and Telecommunications",2045,234532.701757653,"Baseline"
"Re-export & Re-import",2045,11726.6350878827,"Baseline"
"Electricity, Gas and Water",2045,117266.350878827,"Baseline"
"Agriculture",2045,3459357.35092538,"Baseline"
"Maintenance and Repair",2045,457338.768427423,"Baseline"
"Textiles and Wearing Apparel",2045,422158.863163776,"Baseline"
"Education, Health and Other Services",2045,609785.024569898,"Baseline"
"Metal Products",2045,152446.256142475,"Baseline"
"Mining and Quarrying",2045,128992.985966709,"Baseline"
"Public Administration",2045,574605.11930625,"Baseline"
"Transport",2045,562878.484218367,"Baseline"
"Electrical and Machinery",2045,128992.985966709,"Baseline"
"Wholesale Trade",2045,527698.578954719,"Baseline"
"Other Manufacturing",2045,117266.350878827,"Baseline"
"Financial Intermediation and Business Activities",2045,469065.403515306,"Baseline"
"Construction",2045,1313383.12984286,"Baseline"
"Wood and Paper",2045,58633.1754394133,"Baseline"
"Others",2045,23453.2701757653,"Baseline"
"Private Households",2045,164172.891230357,"Baseline"
"Transport Equipment",2045,46906.5403515306,"Baseline"
"Food & Beverages",2045,257985.971933418,"Baseline"
"Recycling",2045,11726.6350878827,"Baseline"
"Petroleum, Chemical and Non-Metallic Mineral Products",2045,293165.877197066,"Baseline"
"Transport Equipment",2046,47021.0458995918,"Baseline"
"Re-export & Re-import",2046,11755.261474898,"Baseline"
"Wood and Paper",2046,58776.3073744898,"Baseline"
"Others",2046,23510.5229497959,"Baseline"
"Recycling",2046,11755.261474898,"Baseline"
"Agriculture",2046,3467802.1350949,"Baseline"
"Post and Telecommunications",2046,235105.229497959,"Baseline"
"Financial Intermediation and Business Activities",2046,470210.458995918,"Baseline"
"Fishing",2046,199839.445073265,"Baseline"
"Hotels and Restaurants",2046,387923.628671633,"Baseline"
"Retail Trade",2046,999197.225366327,"Baseline"
"Textiles and Wearing Apparel",2046,423189.413096327,"Baseline"
"Education, Health and Other Services",2046,611273.596694694,"Baseline"
"Electrical and Machinery",2046,129307.876223878,"Baseline"
"Mining and Quarrying",2046,129307.876223878,"Baseline"
"Public Administration",2046,576007.81227,"Baseline"
"Transport",2046,564252.550795102,"Baseline"
"Electricity, Gas and Water",2046,117552.61474898,"Baseline"
"Wholesale Trade",2046,528986.766370408,"Baseline"
"Other Manufacturing",2046,117552.61474898,"Baseline"
"Private Households",2046,164573.660648571,"Baseline"
"Petroleum, Chemical and Non-Metallic Mineral Products",2046,293881.536872449,"Baseline"
"Metal Products",2046,152818.399173673,"Baseline"
"Maintenance and Repair",2046,458455.19752102,"Baseline"
"Construction",2046,1316589.28518857,"Baseline"
"Food & Beverages",2046,258615.752447755,"Baseline"
"Post and Telecommunications",2047,235669.003855867,"Baseline"
"Fishing",2047,200318.653277487,"Baseline"
"Mining and Quarrying",2047,129617.952120727,"Baseline"
"Textiles and Wearing Apparel",2047,424204.206940561,"Baseline"
"Electricity, Gas and Water",2047,117834.501927934,"Baseline"
"Metal Products",2047,153184.852506314,"Baseline"
"Agriculture",2047,3476117.80687404,"Baseline"
"Other Manufacturing",2047,117834.501927934,"Baseline"
"Re-export & Re-import",2047,11783.4501927934,"Baseline"
"Construction",2047,1319746.42159286,"Baseline"
"Wood and Paper",2047,58917.2509639668,"Baseline"
"Others",2047,23566.9003855867,"Baseline"
"Private Households",2047,164968.302699107,"Baseline"
"Transport Equipment",2047,47133.8007711735,"Baseline"
"Education, Health and Other Services",2047,612739.410025255,"Baseline"
"Petroleum, Chemical and Non-Metallic Mineral Products",2047,294586.254819834,"Baseline"
"Recycling",2047,11783.4501927934,"Baseline"
"Transport",2047,565605.609254082,"Baseline"
"Electrical and Machinery",2047,129617.952120727,"Baseline"
"Hotels and Restaurants",2047,388853.856362181,"Baseline"
"Retail Trade",2047,1001593.26638744,"Baseline"
"Financial Intermediation and Business Activities",2047,471338.007711735,"Baseline"
"Wholesale Trade",2047,530255.258675701,"Baseline"
"Public Administration",2047,577389.059446875,"Baseline"
"Maintenance and Repair",2047,459554.557518941,"Baseline"
"Food & Beverages",2047,259235.904241454,"Baseline"
"Wood and Paper",2048,59060.3760642857,"Baseline"
"Electrical and Machinery",2048,129932.827341429,"Baseline"
"Mining and Quarrying",2048,129932.827341429,"Baseline"
"Financial Intermediation and Business Activities",2048,472483.008514286,"Baseline"
"Fishing",2048,200805.278618571,"Baseline"
"Agriculture",2048,3484562.18779286,"Baseline"
"Transport Equipment",2048,47248.3008514286,"Baseline"
"Re-export & Re-import",2048,11812.0752128571,"Baseline"
"Hotels and Restaurants",2048,389798.482024286,"Baseline"
"Post and Telecommunications",2048,236241.504257143,"Baseline"
"Textiles and Wearing Apparel",2048,425234.707662857,"Baseline"
"Electricity, Gas and Water",2048,118120.752128571,"Baseline"
"Retail Trade",2048,1004026.39309286,"Baseline"
"Maintenance and Repair",2048,460670.933301429,"Baseline"
"Other Manufacturing",2048,118120.752128571,"Baseline"
"Transport",2048,566979.610217143,"Baseline"
"Wholesale Trade",2048,531543.384578571,"Baseline"
"Others",2048,23624.1504257143,"Baseline"
"Private Households",2048,165369.05298,"Baseline"
"Metal Products",2048,153556.977767143,"Baseline"
"Food & Beverages",2048,259865.654682857,"Baseline"
"Recycling",2048,11812.0752128571,"Baseline"
"Construction",2048,1322952.42384,"Baseline"
"Education, Health and Other Services",2048,614227.911068571,"Baseline"
"Petroleum, Chemical and Non-Metallic Mineral Products",2048,295301.880321429,"Baseline"
"Public Administration",2048,578791.68543,"Baseline"
"Post and Telecommunications",2049,236805.196288776,"Baseline"
"Mining and Quarrying",2049,130242.857958827,"Baseline"
"Wood and Paper",2049,59201.2990721939,"Baseline"
"Textiles and Wearing Apparel",2049,426249.353319796,"Baseline"
"Hotels and Restaurants",2049,390728.57387648,"Baseline"
"Other Manufacturing",2049,118402.598144388,"Baseline"
"Private Households",2049,165763.637402143,"Baseline"
"Fishing",2049,201284.416845459,"Baseline"
"Electrical and Machinery",2049,130242.857958827,"Baseline"
"Others",2049,23680.5196288776,"Baseline"
"Agriculture",2049,3492876.64525944,"Baseline"
"Petroleum, Chemical and Non-Metallic Mineral Products",2049,296006.495360969,"Baseline"
"Financial Intermediation and Business Activities",2049,473610.392577551,"Baseline"
"Electricity, Gas and Water",2049,118402.598144388,"Baseline"
"Metal Products",2049,153923.377587704,"Baseline"
"Recycling",2049,11840.2598144388,"Baseline"
"Transport Equipment",2049,47361.0392577551,"Baseline"
"Education, Health and Other Services",2049,615693.510350816,"Baseline"
"Construction",2049,1326109.09921714,"Baseline"
"Retail Trade",2049,1006422.0842273,"Baseline"
"Public Administration",2049,580172.7309075,"Baseline"
"Re-export & Re-import",2049,11840.2598144388,"Baseline"
"Transport",2049,568332.471093061,"Baseline"
"Wholesale Trade",2049,532811.691649745,"Baseline"
"Maintenance and Repair",2049,461770.132763112,"Baseline"
"Food & Beverages",2049,260485.715917653,"Baseline"
"Post and Telecommunications",2050,237368.832,"Baseline"
"Fishing",2050,201763.5072,"Baseline"
"Electricity, Gas and Water",2050,118684.416,"Baseline"
"Retail Trade",2050,1008817.536,"Baseline"
"Re-export & Re-import",2050,11868.4416,"Baseline"
"Education, Health and Other Services",2050,617158.9632,"Baseline"
"Agriculture",2050,3501190.272,"Baseline"
"Mining and Quarrying",2050,130552.8576,"Baseline"
"Textiles and Wearing Apparel",2050,427263.8976,"Baseline"
"Transport",2050,569685.1968,"Baseline"
"Hotels and Restaurants",2050,391658.5728,"Baseline"
"Wholesale Trade",2050,534079.872,"Baseline"
"Other Manufacturing",2050,118684.416,"Baseline"
"Financial Intermediation and Business Activities",2050,474737.664,"Baseline"
"Construction",2050,1329265.4592,"Baseline"
"Wood and Paper",2050,59342.208,"Baseline"
"Maintenance and Repair",2050,462869.2224,"Baseline"
"Private Households",2050,166158.1824,"Baseline"
"Transport Equipment",2050,47473.7664,"Baseline"
"Metal Products",2050,154289.7408,"Baseline"
"Others",2050,23736.8832,"Baseline"
"Public Administration",2050,581553.6384,"Baseline"
"Petroleum, Chemical and Non-Metallic Mineral Products",2050,296711.04,"Baseline"
"Electrical and Machinery",2050,130552.8576,"Baseline"
"Food & Beverages",2050,261105.7152,"Baseline"
"Recycling",2050,11868.4416,"Baseline"
"Agriculture",2023,2999930.57825874,"Low Emissions"
"Others",2023,20338.5123949745,"Low Emissions"
"Wood and Paper",2023,50846.2809874362,"Low Emissions"
"Education, Health and Other Services",2023,528801.322269337,"Low Emissions"
"Electrical and Machinery",2023,111861.81817236,"Low Emissions"
"Private Households",2023,142369.586764821,"Low Emissions"
"Financial Intermediation and Business Activities",2023,406770.24789949,"Low Emissions"
"Fishing",2023,172877.355357283,"Low Emissions"
"Recycling",2023,10169.2561974872,"Low Emissions"
"Food & Beverages",2023,223723.636344719,"Low Emissions"
"Maintenance and Repair",2023,396600.991702003,"Low Emissions"
"Transport",2023,488124.297479388,"Low Emissions"
"Metal Products",2023,132200.330567334,"Low Emissions"
"Mining and Quarrying",2023,111861.81817236,"Low Emissions"
"Other Manufacturing",2023,101692.561974872,"Low Emissions"
"Construction",2023,1138956.69411857,"Low Emissions"
"Petroleum, Chemical and Non-Metallic Mineral Products",2023,254231.404937181,"Low Emissions"
"Post and Telecommunications",2023,203385.123949745,"Low Emissions"
"Transport Equipment",2023,40677.024789949,"Low Emissions"
"Electricity, Gas and Water",2023,101692.561974872,"Low Emissions"
"Re-export & Re-import",2023,10169.2561974872,"Low Emissions"
"Public Administration",2023,498293.553676875,"Low Emissions"
"Hotels and Restaurants",2023,335585.454517079,"Low Emissions"
"Textiles and Wearing Apparel",2023,366093.223109541,"Low Emissions"
"Wholesale Trade",2023,457616.528886926,"Low Emissions"
"Retail Trade",2023,864386.776786416,"Low Emissions"
"Post and Telecommunications",2024,205629.145714286,"Low Emissions"
"Re-export & Re-import",2024,10281.4572857143,"Low Emissions"
"Recycling",2024,10281.4572857143,"Low Emissions"
"Transport",2024,493509.949714286,"Low Emissions"
"Petroleum, Chemical and Non-Metallic Mineral Products",2024,257036.432142857,"Low Emissions"
"Construction",2024,1151523.216,"Low Emissions"
"Others",2024,20562.9145714286,"Low Emissions"
"Agriculture",2024,3033029.89928571,"Low Emissions"
"Public Administration",2024,503791.407,"Low Emissions"
"Financial Intermediation and Business Activities",2024,411258.291428572,"Low Emissions"
"Private Households",2024,143940.402,"Low Emissions"
"Retail Trade",2024,873923.869285715,"Low Emissions"
"Textiles and Wearing Apparel",2024,370132.462285714,"Low Emissions"
"Maintenance and Repair",2024,400976.834142857,"Low Emissions"
"Transport Equipment",2024,41125.8291428572,"Low Emissions"
"Metal Products",2024,133658.944714286,"Low Emissions"
"Wholesale Trade",2024,462665.577857143,"Low Emissions"
"Wood and Paper",2024,51407.2864285714,"Low Emissions"
"Other Manufacturing",2024,102814.572857143,"Low Emissions"
"Education, Health and Other Services",2024,534635.778857143,"Low Emissions"
"Electrical and Machinery",2024,113096.030142857,"Low Emissions"
"Food & Beverages",2024,226192.060285714,"Low Emissions"
"Electricity, Gas and Water",2024,102814.572857143,"Low Emissions"
"Fishing",2024,174784.773857143,"Low Emissions"
"Hotels and Restaurants",2024,339288.090428572,"Low Emissions"
"Mining and Quarrying",2024,113096.030142857,"Low Emissions"
"Recycling",2025,10340.1423569117,"Low Emissions"
"Private Households",2025,144661.270631752,"Low Emissions"
"Maintenance and Repair",2025,403039.831907269,"Low Emissions"
"Transport Equipment",2025,41528.022896071,"Low Emissions"
"Others",2025,20696.3034831833,"Low Emissions"
"Petroleum, Chemical and Non-Metallic Mineral Products",2025,260757.074244689,"Low Emissions"
"Construction",2025,1163152.49164643,"Low Emissions"
"Post and Telecommunications",2025,208336.743232964,"Low Emissions"
"Education, Health and Other Services",2025,538065.110142143,"Low Emissions"
"Re-export & Re-import",2025,10332.9479008047,"Low Emissions"
"Financial Intermediation and Business Activities",2025,415813.649083931,"Low Emissions"
"Electricity, Gas and Water",2025,104130.332554891,"Low Emissions"
"Fishing",2025,175664.350870653,"Low Emissions"
"Transport",2025,497332.866620151,"Low Emissions"
"Textiles and Wearing Apparel",2025,371994.575220928,"Low Emissions"
"Hotels and Restaurants",2025,341097.69215041,"Low Emissions"
"Metal Products",2025,136387.89431064,"Low Emissions"
"Agriculture",2025,3050301.15412461,"Low Emissions"
"Wood and Paper",2025,52212.8733267471,"Low Emissions"
"Other Manufacturing",2025,103481.68198421,"Low Emissions"
"Electrical and Machinery",2025,123922.939563746,"Low Emissions"
"Public Administration",2025,506415.352462311,"Low Emissions"
"Retail Trade",2025,878760.995015857,"Low Emissions"
"Food & Beverages",2025,227339.58157657,"Low Emissions"
"Wholesale Trade",2025,467232.126571308,"Low Emissions"
"Mining and Quarrying",2025,113777.818187151,"Low Emissions"
"Petroleum, Chemical and Non-Metallic Mineral Products",2026,265481.556501419,"Low Emissions"
"Post and Telecommunications",2026,210827.726402093,"Low Emissions"
"Re-export & Re-import",2026,10354.3855094159,"Low Emissions"
"Recycling",2026,10374.7016206503,"Low Emissions"
"Transport",2026,500235.405061495,"Low Emissions"
"Maintenance and Repair",2026,403989.478754873,"Low Emissions"
"Agriculture",2026,3057487.08315841,"Low Emissions"
"Wood and Paper",2026,53446.9223379047,"Low Emissions"
"Construction",2026,1178302.61909232,"Low Emissions"
"Private Households",2026,144961.397100225,"Low Emissions"
"Electrical and Machinery",2026,147119.096371364,"Low Emissions"
"Public Administration",2026,507537.325824206,"Low Emissions"
"Financial Intermediation and Business Activities",2026,421250.993527934,"Low Emissions"
"Fishing",2026,176035.423673086,"Low Emissions"
"Retail Trade",2026,881553.979578002,"Low Emissions"
"Textiles and Wearing Apparel",2026,372782.695516596,"Low Emissions"
"Hotels and Restaurants",2026,342015.799224599,"Low Emissions"
"Transport Equipment",2026,42036.2590131557,"Low Emissions"
"Others",2026,20800.879572883,"Low Emissions"
"Wholesale Trade",2026,472891.49376018,"Low Emissions"
"Mining and Quarrying",2026,114323.154925316,"Low Emissions"
"Other Manufacturing",2026,104167.288602048,"Low Emissions"
"Education, Health and Other Services",2026,539907.61197513,"Low Emissions"
"Metal Products",2026,140817.500576617,"Low Emissions"
"Food & Beverages",2026,227827.251885967,"Low Emissions"
"Electricity, Gas and Water",2026,105524.136148387,"Low Emissions"
"Financial Intermediation and Business Activities",2027,424820.333690408,"Low Emissions"
"Post and Telecommunications",2027,212474.316424089,"Low Emissions"
"Private Households",2027,146081.78209537,"Low Emissions"
"Transport",2027,504130.1243341,"Low Emissions"
"Maintenance and Repair",2027,407120.313238602,"Low Emissions"
"Recycling",2027,10455.6790248788,"Low Emissions"
"Others",2027,20966.4352455883,"Low Emissions"
"Agriculture",2027,3081235.08424802,"Low Emissions"
"Petroleum, Chemical and Non-Metallic Mineral Products",2027,267927.524994136,"Low Emissions"
"Construction",2027,1187993.26779398,"Low Emissions"
"Other Manufacturing",2027,105129.070923866,"Low Emissions"
"Education, Health and Other Services",2027,544074.478094307,"Low Emissions"
"Re-export & Re-import",2027,10434.4130127762,"Low Emissions"
"Public Administration",2027,511440.620138953,"Low Emissions"
"Electricity, Gas and Water",2027,106426.793918196,"Low Emissions"
"Fishing",2027,177397.159614149,"Low Emissions"
"Retail Trade",2027,888424.226379989,"Low Emissions"
"Food & Beverages",2027,229590.27511199,"Low Emissions"
"Transport Equipment",2027,42394.769618384,"Low Emissions"
"Metal Products",2027,142304.762146512,"Low Emissions"
"Wholesale Trade",2027,476912.16683795,"Low Emissions"
"Mining and Quarrying",2027,115228.869423101,"Low Emissions"
"Wood and Paper",2027,53953.1499960658,"Low Emissions"
"Textiles and Wearing Apparel",2027,375666.482283504,"Low Emissions"
"Hotels and Restaurants",2027,344674.573643745,"Low Emissions"
"Electrical and Machinery",2027,150026.379744375,"Low Emissions"
"Private Households",2028,146928.620212642,"Low Emissions"
"Petroleum, Chemical and Non-Metallic Mineral Products",2028,271091.384803444,"Low Emissions"
"Post and Telecommunications",2028,214737.90737743,"Low Emissions"
"Fishing",2028,178428.551390589,"Low Emissions"
"Retail Trade",2028,893908.731486914,"Low Emissions"
"Re-export & Re-import",2028,10494.901318361,"Low Emissions"
"Recycling",2028,10538.4227951854,"Low Emissions"
"Transport Equipment",2028,42789.4730735239,"Low Emissions"
"Others",2028,21110.4472066077,"Low Emissions"
"Agriculture",2028,3099596.11991598,"Low Emissions"
"Wood and Paper",2028,54676.7929268147,"Low Emissions"
"Construction",2028,1199117.20806166,"Low Emissions"
"Education, Health and Other Services",2028,547709.490477566,"Low Emissions"
"Metal Products",2028,144739.499428591,"Low Emissions"
"Electrical and Machinery",2028,158726.461804044,"Low Emissions"
"Financial Intermediation and Business Activities",2028,429016.549698613,"Low Emissions"
"Electricity, Gas and Water",2028,107706.273021577,"Low Emissions"
"Hotels and Restaurants",2028,346753.592641327,"Low Emissions"
"Food & Beverages",2028,230928.738752142,"Low Emissions"
"Transport",2028,507921.373556939,"Low Emissions"
"Maintenance and Repair",2028,409520.480594206,"Low Emissions"
"Wholesale Trade",2028,481339.884662241,"Low Emissions"
"Mining and Quarrying",2028,115990.680751047,"Low Emissions"
"Other Manufacturing",2028,105969.472824404,"Low Emissions"
"Public Administration",2028,514459.833247293,"Low Emissions"
"Textiles and Wearing Apparel",2028,377851.214960658,"Low Emissions"
"Post and Telecommunications",2029,216471.631110313,"Low Emissions"
"Recycling",2029,10634.4834902581,"Low Emissions"
"Construction",2029,1209098.33256353,"Low Emissions"
"Private Households",2029,148013.495790539,"Low Emissions"
"Petroleum, Chemical and Non-Metallic Mineral Products",2029,273573.966681341,"Low Emissions"
"Financial Intermediation and Business Activities",2029,432664.906491786,"Low Emissions"
"Fishing",2029,179747.298923634,"Low Emissions"
"Re-export & Re-import",2029,10572.3923004682,"Low Emissions"
"Transport Equipment",2029,43151.2048689725,"Low Emissions"
"Metal Products",2029,146305.751109333,"Low Emissions"
"Others",2029,21273.0341176968,"Low Emissions"
"Agriculture",2029,3122610.09610537,"Low Emissions"
"Wood and Paper",2029,55208.8762176945,"Low Emissions"
"Other Manufacturing",2029,106889.402971596,"Low Emissions"
"Education, Health and Other Services",2029,551844.445093529,"Low Emissions"
"Electrical and Machinery",2029,162224.312481044,"Low Emissions"
"Public Administration",2029,518259.081347245,"Low Emissions"
"Electricity, Gas and Water",2029,108754.291461477,"Low Emissions"
"Hotels and Restaurants",2029,349337.730813068,"Low Emissions"
"Retail Trade",2029,900602.571161527,"Low Emissions"
"Transport",2029,511833.626660322,"Low Emissions"
"Maintenance and Repair",2029,412556.0717374,"Low Emissions"
"Textiles and Wearing Apparel",2029,380644.391914538,"Low Emissions"
"Wholesale Trade",2029,485389.556771081,"Low Emissions"
"Mining and Quarrying",2029,116883.276000421,"Low Emissions"
"Food & Beverages",2029,232636.741190806,"Low Emissions"
"Recycling",2030,10726.3902180208,"Low Emissions"
"Post and Telecommunications",2030,218367.772333341,"Low Emissions"
"Education, Health and Other Services",2030,555853.973937586,"Low Emissions"
"Agriculture",2030,3144232.57839155,"Low Emissions"
"Petroleum, Chemical and Non-Metallic Mineral Products",2030,276237.522418039,"Low Emissions"
"Financial Intermediation and Business Activities",2030,436479.236509903,"Low Emissions"
"Fishing",2030,180980.426510656,"Low Emissions"
"Private Households",2030,149027.513535862,"Low Emissions"
"Re-export & Re-import",2030,10644.8220098088,"Low Emissions"
"Transport",2030,515718.198926166,"Low Emissions"
"Transport Equipment",2030,43522.5794261686,"Low Emissions"
"Others",2030,21430.0486453168,"Low Emissions"
"Wholesale Trade",2030,489547.856708164,"Low Emissions"
"Wood and Paper",2030,55797.5953009457,"Low Emissions"
"Construction",2030,1219512.63931175,"Low Emissions"
"Electricity, Gas and Water",2030,109883.645068685,"Low Emissions"
"Retail Trade",2030,906940.490959625,"Low Emissions"
"Electrical and Machinery",2030,167237.897689252,"Low Emissions"
"Public Administration",2030,521827.491402998,"Low Emissions"
"Maintenance and Repair",2030,415402.523284871,"Low Emissions"
"Metal Products",2030,148113.701847828,"Low Emissions"
"Food & Beverages",2030,234234.69967017,"Low Emissions"
"Textiles and Wearing Apparel",2030,383256.422808736,"Low Emissions"
"Other Manufacturing",2030,107768.92118537,"Low Emissions"
"Hotels and Restaurants",2030,351771.59598653,"Low Emissions"
"Mining and Quarrying",2030,117737.982443263,"Low Emissions"
"Metal Products",2031,150293.437068185,"Low Emissions"
"Petroleum, Chemical and Non-Metallic Mineral Products",2031,279178.015153505,"Low Emissions"
"Post and Telecommunications",2031,220502.093591059,"Low Emissions"
"Wood and Paper",2031,56471.036195072,"Low Emissions"
"Private Households",2031,149928.291498882,"Low Emissions"
"Electrical and Machinery",2031,174575.71889919,"Low Emissions"
"Other Manufacturing",2031,108590.961852625,"Low Emissions"
"Financial Intermediation and Business Activities",2031,440530.757383067,"Low Emissions"
"Fishing",2031,182076.729837463,"Low Emissions"
"Food & Beverages",2031,235656.717093965,"Low Emissions"
"Public Administration",2031,525025.080583234,"Low Emissions"
"Maintenance and Repair",2031,417946.101299704,"Low Emissions"
"Transport",2031,519538.99031296,"Low Emissions"
"Others",2031,21577.8483059173,"Low Emissions"
"Agriculture",2031,3163626.39426644,"Low Emissions"
"Wholesale Trade",2031,493857.176989554,"Low Emissions"
"Construction",2031,1230502.37605278,"Low Emissions"
"Education, Health and Other Services",2031,559643.068447983,"Low Emissions"
"Recycling",2031,10811.6326732702,"Low Emissions"
"Retail Trade",2031,912702.271608346,"Low Emissions"
"Electricity, Gas and Water",2031,111128.077127811,"Low Emissions"
"Re-export & Re-import",2031,10709.163164594,"Low Emissions"
"Transport Equipment",2031,43907.2788530474,"Low Emissions"
"Mining and Quarrying",2031,118530.364066953,"Low Emissions"
"Hotels and Restaurants",2031,353964.055173847,"Low Emissions"
"Textiles and Wearing Apparel",2031,385578.89605922,"Low Emissions"
"Education, Health and Other Services",2032,563446.966272209,"Low Emissions"
"Electrical and Machinery",2032,181856.363706187,"Low Emissions"
"Agriculture",2032,3183020.19263847,"Low Emissions"
"Others",2032,21725.555307987,"Low Emissions"
"Construction",2032,1241527.00057946,"Low Emissions"
"Petroleum, Chemical and Non-Metallic Mineral Products",2032,282097.821813712,"Low Emissions"
"Post and Telecommunications",2032,222632.639723502,"Low Emissions"
"Private Households",2032,150829.355006018,"Low Emissions"
"Electricity, Gas and Water",2032,112379.110307721,"Low Emissions"
"Public Administration",2032,528223.978367409,"Low Emissions"
"Financial Intermediation and Business Activities",2032,444576.214006115,"Low Emissions"
"Fishing",2032,183173.321226682,"Low Emissions"
"Food & Beverages",2032,237079.132958579,"Low Emissions"
"Retail Trade",2032,918466.478291164,"Low Emissions"
"Maintenance and Repair",2032,420490.283101929,"Low Emissions"
"Metal Products",2032,152455.418563889,"Low Emissions"
"Transport Equipment",2032,44291.2510239991,"Low Emissions"
"Mining and Quarrying",2032,119323.263775274,"Low Emissions"
"Other Manufacturing",2032,109402.727006347,"Low Emissions"
"Wood and Paper",2032,57142.374633115,"Low Emissions"
"Re-export & Re-import",2032,10773.5247165061,"Low Emissions"
"Recycling",2032,10896.707784959,"Low Emissions"
"Hotels and Restaurants",2032,356156.863262243,"Low Emissions"
"Transport",2032,523360.478749653,"Low Emissions"
"Textiles and Wearing Apparel",2032,387902.069950787,"Low Emissions"
"Wholesale Trade",2032,498156.965644453,"Low Emissions"
"Electrical and Machinery",2033,188181.211297768,"Low Emissions"
"Recycling",2033,10984.3648892599,"Low Emissions"
"Wood and Paper",2033,57780.0590625584,"Low Emissions"
"Education, Health and Other Services",2033,567367.996077627,"Low Emissions"
"Transport Equipment",2033,44670.226801356,"Low Emissions"
"Public Administration",2033,531577.879207028,"Low Emissions"
"Others",2033,21877.1511542719,"Low Emissions"
"Transport",2033,527219.053283761,"Low Emissions"
"Petroleum, Chemical and Non-Metallic Mineral Products",2033,284891.630860578,"Low Emissions"
"Post and Telecommunications",2033,224672.209108218,"Low Emissions"
"Private Households",2033,151777.37954164,"Low Emissions"
"Construction",2033,1252407.25872718,"Low Emissions"
"Re-export & Re-import",2033,10841.2406284459,"Low Emissions"
"Financial Intermediation and Business Activities",2033,448533.791524936,"Low Emissions"
"Retail Trade",2033,924474.394733857,"Low Emissions"
"Electricity, Gas and Water",2033,113598.380781307,"Low Emissions"
"Textiles and Wearing Apparel",2033,390345.342796867,"Low Emissions"
"Maintenance and Repair",2033,423160.253845557,"Low Emissions"
"Agriculture",2033,3203336.89127711,"Low Emissions"
"Wholesale Trade",2033,502398.302039863,"Low Emissions"
"Mining and Quarrying",2033,120143.367487724,"Low Emissions"
"Other Manufacturing",2033,110225.512003538,"Low Emissions"
"Hotels and Restaurants",2033,358450.251821013,"Low Emissions"
"Fishing",2033,184326.602737506,"Low Emissions"
"Food & Beverages",2033,238574.523724421,"Low Emissions"
"Metal Products",2033,154456.020135078,"Low Emissions"
"Electricity, Gas and Water",2034,114335.508439957,"Low Emissions"
"Petroleum, Chemical and Non-Metallic Mineral Products",2034,286391.753351328,"Low Emissions"
"Public Administration",2034,534233.91843817,"Low Emissions"
"Retail Trade",2034,929146.186576332,"Low Emissions"
"Re-export & Re-import",2034,10895.678694553,"Low Emissions"
"Construction",2034,1259108.29596014,"Low Emissions"
"Transport Equipment",2034,44907.8179262804,"Low Emissions"
"Others",2034,21988.7087122186,"Low Emissions"
"Agriculture",2034,3219428.63078115,"Low Emissions"
"Wood and Paper",2034,58109.618893077,"Low Emissions"
"Other Manufacturing",2034,110841.549889722,"Low Emissions"
"Post and Telecommunications",2034,225680.14836129,"Low Emissions"
"Private Households",2034,152539.514238621,"Low Emissions"
"Electrical and Machinery",2034,189652.045409238,"Low Emissions"
"Financial Intermediation and Business Activities",2034,450885.529749856,"Low Emissions"
"Recycling",2034,11055.645182269,"Low Emissions"
"Fishing",2034,185252.716201701,"Low Emissions"
"Transport",2034,529828.323827345,"Low Emissions"
"Maintenance and Repair",2034,425288.171637638,"Low Emissions"
"Hotels and Restaurants",2034,360256.536231713,"Low Emissions"
"Metal Products",2034,155334.451366799,"Low Emissions"
"Wholesale Trade",2034,505043.103511621,"Low Emissions"
"Mining and Quarrying",2034,120768.235029953,"Low Emissions"
"Textiles and Wearing Apparel",2034,392307.460166708,"Low Emissions"
"Education, Health and Other Services",2034,570261.500819652,"Low Emissions"
"Food & Beverages",2034,239773.908970023,"Low Emissions"
"Construction",2035,1269634.96490374,"Low Emissions"
"Petroleum, Chemical and Non-Metallic Mineral Products",2035,288945.743841811,"Low Emissions"
"Re-export & Re-import",2035,10968.4270213208,"Low Emissions"
"Recycling",2035,11147.0113531026,"Low Emissions"
"Public Administration",2035,537817.58876658,"Low Emissions"
"Electricity, Gas and Water",2035,115493.282000523,"Low Emissions"
"Transport",2035,533709.499092592,"Low Emissions"
"Transport Equipment",2035,45274.6182721957,"Low Emissions"
"Others",2035,22145.4278645662,"Low Emissions"
"Agriculture",2035,3241125.03667919,"Low Emissions"
"Wood and Paper",2035,58684.1311571507,"Low Emissions"
"Other Manufacturing",2035,111676.358419604,"Low Emissions"
"Post and Telecommunications",2035,227539.961838159,"Low Emissions"
"Private Households",2035,153557.992563998,"Low Emissions"
"Electrical and Machinery",2035,194288.810790597,"Low Emissions"
"Textiles and Wearing Apparel",2035,394930.766553021,"Low Emissions"
"Financial Intermediation and Business Activities",2035,454655.117524749,"Low Emissions"
"Retail Trade",2035,935509.024833539,"Low Emissions"
"Food & Beverages",2035,241378.630261647,"Low Emissions"
"Mining and Quarrying",2035,121626.841007345,"Low Emissions"
"Maintenance and Repair",2035,428145.584634603,"Low Emissions"
"Metal Products",2035,157040.806960531,"Low Emissions"
"Wholesale Trade",2035,509143.7614144,"Low Emissions"
"Hotels and Restaurants",2035,362698.281966694,"Low Emissions"
"Education, Health and Other Services",2035,574346.028604464,"Low Emissions"
"Fishing",2035,186490.978332039,"Low Emissions"
"Electricity, Gas and Water",2036,115629.979309371,"Low Emissions"
"Agriculture",2036,3268863.10634987,"Low Emissions"
"Public Administration",2036,542418.528661636,"Low Emissions"
"Private Households",2036,154915.466014757,"Low Emissions"
"Petroleum, Chemical and Non-Metallic Mineral Products",2036,288716.327301198,"Low Emissions"
"Recycling",2036,11252.0652430453,"Low Emissions"
"Retail Trade",2036,943188.059623983,"Low Emissions"
"Re-export & Re-import",2036,11065.389281422,"Low Emissions"
"Maintenance and Repair",2036,431861.328595672,"Low Emissions"
"Transport Equipment",2036,45425.0356693249,"Low Emissions"
"Others",2036,22302.7446354962,"Low Emissions"
"Wholesale Trade",2036,510791.41132152,"Low Emissions"
"Mining and Quarrying",2036,122575.604989675,"Low Emissions"
"Construction",2036,1273197.31308826,"Low Emissions"
"Post and Telecommunications",2036,227159.223972396,"Low Emissions"
"Education, Health and Other Services",2036,578452.895899906,"Low Emissions"
"Electrical and Machinery",2036,182518.815313189,"Low Emissions"
"Financial Intermediation and Business Activities",2036,455571.479952998,"Low Emissions"
"Hotels and Restaurants",2036,365765.111192858,"Low Emissions"
"Fishing",2036,188135.838697444,"Low Emissions"
"Transport",2036,536569.209452456,"Low Emissions"
"Textiles and Wearing Apparel",2036,398414.582360206,"Low Emissions"
"Wood and Paper",2036,58521.7832824151,"Low Emissions"
"Metal Products",2036,155713.270490392,"Low Emissions"
"Food & Beverages",2036,243502.209255142,"Low Emissions"
"Other Manufacturing",2036,112512.420045374,"Low Emissions"
"Others",2037,22359.388845725,"Low Emissions"
"Re-export & Re-import",2037,11045.9011059514,"Low Emissions"
"Post and Telecommunications",2037,231979.12011029,"Low Emissions"
"Agriculture",2037,3265313.90169197,"Low Emissions"
"Electricity, Gas and Water",2037,118130.65664099,"Low Emissions"
"Electrical and Machinery",2037,215526.721775539,"Low Emissions"
"Recycling",2037,11269.0816571735,"Low Emissions"
"Public Administration",2037,541781.60381708,"Low Emissions"
"Retail Trade",2037,943025.807317092,"Low Emissions"
"Transport",2037,539884.899059697,"Low Emissions"
"Transport Equipment",2037,45975.6320109615,"Low Emissions"
"Metal Products",2037,162106.076787907,"Low Emissions"
"Wholesale Trade",2037,516990.312737059,"Low Emissions"
"Petroleum, Chemical and Non-Metallic Mineral Products",2037,294918.853996653,"Low Emissions"
"Construction",2037,1290592.47635718,"Low Emissions"
"Other Manufacturing",2037,112829.245440461,"Low Emissions"
"Education, Health and Other Services",2037,579980.273340628,"Low Emissions"
"Private Households",2037,154642.63313262,"Low Emissions"
"Food & Beverages",2037,243102.259825724,"Low Emissions"
"Financial Intermediation and Business Activities",2037,462403.378897328,"Low Emissions"
"Fishing",2037,187814.898386453,"Low Emissions"
"Mining and Quarrying",2037,122732.887175102,"Low Emissions"
"Maintenance and Repair",2037,431273.378362214,"Low Emissions"
"Hotels and Restaurants",2037,365470.4983342,"Low Emissions"
"Wood and Paper",2037,60149.2188148664,"Low Emissions"
"Textiles and Wearing Apparel",2037,397737.154646984,"Low Emissions"
"Recycling",2038,11396.9804650525,"Low Emissions"
"Transport Equipment",2038,46066.7074980184,"Low Emissions"
"Public Administration",2038,547705.178844968,"Low Emissions"
"Construction",2038,1292017.17785602,"Low Emissions"
"Post and Telecommunications",2038,230648.410317039,"Low Emissions"
"Private Households",2038,156405.11147099,"Low Emissions"
"Petroleum, Chemical and Non-Metallic Mineral Products",2038,293509.184161695,"Low Emissions"
"Re-export & Re-import",2038,11171.7922857749,"Low Emissions"
"Financial Intermediation and Business Activities",2038,462342.332830148,"Low Emissions"
"Retail Trade",2038,952750.445465956,"Low Emissions"
"Electricity, Gas and Water",2038,117866.554068607,"Low Emissions"
"Transport",2038,542913.073757537,"Low Emissions"
"Maintenance and Repair",2038,436069.290069628,"Low Emissions"
"Metal Products",2038,159274.67443229,"Low Emissions"
"Others",2038,22547.8314420123,"Low Emissions"
"Agriculture",2038,3300973.2476549,"Low Emissions"
"Wood and Paper",2038,59651.8818084508,"Low Emissions"
"Other Manufacturing",2038,113814.369683939,"Low Emissions"
"Education, Health and Other Services",2038,584922.956114056,"Low Emissions"
"Electrical and Machinery",2038,194749.761323997,"Low Emissions"
"Textiles and Wearing Apparel",2038,402256.173338579,"Low Emissions"
"Hotels and Restaurants",2038,369394.907521213,"Low Emissions"
"Fishing",2038,189948.713419871,"Low Emissions"
"Food & Beverages",2038,245854.555798375,"Low Emissions"
"Mining and Quarrying",2038,123902.450380926,"Low Emissions"
"Wholesale Trade",2038,517958.876765457,"Low Emissions"
"Re-export & Re-import",2039,11192.4429633265,"Low Emissions"
"Transport Equipment",2039,46370.9077357564,"Low Emissions"
"Electricity, Gas and Water",2039,119135.252362287,"Low Emissions"
"Petroleum, Chemical and Non-Metallic Mineral Products",2039,296309.594181147,"Low Emissions"
"Construction",2039,1301323.75369554,"Low Emissions"
"Post and Telecommunications",2039,232727.83182106,"Low Emissions"
"Public Administration",2039,548814.947716058,"Low Emissions"
"Private Households",2039,156694.222574282,"Low Emissions"
"Electrical and Machinery",2039,206548.257783776,"Low Emissions"
"Recycling",2039,11440.1587631587,"Low Emissions"
"Fishing",2039,190303.579502841,"Low Emissions"
"Retail Trade",2039,955035.333984391,"Low Emissions"
"Transport",2039,545317.401592481,"Low Emissions"
"Maintenance and Repair",2039,436934.98950914,"Low Emissions"
"Metal Products",2039,161836.345125263,"Low Emissions"
"Others",2039,22622.6185105955,"Low Emissions"
"Agriculture",2039,3307827.44551568,"Low Emissions"
"Wood and Paper",2039,60364.8545995683,"Low Emissions"
"Other Manufacturing",2039,114219.094194781,"Low Emissions"
"Education, Health and Other Services",2039,586942.709364985,"Low Emissions"
"Wholesale Trade",2039,521361.390680294,"Low Emissions"
"Food & Beverages",2039,246319.634852017,"Low Emissions"
"Financial Intermediation and Business Activities",2039,465814.180641116,"Low Emissions"
"Hotels and Restaurants",2039,370198.919365975,"Low Emissions"
"Mining and Quarrying",2039,124272.729252471,"Low Emissions"
"Textiles and Wearing Apparel",2039,403009.188176292,"Low Emissions"
"Post and Telecommunications",2040,233506.704684126,"Low Emissions"
"Re-export & Re-import",2040,11252.4803724483,"Low Emissions"
"Recycling",2040,11514.6776490934,"Low Emissions"
"Public Administration",2040,551724.837677385,"Low Emissions"
"Others",2040,22739.5988221502,"Low Emissions"
"Petroleum, Chemical and Non-Metallic Mineral Products",2040,297501.456433945,"Low Emissions"
"Construction",2040,1307623.44231,"Low Emissions"
"Wood and Paper",2040,60618.2272628358,"Low Emissions"
"Private Households",2040,157534.747964658,"Low Emissions"
"Electricity, Gas and Water",2040,119836.437657327,"Low Emissions"
"Textiles and Wearing Apparel",2040,405171.57162727,"Low Emissions"
"Financial Intermediation and Business Activities",2040,467937.15540018,"Low Emissions"
"Retail Trade",2040,960099.713409156,"Low Emissions"
"Food & Beverages",2040,247640.606884627,"Low Emissions"
"Wholesale Trade",2040,523826.618100809,"Low Emissions"
"Maintenance and Repair",2040,439270.961256865,"Low Emissions"
"Metal Products",2040,162348.403037496,"Low Emissions"
"Mining and Quarrying",2040,124941.767409968,"Low Emissions"
"Electrical and Machinery",2040,206036.232431706,"Low Emissions"
"Other Manufacturing",2040,114834.993937012,"Low Emissions"
"Hotels and Restaurants",2040,372169.649827332,"Low Emissions"
"Education, Health and Other Services",2040,590069.861053268,"Low Emissions"
"Transport Equipment",2040,46593.092109486,"Low Emissions"
"Agriculture",2040,3325450.95309403,"Low Emissions"
"Fishing",2040,191324.168725363,"Low Emissions"
"Transport",2040,547939.680912483,"Low Emissions"
"Construction",2041,1313674.96470643,"Low Emissions"
"Electricity, Gas and Water",2041,120498.502130952,"Low Emissions"
"Electrical and Machinery",2041,204407.935082123,"Low Emissions"
"Public Administration",2041,554807.192470018,"Low Emissions"
"Fishing",2041,192408.473084988,"Low Emissions"
"Food & Beverages",2041,249043.52213938,"Low Emissions"
"Agriculture",2041,3344104.12193177,"Low Emissions"
"Others",2041,22860.7904480946,"Low Emissions"
"Petroleum, Chemical and Non-Metallic Mineral Products",2041,298545.825150493,"Low Emissions"
"Education, Health and Other Services",2041,593322.317233091,"Low Emissions"
"Post and Telecommunications",2041,234166.1359685,"Low Emissions"
"Private Households",2041,158428.041145995,"Low Emissions"
"Financial Intermediation and Business Activities",2041,469944.728988081,"Low Emissions"
"Re-export & Re-import",2041,11316.28691058,"Low Emissions"
"Recycling",2041,11592.0569596267,"Low Emissions"
"Retail Trade",2041,965432.890122004,"Low Emissions"
"Hotels and Restaurants",2041,374252.750240195,"Low Emissions"
"Textiles and Wearing Apparel",2041,407468.876421835,"Low Emissions"
"Maintenance and Repair",2041,441747.931309756,"Low Emissions"
"Metal Products",2041,162672.363653757,"Low Emissions"
"Mining and Quarrying",2041,125640.639403341,"Low Emissions"
"Wholesale Trade",2041,526214.35298492,"Low Emissions"
"Other Manufacturing",2041,115470.254534966,"Low Emissions"
"Wood and Paper",2041,60830.4290789064,"Low Emissions"
"Transport",2041,550589.643922786,"Low Emissions"
"Transport Equipment",2041,46808.5695386284,"Low Emissions"
"Electricity, Gas and Water",2042,121442.297484763,"Low Emissions"
"Public Administration",2042,556979.426496307,"Low Emissions"
"Petroleum, Chemical and Non-Metallic Mineral Products",2042,300337.085837529,"Low Emissions"
"Education, Health and Other Services",2042,596020.84423078,"Low Emissions"
"Food & Beverages",2042,250014.993056439,"Low Emissions"
"Textiles and Wearing Apparel",2042,409055.969893501,"Low Emissions"
"Financial Intermediation and Business Activities",2042,472570.307160433,"Low Emissions"
"Fishing",2042,193157.28961175,"Low Emissions"
"Transport Equipment",2042,47060.3067602194,"Low Emissions"
"Wholesale Trade",2042,529016.197563442,"Low Emissions"
"Construction",2042,1321092.55782273,"Low Emissions"
"Wood and Paper",2042,61259.8214730924,"Low Emissions"
"Other Manufacturing",2042,115992.124814168,"Low Emissions"
"Electrical and Machinery",2042,208714.989419227,"Low Emissions"
"Private Households",2042,159043.533993885,"Low Emissions"
"Hotels and Restaurants",2042,375745.404848957,"Low Emissions"
"Re-export & Re-import",2042,11360.2505724078,"Low Emissions"
"Recycling",2042,11653.0796797911,"Low Emissions"
"Retail Trade",2042,969354.011049784,"Low Emissions"
"Others",2042,22959.9550869969,"Low Emissions"
"Transport",2042,553093.911327708,"Low Emissions"
"Maintenance and Repair",2042,443482.7795783,"Low Emissions"
"Agriculture",2042,3357306.6797953,"Low Emissions"
"Metal Products",2042,163968.644285049,"Low Emissions"
"Mining and Quarrying",2042,126186.990775073,"Low Emissions"
"Post and Telecommunications",2042,235430.91064767,"Low Emissions"
"Petroleum, Chemical and Non-Metallic Mineral Products",2043,302122.051953081,"Low Emissions"
"Public Administration",2043,559162.865571834,"Low Emissions"
"Others",2043,23059.5339060745,"Low Emissions"
"Electricity, Gas and Water",2043,122398.208279962,"Low Emissions"
"Re-export & Re-import",2043,11404.4597188542,"Low Emissions"
"Post and Telecommunications",2043,236690.797156825,"Low Emissions"
"Private Households",2043,159662.463600673,"Low Emissions"
"Hotels and Restaurants",2043,377245.979718694,"Low Emissions"
"Transport",2043,555605.132203188,"Low Emissions"
"Financial Intermediation and Business Activities",2043,475198.924705017,"Low Emissions"
"Textiles and Wearing Apparel",2043,410651.89219175,"Low Emissions"
"Wholesale Trade",2043,531822.663507333,"Low Emissions"
"Agriculture",2043,3370569.78109818,"Low Emissions"
"Construction",2043,1328527.21727468,"Low Emissions"
"Other Manufacturing",2043,116514.92251134,"Low Emissions"
"Education, Health and Other Services",2043,598746.64521349,"Low Emissions"
"Electrical and Machinery",2043,212999.063158507,"Low Emissions"
"Food & Beverages",2043,250991.810084976,"Low Emissions"
"Maintenance and Repair",2043,445227.048404489,"Low Emissions"
"Recycling",2043,11714.0960778734,"Low Emissions"
"Retail Trade",2043,973294.94922228,"Low Emissions"
"Mining and Quarrying",2043,126736.328055882,"Low Emissions"
"Wood and Paper",2043,61688.7867945439,"Low Emissions"
"Transport Equipment",2043,47312.5291875003,"Low Emissions"
"Metal Products",2043,165259.263576868,"Low Emissions"
"Fishing",2043,193910.260576109,"Low Emissions"
"Re-export & Re-import",2044,11417.6122990436,"Low Emissions"
"Petroleum, Chemical and Non-Metallic Mineral Products",2044,303377.836979942,"Low Emissions"
"Construction",2044,1333216.57030123,"Low Emissions"
"Electricity, Gas and Water",2044,123150.653570986,"Low Emissions"
"Private Households",2044,159846.601242675,"Low Emissions"
"Electrical and Machinery",2044,218193.038479265,"Low Emissions"
"Financial Intermediation and Business Activities",2044,476871.654737271,"Low Emissions"
"Public Administration",2044,559836.692405756,"Low Emissions"
"Textiles and Wearing Apparel",2044,411130.62325914,"Low Emissions"
"Hotels and Restaurants",2044,377734.856152437,"Low Emissions"
"Transport",2044,556788.610985892,"Low Emissions"
"Transport Equipment",2044,47464.0314812203,"Low Emissions"
"Others",2044,23100.5900083922,"Low Emissions"
"Agriculture",2044,3374744.43411938,"Low Emissions"
"Wood and Paper",2044,62026.5906435142,"Low Emissions"
"Other Manufacturing",2044,116743.882799873,"Low Emissions"
"Post and Telecommunications",2044,237528.992749259,"Low Emissions"
"Education, Health and Other Services",2044,599968.151227416,"Low Emissions"
"Food & Beverages",2044,251286.389706051,"Low Emissions"
"Recycling",2044,11744.5483039687,"Low Emissions"
"Retail Trade",2044,974651.993102913,"Low Emissions"
"Mining and Quarrying",2044,126957.813867256,"Low Emissions"
"Maintenance and Repair",2044,445766.552998205,"Low Emissions"
"Wholesale Trade",2044,533496.717425534,"Low Emissions"
"Fishing",2044,194135.636651044,"Low Emissions"
"Metal Products",2044,166393.936339065,"Low Emissions"
"Electricity, Gas and Water",2045,124234.981989877,"Low Emissions"
"Hotels and Restaurants",2045,377566.195846383,"Low Emissions"
"Others",2045,23117.7385649355,"Low Emissions"
"Petroleum, Chemical and Non-Metallic Mineral Products",2045,305520.754763244,"Low Emissions"
"Construction",2045,1339575.92065396,"Low Emissions"
"Private Households",2045,159720.148064886,"Low Emissions"
"Electrical and Machinery",2045,230273.423302617,"Low Emissions"
"Re-export & Re-import",2045,11408.5798268222,"Low Emissions"
"Public Administration",2045,559495.553980496,"Low Emissions"
"Textiles and Wearing Apparel",2045,410815.465950799,"Low Emissions"
"Retail Trade",2045,974441.348511737,"Low Emissions"
"Transport",2045,557842.605846638,"Low Emissions"
"Post and Telecommunications",2045,239086.638602667,"Low Emissions"
"Transport Equipment",2045,47660.7612424124,"Low Emissions"
"Wholesale Trade",2045,535687.13084225,"Low Emissions"
"Agriculture",2045,3372839.18726034,"Low Emissions"
"Wood and Paper",2045,62620.1579889625,"Low Emissions"
"Other Manufacturing",2045,116850.666974298,"Low Emissions"
"Education, Health and Other Services",2045,600587.015820316,"Low Emissions"
"Fishing",2045,193986.002430476,"Low Emissions"
"Food & Beverages",2045,251098.788796559,"Low Emissions"
"Financial Intermediation and Business Activities",2045,479292.53708679,"Low Emissions"
"Recycling",2045,11756.7622176802,"Low Emissions"
"Metal Products",2045,168667.955036184,"Low Emissions"
"Mining and Quarrying",2045,127011.136064997,"Low Emissions"
"Maintenance and Repair",2045,445477.630216336,"Low Emissions"
"Transport",2046,558900.725773247,"Low Emissions"
"Public Administration",2046,559343.930003828,"Low Emissions"
"Electricity, Gas and Water",2046,125260.531742367,"Low Emissions"
"Agriculture",2046,3372061.98594062,"Low Emissions"
"Petroleum, Chemical and Non-Metallic Mineral Products",2046,307459.933382735,"Low Emissions"
"Construction",2046,1345540.90692563,"Low Emissions"
"Post and Telecommunications",2046,240478.288959494,"Low Emissions"
"Education, Health and Other Services",2046,601329.752091974,"Low Emissions"
"Re-export & Re-import",2046,11403.7386411329,"Low Emissions"
"Financial Intermediation and Business Activities",2046,481538.71688979,"Low Emissions"
"Recycling",2046,11772.0090797311,"Low Emissions"
"Textiles and Wearing Apparel",2046,410650.205357289,"Low Emissions"
"Hotels and Restaurants",2046,377520.415872625,"Low Emissions"
"Food & Beverages",2046,251002.12814903,"Low Emissions"
"Transport Equipment",2046,47846.2874564769,"Low Emissions"
"Others",2046,23139.0012044657,"Low Emissions"
"Wholesale Trade",2046,537749.212799262,"Low Emissions"
"Mining and Quarrying",2046,127095.336628041,"Low Emissions"
"Wood and Paper",2046,63157.8585435025,"Low Emissions"
"Other Manufacturing",2046,116978.151797468,"Low Emissions"
"Fishing",2046,193907.166058839,"Low Emissions"
"Private Households",2046,159652.372879342,"Low Emissions"
"Electrical and Machinery",2046,240912.476392983,"Low Emissions"
"Maintenance and Repair",2046,445344.469882975,"Low Emissions"
"Metal Products",2046,170695.231436336,"Low Emissions"
"Retail Trade",2046,974520.641008775,"Low Emissions"
"Textiles and Wearing Apparel",2047,411384.369918543,"Low Emissions"
"Re-export & Re-import",2047,11424.0336901315,"Low Emissions"
"Post and Telecommunications",2047,241016.887970003,"Low Emissions"
"Transport Equipment",2047,47977.8915311599,"Low Emissions"
"Others",2047,23186.946233964,"Low Emissions"
"Petroleum, Chemical and Non-Metallic Mineral Products",2047,308350.390796425,"Low Emissions"
"Construction",2047,1349538.37152075,"Low Emissions"
"Other Manufacturing",2047,117241.522631912,"Low Emissions"
"Education, Health and Other Services",2047,602783.160440154,"Low Emissions"
"Public Administration",2047,560339.222793517,"Low Emissions"
"Electricity, Gas and Water",2047,125927.517413066,"Low Emissions"
"Financial Intermediation and Business Activities",2047,482902.423927151,"Low Emissions"
"Recycling",2047,11807.3447139568,"Low Emissions"
"Retail Trade",2047,976369.976911618,"Low Emissions"
"Hotels and Restaurants",2047,378218.39562312,"Low Emissions"
"Transport",2047,560082.679745232,"Low Emissions"
"Maintenance and Repair",2047,446149.1677513,"Low Emissions"
"Wholesale Trade",2047,539194.392225705,"Low Emissions"
"Agriculture",2047,3378142.56131281,"Low Emissions"
"Wood and Paper",2047,63397.9616778364,"Low Emissions"
"Private Households",2047,159936.505023286,"Low Emissions"
"Electrical and Machinery",2047,243607.150902031,"Low Emissions"
"Fishing",2047,194253.169546437,"Low Emissions"
"Food & Beverages",2047,251451.607047147,"Low Emissions"
"Metal Products",2047,171396.729696983,"Low Emissions"
"Mining and Quarrying",2047,127369.811749124,"Low Emissions"
"Petroleum, Chemical and Non-Metallic Mineral Products",2048,309257.3264748,"Low Emissions"
"Construction",2048,1353611.6758839,"Low Emissions"
"Re-export & Re-import",2048,11444.4379472877,"Low Emissions"
"Financial Intermediation and Business Activities",2048,484293.123950178,"Low Emissions"
"Hotels and Restaurants",2048,378921.193994292,"Low Emissions"
"Transport",2048,561281.239037153,"Low Emissions"
"Others",2048,23235.4109880565,"Low Emissions"
"Agriculture",2048,3384250.39690961,"Low Emissions"
"Wood and Paper",2048,63643.7569793399,"Low Emissions"
"Post and Telecommunications",2048,241566.925147961,"Low Emissions"
"Public Administration",2048,561340.049684539,"Low Emissions"
"Electricity, Gas and Water",2048,126618.310215452,"Low Emissions"
"Electrical and Machinery",2048,246407.331012414,"Low Emissions"
"Recycling",2048,11842.6330643668,"Low Emissions"
"Textiles and Wearing Apparel",2048,412122.548053928,"Low Emissions"
"Retail Trade",2048,978233.287075271,"Low Emissions"
"Food & Beverages",2048,251903.538666273,"Low Emissions"
"Transport Equipment",2048,48111.8877380742,"Low Emissions"
"Metal Products",2048,172117.782310442,"Low Emissions"
"Wholesale Trade",2048,540665.834941341,"Low Emissions"
"Mining and Quarrying",2048,127647.213066037,"Low Emissions"
"Other Manufacturing",2048,117507.656762265,"Low Emissions"
"Education, Health and Other Services",2048,604269.788167244,"Low Emissions"
"Private Households",2048,160222.166056119,"Low Emissions"
"Maintenance and Repair",2048,446958.643192191,"Low Emissions"
"Fishing",2048,194601.055538604,"Low Emissions"
"Petroleum, Chemical and Non-Metallic Mineral Products",2049,310500.918210261,"Low Emissions"
"Public Administration",2049,561910.983824153,"Low Emissions"
"Recycling",2049,11869.7663859471,"Low Emissions"
"Textiles and Wearing Apparel",2049,412525.924931958,"Low Emissions"
"Re-export & Re-import",2049,11455.4892825203,"Low Emissions"
"Transport",2049,562406.082128899,"Low Emissions"
"Transport Equipment",2049,48262.4360594109,"Low Emissions"
"Others",2049,23273.4051456251,"Low Emissions"
"Agriculture",2049,3387752.54182211,"Low Emissions"
"Construction",2049,1358315.70199736,"Low Emissions"
"Post and Telecommunications",2049,242393.915087117,"Low Emissions"
"Education, Health and Other Services",2049,605505.396016026,"Low Emissions"
"Private Households",2049,160376.886104107,"Low Emissions"
"Electricity, Gas and Water",2049,127447.001121958,"Low Emissions"
"Financial Intermediation and Business Activities",2049,485965.695971247,"Low Emissions"
"Maintenance and Repair",2049,447418.14327898,"Low Emissions"
"Retail Trade",2049,979429.778436482,"Low Emissions"
"Hotels and Restaurants",2049,379345.426796117,"Low Emissions"
"Wood and Paper",2049,63990.1583861203,"Low Emissions"
"Other Manufacturing",2049,117720.865451282,"Low Emissions"
"Wholesale Trade",2049,542325.519662002,"Low Emissions"
"Mining and Quarrying",2049,127852.492642933,"Low Emissions"
"Electrical and Machinery",2049,251980.775892559,"Low Emissions"
"Fishing",2049,194790.779584972,"Low Emissions"
"Food & Beverages",2049,252151.939747599,"Low Emissions"
"Metal Products",2049,173291.790471031,"Low Emissions"
"Financial Intermediation and Business Activities",2050,487418.862623779,"Low Emissions"
"Construction",2050,1362544.12527409,"Low Emissions"
"Electricity, Gas and Water",2050,128199.793362221,"Low Emissions"
"Public Administration",2050,562775.695968841,"Low Emissions"
"Hotels and Restaurants",2050,379960.905497193,"Low Emissions"
"Food & Beverages",2050,252540.318806145,"Low Emissions"
"Textiles and Wearing Apparel",2050,413159.981794048,"Low Emissions"
"Education, Health and Other Services",2050,606943.64024512,"Low Emissions"
"Metal Products",2050,174132.381823866,"Low Emissions"
"Mining and Quarrying",2050,128107.465453534,"Low Emissions"
"Wholesale Trade",2050,543834.496426222,"Low Emissions"
"Others",2050,23318.3542163161,"Low Emissions"
"Petroleum, Chemical and Non-Metallic Mineral Products",2050,311473.06670807,"Low Emissions"
"Post and Telecommunications",2050,243002.309268541,"Low Emissions"
"Electrical and Machinery",2050,255559.326781287,"Low Emissions"
"Private Households",2050,160621.848534618,"Low Emissions"
"Re-export & Re-import",2050,11472.986502705,"Low Emissions"
"Fishing",2050,195089.444234792,"Low Emissions"
"Recycling",2050,11901.9179336157,"Low Emissions"
"Retail Trade",2050,981082.090539877,"Low Emissions"
"Maintenance and Repair",2050,448118.324548838,"Low Emissions"
"Transport",2050,563566.017013855,"Low Emissions"
"Transport Equipment",2050,48399.9343705456,"Low Emissions"
"Agriculture",2050,3392986.23131596,"Low Emissions"
"Other Manufacturing",2050,117970.009851246,"Low Emissions"
"Wood and Paper",2050,64262.0709046736,"Low Emissions"
"Agriculture",2023,2999930.57825874,"Low Emissions-Expansionary"
"Agriculture",2024,3033029.89928571,"Low Emissions-Expansionary"
"Agriculture",2025,3060287.20537121,"Low Emissions-Expansionary"
"Agriculture",2026,3086326.50968122,"Low Emissions-Expansionary"
"Agriculture",2027,3111612.14269065,"Low Emissions-Expansionary"
"Agriculture",2028,3137149.22109555,"Low Emissions-Expansionary"
"Agriculture",2029,3162420.61830387,"Low Emissions-Expansionary"
"Agriculture",2030,3187780.71116106,"Low Emissions-Expansionary"
"Agriculture",2031,3213164.01971306,"Low Emissions-Expansionary"
"Agriculture",2032,3238523.5177301,"Low Emissions-Expansionary"
"Agriculture",2033,3263918.73078074,"Low Emissions-Expansionary"
"Agriculture",2034,3280780.48882065,"Low Emissions-Expansionary"
"Agriculture",2035,3306000.46513169,"Low Emissions-Expansionary"
"Agriculture",2036,3321934.08071534,"Low Emissions-Expansionary"
"Agriculture",2037,3349012.3837424,"Low Emissions-Expansionary"
"Agriculture",2038,3364299.32225297,"Low Emissions-Expansionary"
"Agriculture",2039,3381858.97259462,"Low Emissions-Expansionary"
"Agriculture",2040,3398455.1588762,"Low Emissions-Expansionary"
"Agriculture",2041,3415016.09246561,"Low Emissions-Expansionary"
"Agriculture",2042,3431795.2169181,"Low Emissions-Expansionary"
"Agriculture",2043,3448611.68621,"Low Emissions-Expansionary"
"Agriculture",2044,3457494.01275404,"Low Emissions-Expansionary"
"Agriculture",2045,3466869.22995653,"Low Emissions-Expansionary"
"Agriculture",2046,3476006.56255988,"Low Emissions-Expansionary"
"Agriculture",2047,3484423.77667101,"Low Emissions-Expansionary"
"Agriculture",2048,3492964.9154952,"Low Emissions-Expansionary"
"Agriculture",2049,3501541.42638019,"Low Emissions-Expansionary"
"Agriculture",2050,3509936.92239446,"Low Emissions-Expansionary"
"Construction",2023,1138956.69411857,"Low Emissions-Expansionary"
"Construction",2024,1151523.216,"Low Emissions-Expansionary"
"Construction",2025,1166960.41086564,"Low Emissions-Expansionary"
"Construction",2026,1189416.8350745,"Low Emissions-Expansionary"
"Construction",2027,1199705.37022645,"Low Emissions-Expansionary"
"Construction",2028,1213645.09108202,"Low Emissions-Expansionary"
"Construction",2029,1224513.2689556,"Low Emissions-Expansionary"
"Construction",2030,1236403.08777788,"Low Emissions-Expansionary"
"Construction",2031,1249770.1903328,"Low Emissions-Expansionary"
"Construction",2032,1263175.89771262,"Low Emissions-Expansionary"
"Construction",2033,1276092.9146905,"Low Emissions-Expansionary"
"Construction",2034,1283102.81246891,"Low Emissions-Expansionary"
"Construction",2035,1295048.3973984,"Low Emissions-Expansionary"
"Construction",2036,1293868.05388307,"Low Emissions-Expansionary"
"Construction",2037,1323673.71585481,"Low Emissions-Expansionary"
"Construction",2038,1316803.31517022,"Low Emissions-Expansionary"
"Construction",2039,1330448.30335752,"Low Emissions-Expansionary"
"Construction",2040,1336329.92820154,"Low Emissions-Expansionary"
"Construction",2041,1341531.53764546,"Low Emissions-Expansionary"
"Construction",2042,1350403.62810066,"Low Emissions-Expansionary"
"Construction",2043,1359287.83098766,"Low Emissions-Expansionary"
"Construction",2044,1365907.3744717,"Low Emissions-Expansionary"
"Construction",2045,1376921.42514455,"Low Emissions-Expansionary"
"Construction",2046,1387017.51099679,"Low Emissions-Expansionary"
"Construction",2047,1391996.78637285,"Low Emissions-Expansionary"
"Construction",2048,1397094.64092394,"Low Emissions-Expansionary"
"Construction",2049,1403939.23166782,"Low Emissions-Expansionary"
"Construction",2050,1409508.79480473,"Low Emissions-Expansionary"
"Education, Health and Other Services",2023,528801.322269337,"Low Emissions-Expansionary"
"Education, Health and Other Services",2024,534635.778857143,"Low Emissions-Expansionary"
"Education, Health and Other Services",2025,539826.623347691,"Low Emissions-Expansionary"
"Education, Health and Other Services",2026,545000.233949048,"Low Emissions-Expansionary"
"Education, Health and Other Services",2027,549438.360357853,"Low Emissions-Expansionary"
"Education, Health and Other Services",2028,554345.254982739,"Low Emissions-Expansionary"
"Education, Health and Other Services",2029,558879.974620226,"Low Emissions-Expansionary"
"Education, Health and Other Services",2030,563552.641912675,"Low Emissions-Expansionary"
"Education, Health and Other Services",2031,568406.23617184,"Low Emissions-Expansionary"
"Education, Health and Other Services",2032,573271.96839228,"Low Emissions-Expansionary"
"Education, Health and Other Services",2033,578098.11846078,"Low Emissions-Expansionary"
"Education, Health and Other Services",2034,581128.83370884,"Low Emissions-Expansionary"
"Education, Health and Other Services",2035,585842.328273262,"Low Emissions-Expansionary"
"Education, Health and Other Services",2036,587844.252408627,"Low Emissions-Expansionary"
"Education, Health and Other Services",2037,594846.675150466,"Low Emissions-Expansionary"
"Education, Health and Other Services",2038,596144.154219589,"Low Emissions-Expansionary"
"Education, Health and Other Services",2039,600078.903981499,"Low Emissions-Expansionary"
"Education, Health and Other Services",2040,603023.767807512,"Low Emissions-Expansionary"
"Education, Health and Other Services",2041,605903.760017951,"Low Emissions-Expansionary"
"Education, Health and Other Services",2042,609244.754053683,"Low Emissions-Expansionary"
"Education, Health and Other Services",2043,612609.977500457,"Low Emissions-Expansionary"
"Education, Health and Other Services",2044,614679.520540701,"Low Emissions-Expansionary"
"Education, Health and Other Services",2045,617330.542447281,"Low Emissions-Expansionary"
"Education, Health and Other Services",2046,619865.878281341,"Low Emissions-Expansionary"
"Education, Health and Other Services",2047,621747.584151195,"Low Emissions-Expansionary"
"Education, Health and Other Services",2048,623681.147083358,"Low Emissions-Expansionary"
"Education, Health and Other Services",2049,625843.299317991,"Low Emissions-Expansionary"
"Education, Health and Other Services",2050,627863.995747075,"Low Emissions-Expansionary"
"Electrical and Machinery",2023,111861.81817236,"Low Emissions-Expansionary"
"Electrical and Machinery",2024,113096.030142857,"Low Emissions-Expansionary"
"Electrical and Machinery",2025,124328.637480964,"Low Emissions-Expansionary"
"Electrical and Machinery",2026,148506.781831517,"Low Emissions-Expansionary"
"Electrical and Machinery",2027,151505.449007454,"Low Emissions-Expansionary"
"Electrical and Machinery",2028,160649.509404247,"Low Emissions-Expansionary"
"Electrical and Machinery",2029,164292.529259443,"Low Emissions-Expansionary"
"Electrical and Machinery",2030,169554.169781436,"Low Emissions-Expansionary"
"Electrical and Machinery",2031,177309.311775573,"Low Emissions-Expansionary"
"Electrical and Machinery",2032,185027.450367248,"Low Emissions-Expansionary"
"Electrical and Machinery",2033,191740.113881971,"Low Emissions-Expansionary"
"Electrical and Machinery",2034,193266.197701854,"Low Emissions-Expansionary"
"Electrical and Machinery",2035,198177.759751505,"Low Emissions-Expansionary"
"Electrical and Machinery",2036,185482.063101047,"Low Emissions-Expansionary"
"Electrical and Machinery",2037,221051.231821747,"Low Emissions-Expansionary"
"Electrical and Machinery",2038,198485.852769852,"Low Emissions-Expansionary"
"Electrical and Machinery",2039,211170.954460399,"Low Emissions-Expansionary"
"Electrical and Machinery",2040,210559.381840069,"Low Emissions-Expansionary"
"Electrical and Machinery",2041,208742.420176162,"Low Emissions-Expansionary"
"Electrical and Machinery",2042,213345.747261817,"Low Emissions-Expansionary"
"Electrical and Machinery",2043,217930.826556239,"Low Emissions-Expansionary"
"Electrical and Machinery",2044,223543.186423101,"Low Emissions-Expansionary"
"Electrical and Machinery",2045,236693.124516576,"Low Emissions-Expansionary"
"Electrical and Machinery",2046,248338.65819669,"Low Emissions-Expansionary"
"Electrical and Machinery",2047,251271.3816436,"Low Emissions-Expansionary"
"Electrical and Machinery",2048,254322.837025632,"Low Emissions-Expansionary"
"Electrical and Machinery",2049,260444.384454556,"Low Emissions-Expansionary"
"Electrical and Machinery",2050,264368.039178282,"Low Emissions-Expansionary"
"Electricity, Gas and Water",2023,101692.561974872,"Low Emissions-Expansionary"
"Electricity, Gas and Water",2024,102814.572857143,"Low Emissions-Expansionary"
"Electricity, Gas and Water",2025,104471.233595372,"Low Emissions-Expansionary"
"Electricity, Gas and Water",2026,106519.481504905,"Low Emissions-Expansionary"
"Electricity, Gas and Water",2027,107476.026725923,"Low Emissions-Expansionary"
"Electricity, Gas and Water",2028,109011.186439963,"Low Emissions-Expansionary"
"Electricity, Gas and Water",2029,110140.812673269,"Low Emissions-Expansionary"
"Electricity, Gas and Water",2030,111405.551430681,"Low Emissions-Expansionary"
"Electricity, Gas and Water",2031,112868.175475498,"Low Emissions-Expansionary"
"Electricity, Gas and Water",2032,114338.700230318,"Low Emissions-Expansionary"
"Electricity, Gas and Water",2033,115746.765139851,"Low Emissions-Expansionary"
"Electricity, Gas and Water",2034,116514.372048118,"Low Emissions-Expansionary"
"Electricity, Gas and Water",2035,117805.033651069,"Low Emissions-Expansionary"
"Electricity, Gas and Water",2036,117507.266754014,"Low Emissions-Expansionary"
"Electricity, Gas and Water",2037,121158.652399483,"Low Emissions-Expansionary"
"Electricity, Gas and Water",2038,120127.713319404,"Low Emissions-Expansionary"
"Electricity, Gas and Water",2039,121801.583906658,"Low Emissions-Expansionary"
"Electricity, Gas and Water",2040,122467.22791054,"Low Emissions-Expansionary"
"Electricity, Gas and Water",2041,123053.681611293,"Low Emissions-Expansionary"
"Electricity, Gas and Water",2042,124136.736791994,"Low Emissions-Expansionary"
"Electricity, Gas and Water",2043,125232.206676912,"Low Emissions-Expansionary"
"Electricity, Gas and Water",2044,126170.338436173,"Low Emissions-Expansionary"
"Electricity, Gas and Water",2045,127698.479658248,"Low Emissions-Expansionary"
"Electricity, Gas and Water",2046,129121.71608398,"Low Emissions-Expansionary"
"Electricity, Gas and Water",2047,129889.377919184,"Low Emissions-Expansionary"
"Electricity, Gas and Water",2048,130685.754117288,"Low Emissions-Expansionary"
"Electricity, Gas and Water",2049,131727.730578703,"Low Emissions-Expansionary"
"Electricity, Gas and Water",2050,132618.630754325,"Low Emissions-Expansionary"
"Financial Intermediation and Business Activities",2023,406770.24789949,"Low Emissions-Expansionary"
"Financial Intermediation and Business Activities",2024,411258.291428571,"Low Emissions-Expansionary"
"Financial Intermediation and Business Activities",2025,417174.936445074,"Low Emissions-Expansionary"
"Financial Intermediation and Business Activities",2026,425224.399382182,"Low Emissions-Expansionary"
"Financial Intermediation and Business Activities",2027,429008.52178748,"Low Emissions-Expansionary"
"Financial Intermediation and Business Activities",2028,434214.292009304,"Low Emissions-Expansionary"
"Financial Intermediation and Business Activities",2029,438181.002108681,"Low Emissions-Expansionary"
"Financial Intermediation and Business Activities",2030,442524.544949647,"Low Emissions-Expansionary"
"Financial Intermediation and Business Activities",2031,447428.805678691,"Low Emissions-Expansionary"
"Financial Intermediation and Business Activities",2032,452328.429399237,"Low Emissions-Expansionary"
"Financial Intermediation and Business Activities",2033,457016.509107377,"Low Emissions-Expansionary"
"Financial Intermediation and Business Activities",2034,459477.944176688,"Low Emissions-Expansionary"
"Financial Intermediation and Business Activities",2035,463755.644413943,"Low Emissions-Expansionary"
"Financial Intermediation and Business Activities",2036,462967.819765228,"Low Emissions-Expansionary"
"Financial Intermediation and Business Activities",2037,474255.979313062,"Low Emissions-Expansionary"
"Financial Intermediation and Business Activities",2038,471211.936689993,"Low Emissions-Expansionary"
"Financial Intermediation and Business Activities",2039,476239.432772884,"Low Emissions-Expansionary"
"Financial Intermediation and Business Activities",2040,478209.861528705,"Low Emissions-Expansionary"
"Financial Intermediation and Business Activities",2041,479909.941062663,"Low Emissions-Expansionary"
"Financial Intermediation and Business Activities",2042,483055.220880082,"Low Emissions-Expansionary"
"Financial Intermediation and Business Activities",2043,486201.642880157,"Low Emissions-Expansionary"
"Financial Intermediation and Business Activities",2044,488564.667130554,"Low Emissions-Expansionary"
"Financial Intermediation and Business Activities",2045,492654.543166553,"Low Emissions-Expansionary"
"Financial Intermediation and Business Activities",2046,496382.257210691,"Low Emissions-Expansionary"
"Financial Intermediation and Business Activities",2047,498095.227541234,"Low Emissions-Expansionary"
"Financial Intermediation and Business Activities",2048,499850.392960955,"Low Emissions-Expansionary"
"Financial Intermediation and Business Activities",2049,502288.462700933,"Low Emissions-Expansionary"
"Financial Intermediation and Business Activities",2050,504219.394350794,"Low Emissions-Expansionary"
"Fishing",2023,172877.355357283,"Low Emissions-Expansionary"
"Fishing",2024,174784.773857143,"Low Emissions-Expansionary"
"Fishing",2025,176239.439401706,"Low Emissions-Expansionary"
"Fishing",2026,177695.859360418,"Low Emissions-Expansionary"
"Fishing",2027,179146.069949717,"Low Emissions-Expansionary"
"Fishing",2028,180590.299303693,"Low Emissions-Expansionary"
"Fishing",2029,182038.918310519,"Low Emissions-Expansionary"
"Fishing",2030,183487.034862892,"Low Emissions-Expansionary"
"Fishing",2031,184927.777249882,"Low Emissions-Expansionary"
"Fishing",2032,186367.372090598,"Low Emissions-Expansionary"
"Fishing",2033,187812.606564859,"Low Emissions-Expansionary"
"Fishing",2034,188783.031561754,"Low Emissions-Expansionary"
"Fishing",2035,190223.843304818,"Low Emissions-Expansionary"
"Fishing",2036,191190.280547072,"Low Emissions-Expansionary"
"Fishing",2037,192629.082374478,"Low Emissions-Expansionary"
"Fishing",2038,193592.701266297,"Low Emissions-Expansionary"
"Fishing",2039,194562.708744386,"Low Emissions-Expansionary"
"Fishing",2040,195524.341628751,"Low Emissions-Expansionary"
"Fishing",2041,196488.508716768,"Low Emissions-Expansionary"
"Fishing",2042,197442.868890037,"Low Emissions-Expansionary"
"Fishing",2043,198400.043354366,"Low Emissions-Expansionary"
"Fishing",2044,198895.891077551,"Low Emissions-Expansionary"
"Fishing",2045,199394.061065438,"Low Emissions-Expansionary"
"Fishing",2046,199884.398495094,"Low Emissions-Expansionary"
"Fishing",2047,200364.653171496,"Low Emissions-Expansionary"
"Fishing",2048,200852.354227508,"Low Emissions-Expansionary"
"Fishing",2049,201333.472788665,"Low Emissions-Expansionary"
"Fishing",2050,201813.858591325,"Low Emissions-Expansionary"
"Food & Beverages",2023,223723.636344719,"Low Emissions-Expansionary"
"Food & Beverages",2024,226192.060285714,"Low Emissions-Expansionary"
"Food & Beverages",2025,228083.844059943,"Low Emissions-Expansionary"
"Food & Beverages",2026,229976.208565736,"Low Emissions-Expansionary"
"Food & Beverages",2027,231853.743174063,"Low Emissions-Expansionary"
"Food & Beverages",2028,233726.551743295,"Low Emissions-Expansionary"
"Food & Beverages",2029,235602.654277717,"Low Emissions-Expansionary"
"Food & Beverages",2030,237478.888370003,"Low Emissions-Expansionary"
"Food & Beverages",2031,239346.7464244,"Low Emissions-Expansionary"
"Food & Beverages",2032,241213.156430838,"Low Emissions-Expansionary"
"Food & Beverages",2033,243086.469859492,"Low Emissions-Expansionary"
"Food & Beverages",2034,244343.221264775,"Low Emissions-Expansionary"
"Food & Beverages",2035,246210.144590865,"Low Emissions-Expansionary"
"Food & Beverages",2036,247455.540760585,"Low Emissions-Expansionary"
"Food & Beverages",2037,249333.602582663,"Low Emissions-Expansionary"
"Food & Beverages",2038,250571.044776837,"Low Emissions-Expansionary"
"Food & Beverages",2039,251832.443188601,"Low Emissions-Expansionary"
"Food & Beverages",2040,253077.104394298,"Low Emissions-Expansionary"
"Food & Beverages",2041,254324.50809546,"Low Emissions-Expansionary"
"Food & Beverages",2042,255562.07375765,"Low Emissions-Expansionary"
"Food & Beverages",2043,256803.254528685,"Low Emissions-Expansionary"
"Food & Beverages",2044,257447.994909269,"Low Emissions-Expansionary"
"Food & Beverages",2045,258099.072095177,"Low Emissions-Expansionary"
"Food & Beverages",2046,258739.325759798,"Low Emissions-Expansionary"
"Food & Beverages",2047,259362.635642209,"Low Emissions-Expansionary"
"Food & Beverages",2048,259995.603000849,"Low Emissions-Expansionary"
"Food & Beverages",2049,260621.29741432,"Low Emissions-Expansionary"
"Food & Beverages",2050,261244.970931452,"Low Emissions-Expansionary"
"Hotels and Restaurants",2023,335585.454517079,"Low Emissions-Expansionary"
"Hotels and Restaurants",2024,339288.090428571,"Low Emissions-Expansionary"
"Hotels and Restaurants",2025,342214.375016069,"Low Emissions-Expansionary"
"Hotels and Restaurants",2026,345241.827411508,"Low Emissions-Expansionary"
"Hotels and Restaurants",2027,348072.626496249,"Low Emissions-Expansionary"
"Hotels and Restaurants",2028,350954.679571708,"Low Emissions-Expansionary"
"Hotels and Restaurants",2029,353791.478498266,"Low Emissions-Expansionary"
"Hotels and Restaurants",2030,356643.689823304,"Low Emissions-Expansionary"
"Hotels and Restaurants",2031,359506.599267722,"Low Emissions-Expansionary"
"Hotels and Restaurants",2032,362367.282602647,"Low Emissions-Expansionary"
"Hotels and Restaurants",2033,365229.300158073,"Low Emissions-Expansionary"
"Hotels and Restaurants",2034,367121.856263152,"Low Emissions-Expansionary"
"Hotels and Restaurants",2035,369958.17048543,"Low Emissions-Expansionary"
"Hotels and Restaurants",2036,371703.417634076,"Low Emissions-Expansionary"
"Hotels and Restaurants",2037,374838.45708663,"Low Emissions-Expansionary"
"Hotels and Restaurants",2038,376481.402234992,"Low Emissions-Expansionary"
"Hotels and Restaurants",2039,378484.234055164,"Low Emissions-Expansionary"
"Hotels and Restaurants",2040,380339.955173918,"Low Emissions-Expansionary"
"Hotels and Restaurants",2041,382188.806962588,"Low Emissions-Expansionary"
"Hotels and Restaurants",2042,384082.065216105,"Low Emissions-Expansionary"
"Hotels and Restaurants",2043,385980.703182401,"Low Emissions-Expansionary"
"Hotels and Restaurants",2044,386997.00941839,"Low Emissions-Expansionary"
"Hotels and Restaurants",2045,388092.21370403,"Low Emissions-Expansionary"
"Hotels and Restaurants",2046,389157.568438804,"Low Emissions-Expansionary"
"Hotels and Restaurants",2047,390117.689400122,"Low Emissions-Expansionary"
"Hotels and Restaurants",2048,391093.530658441,"Low Emissions-Expansionary"
"Hotels and Restaurants",2049,392086.998810147,"Low Emissions-Expansionary"
"Hotels and Restaurants",2050,393057.537033912,"Low Emissions-Expansionary"
"Maintenance and Repair",2023,396600.991702003,"Low Emissions-Expansionary"
"Maintenance and Repair",2024,400976.834142857,"Low Emissions-Expansionary"
"Maintenance and Repair",2025,404359.300449057,"Low Emissions-Expansionary"
"Maintenance and Repair",2026,407800.06717983,"Low Emissions-Expansionary"
"Maintenance and Repair",2027,411134.001649347,"Low Emissions-Expansionary"
"Maintenance and Repair",2028,414482.01862945,"Low Emissions-Expansionary"
"Maintenance and Repair",2029,417815.797462527,"Low Emissions-Expansionary"
"Maintenance and Repair",2030,421155.915817319,"Low Emissions-Expansionary"
"Maintenance and Repair",2031,424490.507889744,"Low Emissions-Expansionary"
"Maintenance and Repair",2032,427822.50453579,"Low Emissions-Expansionary"
"Maintenance and Repair",2033,431163.104451934,"Low Emissions-Expansionary"
"Maintenance and Repair",2034,433392.78351899,"Low Emissions-Expansionary"
"Maintenance and Repair",2035,436715.487964119,"Low Emissions-Expansionary"
"Maintenance and Repair",2036,438872.726979048,"Low Emissions-Expansionary"
"Maintenance and Repair",2037,442328.035955462,"Low Emissions-Expansionary"
"Maintenance and Repair",2038,444434.870254955,"Low Emissions-Expansionary"
"Maintenance and Repair",2039,446713.90483661,"Low Emissions-Expansionary"
"Maintenance and Repair",2040,448914.353416925,"Low Emissions-Expansionary"
"Maintenance and Repair",2041,451115.228243778,"Low Emissions-Expansionary"
"Maintenance and Repair",2042,453322.328550322,"Low Emissions-Expansionary"
"Maintenance and Repair",2043,455535.800135325,"Low Emissions-Expansionary"
"Maintenance and Repair",2044,456696.860507446,"Low Emissions-Expansionary"
"Maintenance and Repair",2045,457896.923951909,"Low Emissions-Expansionary"
"Maintenance and Repair",2046,459072.314319026,"Low Emissions-Expansionary"
"Maintenance and Repair",2047,460185.661155306,"Low Emissions-Expansionary"
"Maintenance and Repair",2048,461316.591932236,"Low Emissions-Expansionary"
"Maintenance and Repair",2049,462446.162836566,"Low Emissions-Expansionary"
"Maintenance and Repair",2050,463564.230947521,"Low Emissions-Expansionary"
"Metal Products",2023,132200.330567334,"Low Emissions-Expansionary"
"Metal Products",2024,133658.944714286,"Low Emissions-Expansionary"
"Metal Products",2025,136834.399895887,"Low Emissions-Expansionary"
"Metal Products",2026,142145.74689477,"Low Emissions-Expansionary"
"Metal Products",2027,143707.706082367,"Low Emissions-Expansionary"
"Metal Products",2028,146493.088237081,"Low Emissions-Expansionary"
"Metal Products",2029,148171.02028257,"Low Emissions-Expansionary"
"Metal Products",2030,150165.10071615,"Low Emissions-Expansionary"
"Metal Products",2031,152646.805976113,"Low Emissions-Expansionary"
"Metal Products",2032,155113.831689292,"Low Emissions-Expansionary"
"Metal Products",2033,157377.108406397,"Low Emissions-Expansionary"
"Metal Products",2034,158294.621726776,"Low Emissions-Expansionary"
"Metal Products",2035,160184.187583245,"Low Emissions-Expansionary"
"Metal Products",2036,158241.322206754,"Low Emissions-Expansionary"
"Metal Products",2037,166261.276859566,"Low Emissions-Expansionary"
"Metal Products",2038,162330.209620843,"Low Emissions-Expansionary"
"Metal Products",2039,165458.357447199,"Low Emissions-Expansionary"
"Metal Products",2040,165912.465894213,"Low Emissions-Expansionary"
"Metal Products",2041,166121.842927573,"Low Emissions-Expansionary"
"Metal Products",2042,167606.615317098,"Low Emissions-Expansionary"
"Metal Products",2043,169085.663445294,"Low Emissions-Expansionary"
"Metal Products",2044,170473.957326791,"Low Emissions-Expansionary"
"Metal Products",2045,173370.18189403,"Low Emissions-Expansionary"
"Metal Products",2046,175956.950715682,"Low Emissions-Expansionary"
"Metal Products",2047,176789.116906816,"Low Emissions-Expansionary"
"Metal Products",2048,177646.835911495,"Low Emissions-Expansionary"
"Metal Products",2049,179112.368951112,"Low Emissions-Expansionary"
"Metal Products",2050,180134.440484018,"Low Emissions-Expansionary"
"Mining and Quarrying",2023,111861.81817236,"Low Emissions-Expansionary"
"Mining and Quarrying",2024,113096.030142857,"Low Emissions-Expansionary"
"Mining and Quarrying",2025,114150.303088062,"Low Emissions-Expansionary"
"Mining and Quarrying",2026,115401.496104413,"Low Emissions-Expansionary"
"Mining and Quarrying",2027,116364.879498618,"Low Emissions-Expansionary"
"Mining and Quarrying",2028,117395.963762644,"Low Emissions-Expansionary"
"Mining and Quarrying",2029,118373.434589113,"Low Emissions-Expansionary"
"Mining and Quarrying",2030,119368.672655778,"Low Emissions-Expansionary"
"Mining and Quarrying",2031,120386.371081511,"Low Emissions-Expansionary"
"Mining and Quarrying",2032,121403.941087856,"Low Emissions-Expansionary"
"Mining and Quarrying",2033,122415.531313635,"Low Emissions-Expansionary"
"Mining and Quarrying",2034,123069.685523497,"Low Emissions-Expansionary"
"Mining and Quarrying",2035,124061.363999325,"Low Emissions-Expansionary"
"Mining and Quarrying",2036,124565.656753422,"Low Emissions-Expansionary"
"Mining and Quarrying",2037,125878.850063662,"Low Emissions-Expansionary"
"Mining and Quarrying",2038,126279.402639257,"Low Emissions-Expansionary"
"Mining and Quarrying",2039,127054.041177705,"Low Emissions-Expansionary"
"Mining and Quarrying",2040,127684.635859223,"Low Emissions-Expansionary"
"Mining and Quarrying",2041,128304.858277625,"Low Emissions-Expansionary"
"Mining and Quarrying",2042,128986.700555335,"Low Emissions-Expansionary"
"Mining and Quarrying",2043,129670.770933707,"Low Emissions-Expansionary"
"Mining and Quarrying",2044,130070.851256303,"Low Emissions-Expansionary"
"Mining and Quarrying",2045,130552.029029059,"Low Emissions-Expansionary"
"Mining and Quarrying",2046,131013.079246998,"Low Emissions-Expansionary"
"Mining and Quarrying",2047,131377.048905919,"Low Emissions-Expansionary"
"Mining and Quarrying",2048,131747.7090961,"Low Emissions-Expansionary"
"Mining and Quarrying",2049,132146.841874824,"Low Emissions-Expansionary"
"Mining and Quarrying",2050,132523.120453494,"Low Emissions-Expansionary"
"Other Manufacturing",2023,101692.561974872,"Low Emissions-Expansionary"
"Other Manufacturing",2024,102814.572857143,"Low Emissions-Expansionary"
"Other Manufacturing",2025,103820.459477698,"Low Emissions-Expansionary"
"Other Manufacturing",2026,105149.835636267,"Low Emissions-Expansionary"
"Other Manufacturing",2027,106165.509833639,"Low Emissions-Expansionary"
"Other Manufacturing",2028,107253.344071161,"Low Emissions-Expansionary"
"Other Manufacturing",2029,108252.148501399,"Low Emissions-Expansionary"
"Other Manufacturing",2030,109261.538277522,"Low Emissions-Expansionary"
"Other Manufacturing",2031,110291.33279557,"Low Emissions-Expansionary"
"Other Manufacturing",2032,111310.416796373,"Low Emissions-Expansionary"
"Other Manufacturing",2033,112310.108317958,"Low Emissions-Expansionary"
"Other Manufacturing",2034,112953.829990823,"Low Emissions-Expansionary"
"Other Manufacturing",2035,113911.709267996,"Low Emissions-Expansionary"
"Other Manufacturing",2036,114339.092978978,"Low Emissions-Expansionary"
"Other Manufacturing",2037,115721.352251194,"Low Emissions-Expansionary"
"Other Manufacturing",2038,115997.791579302,"Low Emissions-Expansionary"
"Other Manufacturing",2039,116775.398628458,"Low Emissions-Expansionary"
"Other Manufacturing",2040,117355.986622402,"Low Emissions-Expansionary"
"Other Manufacturing",2041,117918.809660214,"Low Emissions-Expansionary"
"Other Manufacturing",2042,118565.64118286,"Low Emissions-Expansionary"
"Other Manufacturing",2043,119212.699776695,"Low Emissions-Expansionary"
"Other Manufacturing",2044,119606.472041356,"Low Emissions-Expansionary"
"Other Manufacturing",2045,120108.300260276,"Low Emissions-Expansionary"
"Other Manufacturing",2046,120584.029896088,"Low Emissions-Expansionary"
"Other Manufacturing",2047,120930.109270755,"Low Emissions-Expansionary"
"Other Manufacturing",2048,121282.43310467,"Low Emissions-Expansionary"
"Other Manufacturing",2049,121674.910442334,"Low Emissions-Expansionary"
"Other Manufacturing",2050,122036.243321722,"Low Emissions-Expansionary"
"Others",2023,20338.5123949745,"Low Emissions-Expansionary"
"Others",2024,20562.9145714286,"Low Emissions-Expansionary"
"Others",2025,20764.0588741285,"Low Emissions-Expansionary"
"Others",2026,20997.081689764,"Low Emissions-Expansionary"
"Others",2027,21173.1376267356,"Low Emissions-Expansionary"
"Others",2028,21366.2104509871,"Low Emissions-Expansionary"
"Others",2029,21544.2465236351,"Low Emissions-Expansionary"
"Others",2030,21726.8583056698,"Low Emissions-Expansionary"
"Others",2031,21915.724917789,"Low Emissions-Expansionary"
"Others",2032,22104.3906549459,"Low Emissions-Expansionary"
"Others",2033,22290.8941057653,"Low Emissions-Expansionary"
"Others",2034,22407.7421153777,"Low Emissions-Expansionary"
"Others",2035,22588.6980576994,"Low Emissions-Expansionary"
"Others",2036,22664.8363934933,"Low Emissions-Expansionary"
"Others",2037,22932.5180952568,"Low Emissions-Expansionary"
"Others",2038,22980.3904325875,"Low Emissions-Expansionary"
"Others",2039,23128.9287769107,"Low Emissions-Expansionary"
"Others",2040,23238.8052080605,"Low Emissions-Expansionary"
"Others",2041,23345.5551681893,"Low Emissions-Expansionary"
"Others",2042,23469.3674314598,"Low Emissions-Expansionary"
"Others",2043,23593.4525233696,"Low Emissions-Expansionary"
"Others",2044,23667.0222602926,"Low Emissions-Expansionary"
"Others",2045,23762.2288070173,"Low Emissions-Expansionary"
"Others",2046,23852.2661721972,"Low Emissions-Expansionary"
"Others",2047,23916.4408545916,"Low Emissions-Expansionary"
"Others",2048,23981.8174956871,"Low Emissions-Expansionary"
"Others",2049,24055.1195060148,"Low Emissions-Expansionary"
"Others",2050,24122.0997827559,"Low Emissions-Expansionary"
"Petroleum, Chemical and Non-Metallic Mineral Products",2023,254231.404937181,"Low Emissions-Expansionary"
"Petroleum, Chemical and Non-Metallic Mineral Products",2024,257036.432142857,"Low Emissions-Expansionary"
"Petroleum, Chemical and Non-Metallic Mineral Products",2025,261610.738645268,"Low Emissions-Expansionary"
"Petroleum, Chemical and Non-Metallic Mineral Products",2026,267985.68346374,"Low Emissions-Expansionary"
"Petroleum, Chemical and Non-Metallic Mineral Products",2027,270568.949573112,"Low Emissions-Expansionary"
"Petroleum, Chemical and Non-Metallic Mineral Products",2028,274375.787612255,"Low Emissions-Expansionary"
"Petroleum, Chemical and Non-Metallic Mineral Products",2029,277061.79325536,"Low Emissions-Expansionary"
"Petroleum, Chemical and Non-Metallic Mineral Products",2030,280063.457046684,"Low Emissions-Expansionary"
"Petroleum, Chemical and Non-Metallic Mineral Products",2031,283549.52247582,"Low Emissions-Expansionary"
"Petroleum, Chemical and Non-Metallic Mineral Products",2032,287016.850335108,"Low Emissions-Expansionary"
"Petroleum, Chemical and Non-Metallic Mineral Products",2033,290279.530929323,"Low Emissions-Expansionary"
"Petroleum, Chemical and Non-Metallic Mineral Products",2034,291849.450418224,"Low Emissions-Expansionary"
"Petroleum, Chemical and Non-Metallic Mineral Products",2035,294729.377215755,"Low Emissions-Expansionary"
"Petroleum, Chemical and Non-Metallic Mineral Products",2036,293403.723593606,"Low Emissions-Expansionary"
"Petroleum, Chemical and Non-Metallic Mineral Products",2037,302478.390736683,"Low Emissions-Expansionary"
"Petroleum, Chemical and Non-Metallic Mineral Products",2038,299139.882473062,"Low Emissions-Expansionary"
"Petroleum, Chemical and Non-Metallic Mineral Products",2039,302941.213304783,"Low Emissions-Expansionary"
"Petroleum, Chemical and Non-Metallic Mineral Products",2040,304032.557885251,"Low Emissions-Expansionary"
"Petroleum, Chemical and Non-Metallic Mineral Products",2041,304876.511033516,"Low Emissions-Expansionary"
"Petroleum, Chemical and Non-Metallic Mineral Products",2042,307000.66241884,"Low Emissions-Expansionary"
"Petroleum, Chemical and Non-Metallic Mineral Products",2043,309117.36195762,"Low Emissions-Expansionary"
"Petroleum, Chemical and Non-Metallic Mineral Products",2044,310816.737515157,"Low Emissions-Expansionary"
"Petroleum, Chemical and Non-Metallic Mineral Products",2045,314038.246413445,"Low Emissions-Expansionary"
"Petroleum, Chemical and Non-Metallic Mineral Products",2046,316937.455663197,"Low Emissions-Expansionary"
"Petroleum, Chemical and Non-Metallic Mineral Products",2047,318051.536824225,"Low Emissions-Expansionary"
"Petroleum, Chemical and Non-Metallic Mineral Products",2048,319191.804549316,"Low Emissions-Expansionary"
"Petroleum, Chemical and Non-Metallic Mineral Products",2049,320930.119487873,"Low Emissions-Expansionary"
"Petroleum, Chemical and Non-Metallic Mineral Products",2050,322209.0343544,"Low Emissions-Expansionary"
"Post and Telecommunications",2023,203385.123949745,"Low Emissions-Expansionary"
"Post and Telecommunications",2024,205629.145714286,"Low Emissions-Expansionary"
"Post and Telecommunications",2025,209018.794377868,"Low Emissions-Expansionary"
"Post and Telecommunications",2026,212816.336839087,"Low Emissions-Expansionary"
"Post and Telecommunications",2027,214569.042905872,"Low Emissions-Expansionary"
"Post and Telecommunications",2028,217339.56064155,"Low Emissions-Expansionary"
"Post and Telecommunications",2029,219231.453313671,"Low Emissions-Expansionary"
"Post and Telecommunications",2030,221392.201508049,"Low Emissions-Expansionary"
"Post and Telecommunications",2031,223954.824337745,"Low Emissions-Expansionary"
"Post and Telecommunications",2032,226514.755145566,"Low Emissions-Expansionary"
"Post and Telecommunications",2033,228921.233227468,"Low Emissions-Expansionary"
"Post and Telecommunications",2034,229980.879333306,"Low Emissions-Expansionary"
"Post and Telecommunications",2035,232094.476812823,"Low Emissions-Expansionary"
"Post and Telecommunications",2036,230847.222203005,"Low Emissions-Expansionary"
"Post and Telecommunications",2037,237925.347886604,"Low Emissions-Expansionary"
"Post and Telecommunications",2038,235073.183661699,"Low Emissions-Expansionary"
"Post and Telecommunications",2039,237936.445954436,"Low Emissions-Expansionary"
"Post and Telecommunications",2040,238632.918169372,"Low Emissions-Expansionary"
"Post and Telecommunications",2041,239131.645871412,"Low Emissions-Expansionary"
"Post and Telecommunications",2042,240654.414426212,"Low Emissions-Expansionary"
"Post and Telecommunications",2043,242171.117082596,"Low Emissions-Expansionary"
"Post and Telecommunications",2044,243353.263133942,"Low Emissions-Expansionary"
"Post and Telecommunications",2045,245752.039941935,"Low Emissions-Expansionary"
"Post and Telecommunications",2046,247891.086836946,"Low Emissions-Expansionary"
"Post and Telecommunications",2047,248599.625320598,"Low Emissions-Expansionary"
"Post and Telecommunications",2048,249326.939595368,"Low Emissions-Expansionary"
"Post and Telecommunications",2049,250535.517190851,"Low Emissions-Expansionary"
"Post and Telecommunications",2050,251378.201790688,"Low Emissions-Expansionary"
"Private Households",2023,142369.586764821,"Low Emissions-Expansionary"
"Private Households",2024,143940.402,"Low Emissions-Expansionary"
"Private Households",2025,145134.861529481,"Low Emissions-Expansionary"
"Private Households",2026,146328.730288105,"Low Emissions-Expansionary"
"Private Households",2027,147521.962643358,"Low Emissions-Expansionary"
"Private Households",2028,148708.731274714,"Low Emissions-Expansionary"
"Private Households",2029,149900.537200926,"Low Emissions-Expansionary"
"Private Households",2030,151091.568844738,"Low Emissions-Expansionary"
"Private Households",2031,152275.942777043,"Low Emissions-Expansionary"
"Private Households",2032,153459.413949288,"Low Emissions-Expansionary"
"Private Households",2033,154647.809084256,"Low Emissions-Expansionary"
"Private Households",2034,155446.422170515,"Low Emissions-Expansionary"
"Private Households",2035,156631.660024264,"Low Emissions-Expansionary"
"Private Households",2036,157430.565135829,"Low Emissions-Expansionary"
"Private Households",2037,158606.525745448,"Low Emissions-Expansionary"
"Private Households",2038,159405.596786516,"Low Emissions-Expansionary"
"Private Households",2039,160201.150542168,"Low Emissions-Expansionary"
"Private Households",2040,160993.135810539,"Low Emissions-Expansionary"
"Private Households",2041,161787.519253091,"Low Emissions-Expansionary"
"Private Households",2042,162572.231642313,"Low Emissions-Expansionary"
"Private Households",2043,163359.275606797,"Low Emissions-Expansionary"
"Private Households",2044,163766.079934241,"Low Emissions-Expansionary"
"Private Households",2045,164172.922569734,"Low Emissions-Expansionary"
"Private Households",2046,164573.693535485,"Low Emissions-Expansionary"
"Private Households",2047,164968.337110151,"Low Emissions-Expansionary"
"Private Households",2048,165369.088891804,"Low Emissions-Expansionary"
"Private Households",2049,165763.674765144,"Low Emissions-Expansionary"
"Private Households",2050,166158.221189199,"Low Emissions-Expansionary"
"Public Administration",2023,498293.553676875,"Low Emissions-Expansionary"
"Public Administration",2024,503791.407,"Low Emissions-Expansionary"
"Public Administration",2025,508073.25094716,"Low Emissions-Expansionary"
"Public Administration",2026,512324.618466035,"Low Emissions-Expansionary"
"Public Administration",2027,516482.774074989,"Low Emissions-Expansionary"
"Public Administration",2028,520692.76212684,"Low Emissions-Expansionary"
"Public Administration",2029,524866.427134116,"Low Emissions-Expansionary"
"Public Administration",2030,529054.887058959,"Low Emissions-Expansionary"
"Public Administration",2031,533246.182745978,"Low Emissions-Expansionary"
"Public Administration",2032,537434.786159432,"Low Emissions-Expansionary"
"Public Administration",2033,541631.135188156,"Low Emissions-Expansionary"
"Public Administration",2034,544414.682568342,"Low Emissions-Expansionary"
"Public Administration",2035,548582.723127539,"Low Emissions-Expansionary"
"Public Administration",2036,551224.856394981,"Low Emissions-Expansionary"
"Public Administration",2037,555668.874446357,"Low Emissions-Expansionary"
"Public Administration",2038,558212.388813399,"Low Emissions-Expansionary"
"Public Administration",2039,561097.815952806,"Low Emissions-Expansionary"
"Public Administration",2040,563836.949433975,"Low Emissions-Expansionary"
"Public Administration",2041,566571.919239849,"Low Emissions-Expansionary"
"Public Administration",2042,569337.124688399,"Low Emissions-Expansionary"
"Public Administration",2043,572109.678167653,"Low Emissions-Expansionary"
"Public Administration",2044,573564.028298936,"Low Emissions-Expansionary"
"Public Administration",2045,575093.508080362,"Low Emissions-Expansionary"
"Public Administration",2046,576585.833691011,"Low Emissions-Expansionary"
"Public Administration",2047,577968.299284658,"Low Emissions-Expansionary"
"Public Administration",2048,579372.348157486,"Low Emissions-Expansionary"
"Public Administration",2049,580784.62446967,"Low Emissions-Expansionary"
"Public Administration",2050,582173.654604297,"Low Emissions-Expansionary"
"Re-export & Re-import",2023,10169.2561974872,"Low Emissions-Expansionary"
"Re-export & Re-import",2024,10281.4572857143,"Low Emissions-Expansionary"
"Re-export & Re-import",2025,10366.7758220663,"Low Emissions-Expansionary"
"Re-export & Re-import",2026,10452.0521657143,"Low Emissions-Expansionary"
"Re-export & Re-import",2027,10537.283051977,"Low Emissions-Expansionary"
"Re-export & Re-import",2028,10622.0521069898,"Low Emissions-Expansionary"
"Re-export & Re-import",2029,10707.180969375,"Low Emissions-Expansionary"
"Re-export & Re-import",2030,10792.2545265306,"Low Emissions-Expansionary"
"Re-export & Re-import",2031,10876.8525335587,"Low Emissions-Expansionary"
"Re-export & Re-import",2032,10961.3860584184,"Low Emissions-Expansionary"
"Re-export & Re-import",2033,11046.2712955485,"Low Emissions-Expansionary"
"Re-export & Re-import",2034,11103.3149583673,"Low Emissions-Expansionary"
"Re-export & Re-import",2035,11187.9746766582,"Low Emissions-Expansionary"
"Re-export & Re-import",2036,11245.0392,"Low Emissions-Expansionary"
"Re-export & Re-import",2037,11329.0362602679,"Low Emissions-Expansionary"
"Re-export & Re-import",2038,11386.1126387755,"Low Emissions-Expansionary"
"Re-export & Re-import",2039,11442.9377844643,"Low Emissions-Expansionary"
"Re-export & Re-import",2040,11499.508040051,"Low Emissions-Expansionary"
"Re-export & Re-import",2041,11556.2495955612,"Low Emissions-Expansionary"
"Re-export & Re-import",2042,11612.3003632653,"Low Emissions-Expansionary"
"Re-export & Re-import",2043,11668.51767375,"Low Emissions-Expansionary"
"Re-export & Re-import",2044,11697.5750118367,"Low Emissions-Expansionary"
"Re-export & Re-import",2045,11726.6350878827,"Low Emissions-Expansionary"
"Re-export & Re-import",2046,11755.261474898,"Low Emissions-Expansionary"
"Re-export & Re-import",2047,11783.4501927934,"Low Emissions-Expansionary"
"Re-export & Re-import",2048,11812.0752128571,"Low Emissions-Expansionary"
"Re-export & Re-import",2049,11840.2598144388,"Low Emissions-Expansionary"
"Re-export & Re-import",2050,11868.4416,"Low Emissions-Expansionary"
"Recycling",2023,10169.2561974872,"Low Emissions-Expansionary"
"Recycling",2024,10281.4572857143,"Low Emissions-Expansionary"
"Recycling",2025,10373.9938313255,"Low Emissions-Expansionary"
"Recycling",2026,10472.559906539,"Low Emissions-Expansionary"
"Recycling",2027,10558.7587199075,"Low Emissions-Expansionary"
"Recycling",2028,10666.1008674858,"Low Emissions-Expansionary"
"Recycling",2029,10770.0637670229,"Low Emissions-Expansionary"
"Recycling",2030,10874.9524676973,"Low Emissions-Expansionary"
"Recycling",2031,10980.9265604389,"Low Emissions-Expansionary"
"Recycling",2032,11086.7171088131,"Low Emissions-Expansionary"
"Recycling",2033,11192.1023372263,"Low Emissions-Expansionary"
"Recycling",2034,11266.3298880185,"Low Emissions-Expansionary"
"Recycling",2035,11370.1336113659,"Low Emissions-Expansionary"
"Recycling",2036,11434.7459019301,"Low Emissions-Expansionary"
"Recycling",2037,11557.9375090777,"Low Emissions-Expansionary"
"Recycling",2038,11615.6208419884,"Low Emissions-Expansionary"
"Recycling",2039,11696.1976397967,"Low Emissions-Expansionary"
"Recycling",2040,11767.4613793203,"Low Emissions-Expansionary"
"Recycling",2041,11837.8673685062,"Low Emissions-Expansionary"
"Recycling",2042,11911.6264677706,"Low Emissions-Expansionary"
"Recycling",2043,11985.323328443,"Low Emissions-Expansionary"
"Recycling",2044,12032.5275694746,"Low Emissions-Expansionary"
"Recycling",2045,12084.5243171818,"Low Emissions-Expansionary"
"Recycling",2046,12134.8839334119,"Low Emissions-Expansionary"
"Recycling",2047,12178.820731791,"Low Emissions-Expansionary"
"Recycling",2048,12223.0618156063,"Low Emissions-Expansionary"
"Recycling",2049,12268.4517858835,"Low Emissions-Expansionary"
"Recycling",2050,12312.157596438,"Low Emissions-Expansionary"
"Retail Trade",2023,864386.776786416,"Low Emissions-Expansionary"
"Retail Trade",2024,873923.869285714,"Low Emissions-Expansionary"
"Retail Trade",2025,881637.875653651,"Low Emissions-Expansionary"
"Retail Trade",2026,889869.145113769,"Low Emissions-Expansionary"
"Retail Trade",2027,897182.959131202,"Low Emissions-Expansionary"
"Retail Trade",2028,904738.866685217,"Low Emissions-Expansionary"
"Retail Trade",2029,912084.458924576,"Low Emissions-Expansionary"
"Retail Trade",2030,919501.764316368,"Low Emissions-Expansionary"
"Retail Trade",2031,926993.814806101,"Low Emissions-Expansionary"
"Retail Trade",2032,934482.06739998,"Low Emissions-Expansionary"
"Retail Trade",2033,941958.150363647,"Low Emissions-Expansionary"
"Retail Trade",2034,946852.696480528,"Low Emissions-Expansionary"
"Retail Trade",2035,954234.482235034,"Low Emissions-Expansionary"
"Retail Trade",2036,958501.001067413,"Low Emissions-Expansionary"
"Retail Trade",2037,967198.009740241,"Low Emissions-Expansionary"
"Retail Trade",2038,971028.068838329,"Low Emissions-Expansionary"
"Retail Trade",2039,976409.702918012,"Low Emissions-Expansionary"
"Retail Trade",2040,981176.950162238,"Low Emissions-Expansionary"
"Retail Trade",2041,985904.9646031,"Low Emissions-Expansionary"
"Retail Trade",2042,990861.060933478,"Low Emissions-Expansionary"
"Retail Trade",2043,995830.543203743,"Low Emissions-Expansionary"
"Retail Trade",2044,998550.704048039,"Low Emissions-Expansionary"
"Retail Trade",2045,1001607.41143925,"Low Emissions-Expansionary"
"Retail Trade",2046,1004560.46111253,"Low Emissions-Expansionary"
"Retail Trade",2047,1007087.97826947,"Low Emissions-Expansionary"
"Retail Trade",2048,1009657.72333031,"Low Emissions-Expansionary"
"Retail Trade",2049,1012327.1700303,"Low Emissions-Expansionary"
"Retail Trade",2050,1014898.38706192,"Low Emissions-Expansionary"
"Textiles and Wearing Apparel",2023,366093.223109541,"Low Emissions-Expansionary"
"Textiles and Wearing Apparel",2024,370132.462285714,"Low Emissions-Expansionary"
"Textiles and Wearing Apparel",2025,373212.40805248,"Low Emissions-Expansionary"
"Textiles and Wearing Apparel",2026,376298.929228766,"Low Emissions-Expansionary"
"Textiles and Wearing Apparel",2027,379370.075931908,"Low Emissions-Expansionary"
"Textiles and Wearing Apparel",2028,382429.064576312,"Low Emissions-Expansionary"
"Textiles and Wearing Apparel",2029,385497.271892395,"Low Emissions-Expansionary"
"Textiles and Wearing Apparel",2030,388564.5866195,"Low Emissions-Expansionary"
"Textiles and Wearing Apparel",2031,391616.480954744,"Low Emissions-Expansionary"
"Textiles and Wearing Apparel",2032,394666.04045339,"Low Emissions-Expansionary"
"Textiles and Wearing Apparel",2033,397727.59440228,"Low Emissions-Expansionary"
"Textiles and Wearing Apparel",2034,399783.566757133,"Low Emissions-Expansionary"
"Textiles and Wearing Apparel",2035,402835.831121419,"Low Emissions-Expansionary"
"Textiles and Wearing Apparel",2036,404882.962772403,"Low Emissions-Expansionary"
"Textiles and Wearing Apparel",2037,407932.19166372,"Low Emissions-Expansionary"
"Textiles and Wearing Apparel",2038,409973.080604782,"Low Emissions-Expansionary"
"Textiles and Wearing Apparel",2039,412028.819979632,"Low Emissions-Expansionary"
"Textiles and Wearing Apparel",2040,414066.373929088,"Low Emissions-Expansionary"
"Textiles and Wearing Apparel",2041,416109.283509874,"Low Emissions-Expansionary"
"Textiles and Wearing Apparel",2042,418131.691507522,"Low Emissions-Expansionary"
"Textiles and Wearing Apparel",2043,420160.093500662,"Low Emissions-Expansionary"
"Textiles and Wearing Apparel",2044,421211.649097583,"Low Emissions-Expansionary"
"Textiles and Wearing Apparel",2045,422268.426990126,"Low Emissions-Expansionary"
"Textiles and Wearing Apparel",2046,423308.591209163,"Low Emissions-Expansionary"
"Textiles and Wearing Apparel",2047,424327.112866999,"Low Emissions-Expansionary"
"Textiles and Wearing Apparel",2048,425361.433820437,"Low Emissions-Expansionary"
"Textiles and Wearing Apparel",2049,426381.973822723,"Low Emissions-Expansionary"
"Textiles and Wearing Apparel",2050,427400.931241713,"Low Emissions-Expansionary"
"Transport",2023,488124.297479388,"Low Emissions-Expansionary"
"Transport",2024,493509.949714286,"Low Emissions-Expansionary"
"Transport",2025,498961.030936311,"Low Emissions-Expansionary"
"Transport",2026,504953.823100886,"Low Emissions-Expansionary"
"Transport",2027,509100.206080823,"Low Emissions-Expansionary"
"Transport",2028,514075.085845417,"Low Emissions-Expansionary"
"Transport",2029,518359.053572094,"Low Emissions-Expansionary"
"Transport",2030,522860.979887357,"Low Emissions-Expansionary"
"Transport",2031,527674.188563197,"Low Emissions-Expansionary"
"Transport",2032,532486.480167846,"Low Emissions-Expansionary"
"Transport",2033,537189.874696978,"Low Emissions-Expansionary"
"Transport",2034,539925.131626708,"Low Emissions-Expansionary"
"Transport",2035,544392.404574781,"Low Emissions-Expansionary"
"Transport",2036,545280.571731542,"Low Emissions-Expansionary"
"Transport",2037,553723.552216391,"Low Emissions-Expansionary"
"Transport",2038,553328.351686087,"Low Emissions-Expansionary"
"Transport",2039,557521.992263418,"Low Emissions-Expansionary"
"Transport",2040,559968.696461287,"Low Emissions-Expansionary"
"Transport",2041,562264.937269673,"Low Emissions-Expansionary"
"Transport",2042,565365.401625056,"Low Emissions-Expansionary"
"Transport",2043,568469.569323049,"Low Emissions-Expansionary"
"Transport",2044,570441.207159351,"Low Emissions-Expansionary"
"Transport",2045,573394.478062675,"Low Emissions-Expansionary"
"Transport",2046,576128.967589356,"Low Emissions-Expansionary"
"Transport",2047,577703.685023727,"Low Emissions-Expansionary"
"Transport",2048,579311.648296694,"Low Emissions-Expansionary"
"Transport",2049,581296.352290045,"Low Emissions-Expansionary"
"Transport",2050,582991.216724307,"Low Emissions-Expansionary"
"Transport Equipment",2023,40677.024789949,"Low Emissions-Expansionary"
"Transport Equipment",2024,41125.8291428571,"Low Emissions-Expansionary"
"Transport Equipment",2025,41663.9770015368,"Low Emissions-Expansionary"
"Transport Equipment",2026,42432.7616213863,"Low Emissions-Expansionary"
"Transport Equipment",2027,42812.7281185137,"Low Emissions-Expansionary"
"Transport Equipment",2028,43307.8881668406,"Low Emissions-Expansionary"
"Transport Equipment",2029,43701.3446387345,"Low Emissions-Expansionary"
"Transport Equipment",2030,44125.3742322361,"Low Emissions-Expansionary"
"Transport Equipment",2031,44594.8007229321,"Low Emissions-Expansionary"
"Transport Equipment",2032,45063.571510682,"Low Emissions-Expansionary"
"Transport Equipment",2033,45515.0347633408,"Low Emissions-Expansionary"
"Transport Equipment",2034,45763.6151456797,"Low Emissions-Expansionary"
"Transport Equipment",2035,46180.8499742104,"Low Emissions-Expansionary"
"Transport Equipment",2036,46162.5247672545,"Low Emissions-Expansionary"
"Transport Equipment",2037,47154.1069528752,"Low Emissions-Expansionary"
"Transport Equipment",2038,46950.4540589998,"Low Emissions-Expansionary"
"Transport Equipment",2039,47408.7215783038,"Low Emissions-Expansionary"
"Transport Equipment",2040,47615.958401116,"Low Emissions-Expansionary"
"Transport Equipment",2041,47801.148651846,"Low Emissions-Expansionary"
"Transport Equipment",2042,48104.4334193105,"Low Emissions-Expansionary"
"Transport Equipment",2043,48407.9997320229,"Low Emissions-Expansionary"
"Transport Equipment",2044,48627.8614191747,"Low Emissions-Expansionary"
"Transport Equipment",2045,48989.4766556715,"Low Emissions-Expansionary"
"Transport Equipment",2046,49321.160134738,"Low Emissions-Expansionary"
"Transport Equipment",2047,49487.3448859864,"Low Emissions-Expansionary"
"Transport Equipment",2048,49657.4177965075,"Low Emissions-Expansionary"
"Transport Equipment",2049,49883.489751338,"Low Emissions-Expansionary"
"Transport Equipment",2050,50068.2010203027,"Low Emissions-Expansionary"
"Wholesale Trade",2023,457616.528886926,"Low Emissions-Expansionary"
"Wholesale Trade",2024,462665.577857143,"Low Emissions-Expansionary"
"Wholesale Trade",2025,468761.747328161,"Low Emissions-Expansionary"
"Wholesale Trade",2026,477351.993221545,"Low Emissions-Expansionary"
"Wholesale Trade",2027,481613.91414639,"Low Emissions-Expansionary"
"Wholesale Trade",2028,487171.549398927,"Low Emissions-Expansionary"
"Wholesale Trade",2029,491577.84513563,"Low Emissions-Expansionary"
"Wholesale Trade",2030,496328.174171785,"Low Emissions-Expansionary"
"Wholesale Trade",2031,501590.236715625,"Low Emissions-Expansionary"
"Wholesale Trade",2032,506843.48547074,"Low Emissions-Expansionary"
"Wholesale Trade",2033,511899.710831413,"Low Emissions-Expansionary"
"Wholesale Trade",2034,514667.585475353,"Low Emissions-Expansionary"
"Wholesale Trade",2035,519334.950983414,"Low Emissions-Expansionary"
"Wholesale Trade",2036,519084.263305345,"Low Emissions-Expansionary"
"Wholesale Trade",2037,530242.118141876,"Low Emissions-Expansionary"
"Wholesale Trade",2038,527895.431838141,"Low Emissions-Expansionary"
"Wholesale Trade",2039,533029.828816143,"Low Emissions-Expansionary"
"Wholesale Trade",2040,535326.275368775,"Low Emissions-Expansionary"
"Wholesale Trade",2041,537372.766518943,"Low Emissions-Expansionary"
"Wholesale Trade",2042,540753.475813271,"Low Emissions-Expansionary"
"Wholesale Trade",2043,544136.443235172,"Low Emissions-Expansionary"
"Wholesale Trade",2044,546578.190536091,"Low Emissions-Expansionary"
"Wholesale Trade",2045,550621.339379423,"Low Emissions-Expansionary"
"Wholesale Trade",2046,554325.454423766,"Low Emissions-Expansionary"
"Wholesale Trade",2047,556158.221987172,"Low Emissions-Expansionary"
"Wholesale Trade",2048,558034.001911195,"Low Emissions-Expansionary"
"Wholesale Trade",2049,560541.317654299,"Low Emissions-Expansionary"
"Wholesale Trade",2050,562579.582864344,"Low Emissions-Expansionary"
"Wood and Paper",2023,50846.2809874362,"Low Emissions-Expansionary"
"Wood and Paper",2024,51407.2864285714,"Low Emissions-Expansionary"
"Wood and Paper",2025,52383.8074091304,"Low Emissions-Expansionary"
"Wood and Paper",2026,53951.0548322412,"Low Emissions-Expansionary"
"Wood and Paper",2027,54485.0594238705,"Low Emissions-Expansionary"
"Wood and Paper",2028,55339.2286305381,"Low Emissions-Expansionary"
"Wood and Paper",2029,55912.7406530781,"Low Emissions-Expansionary"
"Wood and Paper",2030,56570.4010739932,"Low Emissions-Expansionary"
"Wood and Paper",2031,57355.287586034,"Low Emissions-Expansionary"
"Wood and Paper",2032,58138.7842076143,"Low Emissions-Expansionary"
"Wood and Paper",2033,58872.8015318785,"Low Emissions-Expansionary"
"Wood and Paper",2034,59216.9995801254,"Low Emissions-Expansionary"
"Wood and Paper",2035,59858.7720948183,"Low Emissions-Expansionary"
"Wood and Paper",2036,59471.902011575,"Low Emissions-Expansionary"
"Wood and Paper",2037,61690.9996245811,"Low Emissions-Expansionary"
"Wood and Paper",2038,60796.2471922055,"Low Emissions-Expansionary"
"Wood and Paper",2039,61715.8629098604,"Low Emissions-Expansionary"
"Wood and Paper",2040,61948.9897969003,"Low Emissions-Expansionary"
"Wood and Paper",2041,62120.3427410181,"Low Emissions-Expansionary"
"Wood and Paper",2042,62618.9926543836,"Low Emissions-Expansionary"
"Wood and Paper",2043,63117.1240663254,"Low Emissions-Expansionary"
"Wood and Paper",2044,63547.4981789124,"Low Emissions-Expansionary"
"Wood and Paper",2045,64365.9204764196,"Low Emissions-Expansionary"
"Wood and Paper",2046,65104.7138782664,"Low Emissions-Expansionary"
"Wood and Paper",2047,65392.5525798066,"Low Emissions-Expansionary"
"Wood and Paper",2048,65688.2275679539,"Low Emissions-Expansionary"
"Wood and Paper",2049,66139.4797003434,"Low Emissions-Expansionary"
"Wood and Paper",2050,66477.0794812107,"Low Emissions-Expansionary"
