sector,subsector,transformer_code,transformer_name,transformer_description,transformer_unit,maximum_magnitude,strategy_PFLO_BAU,strategy_PFLO_LEDS,year
0,0,TFR:AGRC:DEC_EXPORTS,0,0,0,0,0,0,2015
0,0,TFR:AGRC:DEC_EXPORTS,0,0,0,0,0,0,2016
0,0,TFR:AGRC:DEC_EXPORTS,0,0,0,0,0,0,2017
0,0,TFR:AGRC:DEC_EXPORTS,0,0,0,0,0,0,2018
0,0,TFR:AGRC:DEC_EXPORTS,0,0,0,0,0,0,2019
0,0,TFR:AGRC:DEC_EXPORTS,0,0,0,0,0,0,2020
0,0,TFR:AGRC:DEC_EXPORTS,0,0,0,0,0,0,2021
0,0,TFR:AGRC:DEC_EXPORTS,0,0,0,0,0,0,2022
0,0,TFR:AGRC:DEC_EXPORTS,0,0,0,0,0,0,2023
0,0,TFR:AGRC:DEC_EXPORTS,0,0,0,0,0,0,2024
0,0,TFR:AGRC:DEC_EXPORTS,0,0,0,0,0,0,2025
0,0,TFR:AGRC:DEC_EXPORTS,0,0,0,0,0,0.02,2026
0,0,TFR:AGRC:DEC_EXPORTS,0,0,0,0,0,0.04,2027
0,0,TFR:AGRC:DEC_EXPORTS,0,0,0,0,0,0.06,2028
0,0,TFR:AGRC:DEC_EXPORTS,0,0,0,0,0,0.08,2029
0,0,TFR:AGRC:DEC_EXPORTS,0,0,0,0,0,0.1,2030
0,0,TFR:AGRC:DEC_EXPORTS,0,0,0,0,0,0.12,2031
0,0,TFR:AGRC:DEC_EXPORTS,0,0,0,0,0,0.14,2032
0,0,TFR:AGRC:DEC_EXPORTS,0,0,0,0,0,0.16,2033
0,0,TFR:AGRC:DEC_EXPORTS,0,0,0,0,0,0.18,2034
0,0,TFR:AGRC:DEC_EXPORTS,0,0,0,0,0,0.2,2035
0,0,TFR:AGRC:DEC_EXPORTS,0,0,0,0,0,0.22,2036
0,0,TFR:AGRC:DEC_EXPORTS,0,0,0,0,0,0.24,2037
0,0,TFR:AGRC:DEC_EXPORTS,0,0,0,0,0,0.26,2038
0,0,TFR:AGRC:DEC_EXPORTS,0,0,0,0,0,0.28,2039
0,0,TFR:AGRC:DEC_EXPORTS,0,0,0,0,0,0.3,2040
0,0,TFR:AGRC:DEC_EXPORTS,0,0,0,0,0,0.32,2041
0,0,TFR:AGRC:DEC_EXPORTS,0,0,0,0,0,0.34,2042
0,0,TFR:AGRC:DEC_EXPORTS,0,0,0,0,0,0.36,2043
0,0,TFR:AGRC:DEC_EXPORTS,0,0,0,0,0,0.38,2044
0,0,TFR:AGRC:DEC_EXPORTS,0,0,0,0,0,0.4,2045
0,0,TFR:AGRC:DEC_EXPORTS,0,0,0,0,0,0.42,2046
0,0,TFR:AGRC:DEC_EXPORTS,0,0,0,0,0,0.44,2047
0,0,TFR:AGRC:DEC_EXPORTS,0,0,0,0,0,0.46,2048
0,0,TFR:AGRC:DEC_EXPORTS,0,0,0,0,0,0.48,2049
0,0,TFR:AGRC:DEC_EXPORTS,0,0,0,0,0,0.5,2050
0,0,TFR:CCSQ:INC_CAPTURE,0,0,0,0,0,0,2015
0,0,TFR:CCSQ:INC_CAPTURE,0,0,0,0,0,0,2016
0,0,TFR:CCSQ:INC_CAPTURE,0,0,0,0,0,0,2017
0,0,TFR:CCSQ:INC_CAPTURE,0,0,0,0,0,0,2018
0,0,TFR:CCSQ:INC_CAPTURE,0,0,0,0,0,0,2019
0,0,TFR:CCSQ:INC_CAPTURE,0,0,0,0,0,0,2020
0,0,TFR:CCSQ:INC_CAPTURE,0,0,0,0,0,0,2021
0,0,TFR:CCSQ:INC_CAPTURE,0,0,0,0,0,2.26199605,2022
0,0,TFR:CCSQ:INC_CAPTURE,0,0,0,0,0,5.445304817,2023
0,0,TFR:CCSQ:INC_CAPTURE,0,0,0,0,0,8.401104627,2024
0,0,TFR:CCSQ:INC_CAPTURE,0,0,0,0,0,10.30361023,2025
0,0,TFR:CCSQ:INC_CAPTURE,0,0,0,0,0,11.4147059,2026
0,0,TFR:CCSQ:INC_CAPTURE,0,0,0,0,0,12.16585717,2027
0,0,TFR:CCSQ:INC_CAPTURE,0,0,0,0,0,12.78233778,2028
0,0,TFR:CCSQ:INC_CAPTURE,0,0,0,0,0,13.35187518,2029
0,0,TFR:CCSQ:INC_CAPTURE,0,0,0,0,0,13.90544501,2030
0,0,TFR:CCSQ:INC_CAPTURE,0,0,0,0,0,14.45362846,2031
0,0,TFR:CCSQ:INC_CAPTURE,0,0,0,0,0,15,2032
0,0,TFR:CCSQ:INC_CAPTURE,0,0,0,0,0,15,2033
0,0,TFR:CCSQ:INC_CAPTURE,0,0,0,0,0,15,2034
0,0,TFR:CCSQ:INC_CAPTURE,0,0,0,0,0,15,2035
0,0,TFR:CCSQ:INC_CAPTURE,0,0,0,0,0,15,2036
0,0,TFR:CCSQ:INC_CAPTURE,0,0,0,0,0,15,2037
0,0,TFR:CCSQ:INC_CAPTURE,0,0,0,0,0,15,2038
0,0,TFR:CCSQ:INC_CAPTURE,0,0,0,0,0,15,2039
0,0,TFR:CCSQ:INC_CAPTURE,0,0,0,0,0,15,2040
0,0,TFR:CCSQ:INC_CAPTURE,0,0,0,0,0,15,2041
0,0,TFR:CCSQ:INC_CAPTURE,0,0,0,0,0,15,2042
0,0,TFR:CCSQ:INC_CAPTURE,0,0,0,0,0,15,2043
0,0,TFR:CCSQ:INC_CAPTURE,0,0,0,0,0,15,2044
0,0,TFR:CCSQ:INC_CAPTURE,0,0,0,0,0,15,2045
0,0,TFR:CCSQ:INC_CAPTURE,0,0,0,0,0,15,2046
0,0,TFR:CCSQ:INC_CAPTURE,0,0,0,0,0,15,2047
0,0,TFR:CCSQ:INC_CAPTURE,0,0,0,0,0,15,2048
0,0,TFR:CCSQ:INC_CAPTURE,0,0,0,0,0,15,2049
0,0,TFR:CCSQ:INC_CAPTURE,0,0,0,0,0,15,2050
Energy,ENTC,TFR:ENTC:DEC_LOSSES,ENTC: Reduce transmission losses,Decrease transmission losses by upgrading electrical transmission infrastructure.,Target maximum fraction of electricity transmitted that is lost through inefficient or insufficient electricity infrastructure.,0,0,0,2015
Energy,ENTC,TFR:ENTC:DEC_LOSSES,ENTC: Reduce transmission losses,Decrease transmission losses by upgrading electrical transmission infrastructure.,Target maximum fraction of electricity transmitted that is lost through inefficient or insufficient electricity infrastructure.,0,0,0,2016
Energy,ENTC,TFR:ENTC:DEC_LOSSES,ENTC: Reduce transmission losses,Decrease transmission losses by upgrading electrical transmission infrastructure.,Target maximum fraction of electricity transmitted that is lost through inefficient or insufficient electricity infrastructure.,0,0,0,2017
Energy,ENTC,TFR:ENTC:DEC_LOSSES,ENTC: Reduce transmission losses,Decrease transmission losses by upgrading electrical transmission infrastructure.,Target maximum fraction of electricity transmitted that is lost through inefficient or insufficient electricity infrastructure.,0,0,0,2018
Energy,ENTC,TFR:ENTC:DEC_LOSSES,ENTC: Reduce transmission losses,Decrease transmission losses by upgrading electrical transmission infrastructure.,Target maximum fraction of electricity transmitted that is lost through inefficient or insufficient electricity infrastructure.,0,0,0,2019
Energy,ENTC,TFR:ENTC:DEC_LOSSES,ENTC: Reduce transmission losses,Decrease transmission losses by upgrading electrical transmission infrastructure.,Target maximum fraction of electricity transmitted that is lost through inefficient or insufficient electricity infrastructure.,0,0,0,2020
Energy,ENTC,TFR:ENTC:DEC_LOSSES,ENTC: Reduce transmission losses,Decrease transmission losses by upgrading electrical transmission infrastructure.,Target maximum fraction of electricity transmitted that is lost through inefficient or insufficient electricity infrastructure.,0,0,0,2021
Energy,ENTC,TFR:ENTC:DEC_LOSSES,ENTC: Reduce transmission losses,Decrease transmission losses by upgrading electrical transmission infrastructure.,Target maximum fraction of electricity transmitted that is lost through inefficient or insufficient electricity infrastructure.,0,0,0,2022
Energy,ENTC,TFR:ENTC:DEC_LOSSES,ENTC: Reduce transmission losses,Decrease transmission losses by upgrading electrical transmission infrastructure.,Target maximum fraction of electricity transmitted that is lost through inefficient or insufficient electricity infrastructure.,0,0,0,2023
Energy,ENTC,TFR:ENTC:DEC_LOSSES,ENTC: Reduce transmission losses,Decrease transmission losses by upgrading electrical transmission infrastructure.,Target maximum fraction of electricity transmitted that is lost through inefficient or insufficient electricity infrastructure.,0,0,0,2024
Energy,ENTC,TFR:ENTC:DEC_LOSSES,ENTC: Reduce transmission losses,Decrease transmission losses by upgrading electrical transmission infrastructure.,Target maximum fraction of electricity transmitted that is lost through inefficient or insufficient electricity infrastructure.,0,0,0,2025
Energy,ENTC,TFR:ENTC:DEC_LOSSES,ENTC: Reduce transmission losses,Decrease transmission losses by upgrading electrical transmission infrastructure.,Target maximum fraction of electricity transmitted that is lost through inefficient or insufficient electricity infrastructure.,0,0.0024,0.0036,2026
Energy,ENTC,TFR:ENTC:DEC_LOSSES,ENTC: Reduce transmission losses,Decrease transmission losses by upgrading electrical transmission infrastructure.,Target maximum fraction of electricity transmitted that is lost through inefficient or insufficient electricity infrastructure.,0,0.0048,0.0072,2027
Energy,ENTC,TFR:ENTC:DEC_LOSSES,ENTC: Reduce transmission losses,Decrease transmission losses by upgrading electrical transmission infrastructure.,Target maximum fraction of electricity transmitted that is lost through inefficient or insufficient electricity infrastructure.,0,0.0072,0.0108,2028
Energy,ENTC,TFR:ENTC:DEC_LOSSES,ENTC: Reduce transmission losses,Decrease transmission losses by upgrading electrical transmission infrastructure.,Target maximum fraction of electricity transmitted that is lost through inefficient or insufficient electricity infrastructure.,0,0.0096,0.0144,2029
Energy,ENTC,TFR:ENTC:DEC_LOSSES,ENTC: Reduce transmission losses,Decrease transmission losses by upgrading electrical transmission infrastructure.,Target maximum fraction of electricity transmitted that is lost through inefficient or insufficient electricity infrastructure.,0,0.012,0.018,2030
Energy,ENTC,TFR:ENTC:DEC_LOSSES,ENTC: Reduce transmission losses,Decrease transmission losses by upgrading electrical transmission infrastructure.,Target maximum fraction of electricity transmitted that is lost through inefficient or insufficient electricity infrastructure.,0,0.0144,0.0216,2031
Energy,ENTC,TFR:ENTC:DEC_LOSSES,ENTC: Reduce transmission losses,Decrease transmission losses by upgrading electrical transmission infrastructure.,Target maximum fraction of electricity transmitted that is lost through inefficient or insufficient electricity infrastructure.,0,0.016800000000000002,0.0252,2032
Energy,ENTC,TFR:ENTC:DEC_LOSSES,ENTC: Reduce transmission losses,Decrease transmission losses by upgrading electrical transmission infrastructure.,Target maximum fraction of electricity transmitted that is lost through inefficient or insufficient electricity infrastructure.,0,0.0192,0.0288,2033
Energy,ENTC,TFR:ENTC:DEC_LOSSES,ENTC: Reduce transmission losses,Decrease transmission losses by upgrading electrical transmission infrastructure.,Target maximum fraction of electricity transmitted that is lost through inefficient or insufficient electricity infrastructure.,0,0.021599999999999998,0.0324,2034
Energy,ENTC,TFR:ENTC:DEC_LOSSES,ENTC: Reduce transmission losses,Decrease transmission losses by upgrading electrical transmission infrastructure.,Target maximum fraction of electricity transmitted that is lost through inefficient or insufficient electricity infrastructure.,0,0.024,0.036,2035
Energy,ENTC,TFR:ENTC:DEC_LOSSES,ENTC: Reduce transmission losses,Decrease transmission losses by upgrading electrical transmission infrastructure.,Target maximum fraction of electricity transmitted that is lost through inefficient or insufficient electricity infrastructure.,0,0.0264,0.0396,2036
Energy,ENTC,TFR:ENTC:DEC_LOSSES,ENTC: Reduce transmission losses,Decrease transmission losses by upgrading electrical transmission infrastructure.,Target maximum fraction of electricity transmitted that is lost through inefficient or insufficient electricity infrastructure.,0,0.0288,0.0432,2037
Energy,ENTC,TFR:ENTC:DEC_LOSSES,ENTC: Reduce transmission losses,Decrease transmission losses by upgrading electrical transmission infrastructure.,Target maximum fraction of electricity transmitted that is lost through inefficient or insufficient electricity infrastructure.,0,0.0312,0.0468,2038
Energy,ENTC,TFR:ENTC:DEC_LOSSES,ENTC: Reduce transmission losses,Decrease transmission losses by upgrading electrical transmission infrastructure.,Target maximum fraction of electricity transmitted that is lost through inefficient or insufficient electricity infrastructure.,0,0.033600000000000005,0.0504,2039
Energy,ENTC,TFR:ENTC:DEC_LOSSES,ENTC: Reduce transmission losses,Decrease transmission losses by upgrading electrical transmission infrastructure.,Target maximum fraction of electricity transmitted that is lost through inefficient or insufficient electricity infrastructure.,0,0.036,0.054,2040
Energy,ENTC,TFR:ENTC:DEC_LOSSES,ENTC: Reduce transmission losses,Decrease transmission losses by upgrading electrical transmission infrastructure.,Target maximum fraction of electricity transmitted that is lost through inefficient or insufficient electricity infrastructure.,0,0.0384,0.0576,2041
Energy,ENTC,TFR:ENTC:DEC_LOSSES,ENTC: Reduce transmission losses,Decrease transmission losses by upgrading electrical transmission infrastructure.,Target maximum fraction of electricity transmitted that is lost through inefficient or insufficient electricity infrastructure.,0,0.0408,0.0612,2042
Energy,ENTC,TFR:ENTC:DEC_LOSSES,ENTC: Reduce transmission losses,Decrease transmission losses by upgrading electrical transmission infrastructure.,Target maximum fraction of electricity transmitted that is lost through inefficient or insufficient electricity infrastructure.,0,0.043199999999999995,0.0648,2043
Energy,ENTC,TFR:ENTC:DEC_LOSSES,ENTC: Reduce transmission losses,Decrease transmission losses by upgrading electrical transmission infrastructure.,Target maximum fraction of electricity transmitted that is lost through inefficient or insufficient electricity infrastructure.,0,0.0456,0.0684,2044
Energy,ENTC,TFR:ENTC:DEC_LOSSES,ENTC: Reduce transmission losses,Decrease transmission losses by upgrading electrical transmission infrastructure.,Target maximum fraction of electricity transmitted that is lost through inefficient or insufficient electricity infrastructure.,0,0.048,0.072,2045
Energy,ENTC,TFR:ENTC:DEC_LOSSES,ENTC: Reduce transmission losses,Decrease transmission losses by upgrading electrical transmission infrastructure.,Target maximum fraction of electricity transmitted that is lost through inefficient or insufficient electricity infrastructure.,0,0.0504,0.0756,2046
Energy,ENTC,TFR:ENTC:DEC_LOSSES,ENTC: Reduce transmission losses,Decrease transmission losses by upgrading electrical transmission infrastructure.,Target maximum fraction of electricity transmitted that is lost through inefficient or insufficient electricity infrastructure.,0,0.0528,0.0792,2047
Energy,ENTC,TFR:ENTC:DEC_LOSSES,ENTC: Reduce transmission losses,Decrease transmission losses by upgrading electrical transmission infrastructure.,Target maximum fraction of electricity transmitted that is lost through inefficient or insufficient electricity infrastructure.,0,0.0552,0.0828,2048
Energy,ENTC,TFR:ENTC:DEC_LOSSES,ENTC: Reduce transmission losses,Decrease transmission losses by upgrading electrical transmission infrastructure.,Target maximum fraction of electricity transmitted that is lost through inefficient or insufficient electricity infrastructure.,0,0.0576,0.0864,2049
Energy,ENTC,TFR:ENTC:DEC_LOSSES,ENTC: Reduce transmission losses,Decrease transmission losses by upgrading electrical transmission infrastructure.,Target maximum fraction of electricity transmitted that is lost through inefficient or insufficient electricity infrastructure.,0,0.06,0.09,2050
Energy,ENTC,TFR:ENTC:TARGET_CLEAN_HYDROGEN,ENTC: Clean hydrogen,Set a target for clean hydrogen production. ,Fraction of hydrogen coming from electrolysis.,0,0,0,2015
Energy,ENTC,TFR:ENTC:TARGET_CLEAN_HYDROGEN,ENTC: Clean hydrogen,Set a target for clean hydrogen production. ,Fraction of hydrogen coming from electrolysis.,0,0,0,2016
Energy,ENTC,TFR:ENTC:TARGET_CLEAN_HYDROGEN,ENTC: Clean hydrogen,Set a target for clean hydrogen production. ,Fraction of hydrogen coming from electrolysis.,0,0,0,2017
Energy,ENTC,TFR:ENTC:TARGET_CLEAN_HYDROGEN,ENTC: Clean hydrogen,Set a target for clean hydrogen production. ,Fraction of hydrogen coming from electrolysis.,0,0,0,2018
Energy,ENTC,TFR:ENTC:TARGET_CLEAN_HYDROGEN,ENTC: Clean hydrogen,Set a target for clean hydrogen production. ,Fraction of hydrogen coming from electrolysis.,0,0,0,2019
Energy,ENTC,TFR:ENTC:TARGET_CLEAN_HYDROGEN,ENTC: Clean hydrogen,Set a target for clean hydrogen production. ,Fraction of hydrogen coming from electrolysis.,0,0,0,2020
Energy,ENTC,TFR:ENTC:TARGET_CLEAN_HYDROGEN,ENTC: Clean hydrogen,Set a target for clean hydrogen production. ,Fraction of hydrogen coming from electrolysis.,0,0,0,2021
Energy,ENTC,TFR:ENTC:TARGET_CLEAN_HYDROGEN,ENTC: Clean hydrogen,Set a target for clean hydrogen production. ,Fraction of hydrogen coming from electrolysis.,0,0,0,2022
Energy,ENTC,TFR:ENTC:TARGET_CLEAN_HYDROGEN,ENTC: Clean hydrogen,Set a target for clean hydrogen production. ,Fraction of hydrogen coming from electrolysis.,0,0,0,2023
Energy,ENTC,TFR:ENTC:TARGET_CLEAN_HYDROGEN,ENTC: Clean hydrogen,Set a target for clean hydrogen production. ,Fraction of hydrogen coming from electrolysis.,0,0,0,2024
Energy,ENTC,TFR:ENTC:TARGET_CLEAN_HYDROGEN,ENTC: Clean hydrogen,Set a target for clean hydrogen production. ,Fraction of hydrogen coming from electrolysis.,0,0,0,2025
Energy,ENTC,TFR:ENTC:TARGET_CLEAN_HYDROGEN,ENTC: Clean hydrogen,Set a target for clean hydrogen production. ,Fraction of hydrogen coming from electrolysis.,0,0.0095,0.019,2026
Energy,ENTC,TFR:ENTC:TARGET_CLEAN_HYDROGEN,ENTC: Clean hydrogen,Set a target for clean hydrogen production. ,Fraction of hydrogen coming from electrolysis.,0,0.019,0.038,2027
Energy,ENTC,TFR:ENTC:TARGET_CLEAN_HYDROGEN,ENTC: Clean hydrogen,Set a target for clean hydrogen production. ,Fraction of hydrogen coming from electrolysis.,0,0.0285,0.057,2028
Energy,ENTC,TFR:ENTC:TARGET_CLEAN_HYDROGEN,ENTC: Clean hydrogen,Set a target for clean hydrogen production. ,Fraction of hydrogen coming from electrolysis.,0,0.038,0.076,2029
Energy,ENTC,TFR:ENTC:TARGET_CLEAN_HYDROGEN,ENTC: Clean hydrogen,Set a target for clean hydrogen production. ,Fraction of hydrogen coming from electrolysis.,0,0.0475,0.095,2030
Energy,ENTC,TFR:ENTC:TARGET_CLEAN_HYDROGEN,ENTC: Clean hydrogen,Set a target for clean hydrogen production. ,Fraction of hydrogen coming from electrolysis.,0,0.057,0.114,2031
Energy,ENTC,TFR:ENTC:TARGET_CLEAN_HYDROGEN,ENTC: Clean hydrogen,Set a target for clean hydrogen production. ,Fraction of hydrogen coming from electrolysis.,0,0.0665,0.133,2032
Energy,ENTC,TFR:ENTC:TARGET_CLEAN_HYDROGEN,ENTC: Clean hydrogen,Set a target for clean hydrogen production. ,Fraction of hydrogen coming from electrolysis.,0,0.076,0.152,2033
Energy,ENTC,TFR:ENTC:TARGET_CLEAN_HYDROGEN,ENTC: Clean hydrogen,Set a target for clean hydrogen production. ,Fraction of hydrogen coming from electrolysis.,0,0.0855,0.171,2034
Energy,ENTC,TFR:ENTC:TARGET_CLEAN_HYDROGEN,ENTC: Clean hydrogen,Set a target for clean hydrogen production. ,Fraction of hydrogen coming from electrolysis.,0,0.095,0.19,2035
Energy,ENTC,TFR:ENTC:TARGET_CLEAN_HYDROGEN,ENTC: Clean hydrogen,Set a target for clean hydrogen production. ,Fraction of hydrogen coming from electrolysis.,0,0.1045,0.209,2036
Energy,ENTC,TFR:ENTC:TARGET_CLEAN_HYDROGEN,ENTC: Clean hydrogen,Set a target for clean hydrogen production. ,Fraction of hydrogen coming from electrolysis.,0,0.114,0.228,2037
Energy,ENTC,TFR:ENTC:TARGET_CLEAN_HYDROGEN,ENTC: Clean hydrogen,Set a target for clean hydrogen production. ,Fraction of hydrogen coming from electrolysis.,0,0.1235,0.247,2038
Energy,ENTC,TFR:ENTC:TARGET_CLEAN_HYDROGEN,ENTC: Clean hydrogen,Set a target for clean hydrogen production. ,Fraction of hydrogen coming from electrolysis.,0,0.133,0.266,2039
Energy,ENTC,TFR:ENTC:TARGET_CLEAN_HYDROGEN,ENTC: Clean hydrogen,Set a target for clean hydrogen production. ,Fraction of hydrogen coming from electrolysis.,0,0.1425,0.285,2040
Energy,ENTC,TFR:ENTC:TARGET_CLEAN_HYDROGEN,ENTC: Clean hydrogen,Set a target for clean hydrogen production. ,Fraction of hydrogen coming from electrolysis.,0,0.152,0.304,2041
Energy,ENTC,TFR:ENTC:TARGET_CLEAN_HYDROGEN,ENTC: Clean hydrogen,Set a target for clean hydrogen production. ,Fraction of hydrogen coming from electrolysis.,0,0.1615,0.323,2042
Energy,ENTC,TFR:ENTC:TARGET_CLEAN_HYDROGEN,ENTC: Clean hydrogen,Set a target for clean hydrogen production. ,Fraction of hydrogen coming from electrolysis.,0,0.171,0.342,2043
Energy,ENTC,TFR:ENTC:TARGET_CLEAN_HYDROGEN,ENTC: Clean hydrogen,Set a target for clean hydrogen production. ,Fraction of hydrogen coming from electrolysis.,0,0.1805,0.361,2044
Energy,ENTC,TFR:ENTC:TARGET_CLEAN_HYDROGEN,ENTC: Clean hydrogen,Set a target for clean hydrogen production. ,Fraction of hydrogen coming from electrolysis.,0,0.19,0.38,2045
Energy,ENTC,TFR:ENTC:TARGET_CLEAN_HYDROGEN,ENTC: Clean hydrogen,Set a target for clean hydrogen production. ,Fraction of hydrogen coming from electrolysis.,0,0.1995,0.399,2046
Energy,ENTC,TFR:ENTC:TARGET_CLEAN_HYDROGEN,ENTC: Clean hydrogen,Set a target for clean hydrogen production. ,Fraction of hydrogen coming from electrolysis.,0,0.209,0.418,2047
Energy,ENTC,TFR:ENTC:TARGET_CLEAN_HYDROGEN,ENTC: Clean hydrogen,Set a target for clean hydrogen production. ,Fraction of hydrogen coming from electrolysis.,0,0.2185,0.437,2048
Energy,ENTC,TFR:ENTC:TARGET_CLEAN_HYDROGEN,ENTC: Clean hydrogen,Set a target for clean hydrogen production. ,Fraction of hydrogen coming from electrolysis.,0,0.228,0.456,2049
Energy,ENTC,TFR:ENTC:TARGET_CLEAN_HYDROGEN,ENTC: Clean hydrogen,Set a target for clean hydrogen production. ,Fraction of hydrogen coming from electrolysis.,0,0.2375,0.475,2050
Energy,ENTC,TFR:ENTC:TARGET_RENEWABLE_ELEC,ENTC: 95% of electricity is generated by renewables in final time period,Set a target for renewable electricity. Includes minimum targets for specific renewable energy technologies. ,"Implement a target production share from renewables (renewable technologies are specified in input file). Additinoally, can implement minimum shares from specific technology.",0,0,0,2015
Energy,ENTC,TFR:ENTC:TARGET_RENEWABLE_ELEC,ENTC: 95% of electricity is generated by renewables in final time period,Set a target for renewable electricity. Includes minimum targets for specific renewable energy technologies. ,"Implement a target production share from renewables (renewable technologies are specified in input file). Additinoally, can implement minimum shares from specific technology.",0,0,0,2016
Energy,ENTC,TFR:ENTC:TARGET_RENEWABLE_ELEC,ENTC: 95% of electricity is generated by renewables in final time period,Set a target for renewable electricity. Includes minimum targets for specific renewable energy technologies. ,"Implement a target production share from renewables (renewable technologies are specified in input file). Additinoally, can implement minimum shares from specific technology.",0,0,0,2017
Energy,ENTC,TFR:ENTC:TARGET_RENEWABLE_ELEC,ENTC: 95% of electricity is generated by renewables in final time period,Set a target for renewable electricity. Includes minimum targets for specific renewable energy technologies. ,"Implement a target production share from renewables (renewable technologies are specified in input file). Additinoally, can implement minimum shares from specific technology.",0,0,0,2018
Energy,ENTC,TFR:ENTC:TARGET_RENEWABLE_ELEC,ENTC: 95% of electricity is generated by renewables in final time period,Set a target for renewable electricity. Includes minimum targets for specific renewable energy technologies. ,"Implement a target production share from renewables (renewable technologies are specified in input file). Additinoally, can implement minimum shares from specific technology.",0,0,0,2019
Energy,ENTC,TFR:ENTC:TARGET_RENEWABLE_ELEC,ENTC: 95% of electricity is generated by renewables in final time period,Set a target for renewable electricity. Includes minimum targets for specific renewable energy technologies. ,"Implement a target production share from renewables (renewable technologies are specified in input file). Additinoally, can implement minimum shares from specific technology.",0,0,0,2020
Energy,ENTC,TFR:ENTC:TARGET_RENEWABLE_ELEC,ENTC: 95% of electricity is generated by renewables in final time period,Set a target for renewable electricity. Includes minimum targets for specific renewable energy technologies. ,"Implement a target production share from renewables (renewable technologies are specified in input file). Additinoally, can implement minimum shares from specific technology.",0,0,0,2021
Energy,ENTC,TFR:ENTC:TARGET_RENEWABLE_ELEC,ENTC: 95% of electricity is generated by renewables in final time period,Set a target for renewable electricity. Includes minimum targets for specific renewable energy technologies. ,"Implement a target production share from renewables (renewable technologies are specified in input file). Additinoally, can implement minimum shares from specific technology.",0,0,0,2022
Energy,ENTC,TFR:ENTC:TARGET_RENEWABLE_ELEC,ENTC: 95% of electricity is generated by renewables in final time period,Set a target for renewable electricity. Includes minimum targets for specific renewable energy technologies. ,"Implement a target production share from renewables (renewable technologies are specified in input file). Additinoally, can implement minimum shares from specific technology.",0,0,0,2023
Energy,ENTC,TFR:ENTC:TARGET_RENEWABLE_ELEC,ENTC: 95% of electricity is generated by renewables in final time period,Set a target for renewable electricity. Includes minimum targets for specific renewable energy technologies. ,"Implement a target production share from renewables (renewable technologies are specified in input file). Additinoally, can implement minimum shares from specific technology.",0,0.025617178,0.025398852,2024
Energy,ENTC,TFR:ENTC:TARGET_RENEWABLE_ELEC,ENTC: 95% of electricity is generated by renewables in final time period,Set a target for renewable electricity. Includes minimum targets for specific renewable energy technologies. ,"Implement a target production share from renewables (renewable technologies are specified in input file). Additinoally, can implement minimum shares from specific technology.",0,0.051299054,0.052599375,2025
Energy,ENTC,TFR:ENTC:TARGET_RENEWABLE_ELEC,ENTC: 95% of electricity is generated by renewables in final time period,Set a target for renewable electricity. Includes minimum targets for specific renewable energy technologies. ,"Implement a target production share from renewables (renewable technologies are specified in input file). Additinoally, can implement minimum shares from specific technology.",0,0.077097697,0.086490255,2026
Energy,ENTC,TFR:ENTC:TARGET_RENEWABLE_ELEC,ENTC: 95% of electricity is generated by renewables in final time period,Set a target for renewable electricity. Includes minimum targets for specific renewable energy technologies. ,"Implement a target production share from renewables (renewable technologies are specified in input file). Additinoally, can implement minimum shares from specific technology.",0,0.103106717,0.143821298,2027
Energy,ENTC,TFR:ENTC:TARGET_RENEWABLE_ELEC,ENTC: 95% of electricity is generated by renewables in final time period,Set a target for renewable electricity. Includes minimum targets for specific renewable energy technologies. ,"Implement a target production share from renewables (renewable technologies are specified in input file). Additinoally, can implement minimum shares from specific technology.",0,0.129493594,0.268180181,2028
Energy,ENTC,TFR:ENTC:TARGET_RENEWABLE_ELEC,ENTC: 95% of electricity is generated by renewables in final time period,Set a target for renewable electricity. Includes minimum targets for specific renewable energy technologies. ,"Implement a target production share from renewables (renewable technologies are specified in input file). Additinoally, can implement minimum shares from specific technology.",0,0.156555324,0.495,2029
Energy,ENTC,TFR:ENTC:TARGET_RENEWABLE_ELEC,ENTC: 95% of electricity is generated by renewables in final time period,Set a target for renewable electricity. Includes minimum targets for specific renewable energy technologies. ,"Implement a target production share from renewables (renewable technologies are specified in input file). Additinoally, can implement minimum shares from specific technology.",0,0.184810207,0.721819819,2030
Energy,ENTC,TFR:ENTC:TARGET_RENEWABLE_ELEC,ENTC: 95% of electricity is generated by renewables in final time period,Set a target for renewable electricity. Includes minimum targets for specific renewable energy technologies. ,"Implement a target production share from renewables (renewable technologies are specified in input file). Additinoally, can implement minimum shares from specific technology.",0,0.215136668,0.846178702,2031
Energy,ENTC,TFR:ENTC:TARGET_RENEWABLE_ELEC,ENTC: 95% of electricity is generated by renewables in final time period,Set a target for renewable electricity. Includes minimum targets for specific renewable energy technologies. ,"Implement a target production share from renewables (renewable technologies are specified in input file). Additinoally, can implement minimum shares from specific technology.",0,0.248945445,0.903509745,2032
Energy,ENTC,TFR:ENTC:TARGET_RENEWABLE_ELEC,ENTC: 95% of electricity is generated by renewables in final time period,Set a target for renewable electricity. Includes minimum targets for specific renewable energy technologies. ,"Implement a target production share from renewables (renewable technologies are specified in input file). Additinoally, can implement minimum shares from specific technology.",0,0.288283661,0.937400625,2033
Energy,ENTC,TFR:ENTC:TARGET_RENEWABLE_ELEC,ENTC: 95% of electricity is generated by renewables in final time period,Set a target for renewable electricity. Includes minimum targets for specific renewable energy technologies. ,"Implement a target production share from renewables (renewable technologies are specified in input file). Additinoally, can implement minimum shares from specific technology.",0,0.335572685,0.964601148,2034
Energy,ENTC,TFR:ENTC:TARGET_RENEWABLE_ELEC,ENTC: 95% of electricity is generated by renewables in final time period,Set a target for renewable electricity. Includes minimum targets for specific renewable energy technologies. ,"Implement a target production share from renewables (renewable technologies are specified in input file). Additinoally, can implement minimum shares from specific technology.",0,0.392493788,0.99,2035
Energy,ENTC,TFR:ENTC:TARGET_RENEWABLE_ELEC,ENTC: 95% of electricity is generated by renewables in final time period,Set a target for renewable electricity. Includes minimum targets for specific renewable energy technologies. ,"Implement a target production share from renewables (renewable technologies are specified in input file). Additinoally, can implement minimum shares from specific technology.",0,0.457986753,0.99,2036
Energy,ENTC,TFR:ENTC:TARGET_RENEWABLE_ELEC,ENTC: 95% of electricity is generated by renewables in final time period,Set a target for renewable electricity. Includes minimum targets for specific renewable energy technologies. ,"Implement a target production share from renewables (renewable technologies are specified in input file). Additinoally, can implement minimum shares from specific technology.",0,0.527013247,0.99,2037
Energy,ENTC,TFR:ENTC:TARGET_RENEWABLE_ELEC,ENTC: 95% of electricity is generated by renewables in final time period,Set a target for renewable electricity. Includes minimum targets for specific renewable energy technologies. ,"Implement a target production share from renewables (renewable technologies are specified in input file). Additinoally, can implement minimum shares from specific technology.",0,0.592506212,0.99,2038
Energy,ENTC,TFR:ENTC:TARGET_RENEWABLE_ELEC,ENTC: 95% of electricity is generated by renewables in final time period,Set a target for renewable electricity. Includes minimum targets for specific renewable energy technologies. ,"Implement a target production share from renewables (renewable technologies are specified in input file). Additinoally, can implement minimum shares from specific technology.",0,0.649427315,0.99,2039
Energy,ENTC,TFR:ENTC:TARGET_RENEWABLE_ELEC,ENTC: 95% of electricity is generated by renewables in final time period,Set a target for renewable electricity. Includes minimum targets for specific renewable energy technologies. ,"Implement a target production share from renewables (renewable technologies are specified in input file). Additinoally, can implement minimum shares from specific technology.",0,0.696716339,0.99,2040
Energy,ENTC,TFR:ENTC:TARGET_RENEWABLE_ELEC,ENTC: 95% of electricity is generated by renewables in final time period,Set a target for renewable electricity. Includes minimum targets for specific renewable energy technologies. ,"Implement a target production share from renewables (renewable technologies are specified in input file). Additinoally, can implement minimum shares from specific technology.",0,0.736054555,0.99,2041
Energy,ENTC,TFR:ENTC:TARGET_RENEWABLE_ELEC,ENTC: 95% of electricity is generated by renewables in final time period,Set a target for renewable electricity. Includes minimum targets for specific renewable energy technologies. ,"Implement a target production share from renewables (renewable technologies are specified in input file). Additinoally, can implement minimum shares from specific technology.",0,0.769863332,0.99,2042
Energy,ENTC,TFR:ENTC:TARGET_RENEWABLE_ELEC,ENTC: 95% of electricity is generated by renewables in final time period,Set a target for renewable electricity. Includes minimum targets for specific renewable energy technologies. ,"Implement a target production share from renewables (renewable technologies are specified in input file). Additinoally, can implement minimum shares from specific technology.",0,0.800189793,0.99,2043
Energy,ENTC,TFR:ENTC:TARGET_RENEWABLE_ELEC,ENTC: 95% of electricity is generated by renewables in final time period,Set a target for renewable electricity. Includes minimum targets for specific renewable energy technologies. ,"Implement a target production share from renewables (renewable technologies are specified in input file). Additinoally, can implement minimum shares from specific technology.",0,0.828444676,0.99,2044
Energy,ENTC,TFR:ENTC:TARGET_RENEWABLE_ELEC,ENTC: 95% of electricity is generated by renewables in final time period,Set a target for renewable electricity. Includes minimum targets for specific renewable energy technologies. ,"Implement a target production share from renewables (renewable technologies are specified in input file). Additinoally, can implement minimum shares from specific technology.",0,0.855506406,0.99,2045
Energy,ENTC,TFR:ENTC:TARGET_RENEWABLE_ELEC,ENTC: 95% of electricity is generated by renewables in final time period,Set a target for renewable electricity. Includes minimum targets for specific renewable energy technologies. ,"Implement a target production share from renewables (renewable technologies are specified in input file). Additinoally, can implement minimum shares from specific technology.",0,0.881893283,0.99,2046
Energy,ENTC,TFR:ENTC:TARGET_RENEWABLE_ELEC,ENTC: 95% of electricity is generated by renewables in final time period,Set a target for renewable electricity. Includes minimum targets for specific renewable energy technologies. ,"Implement a target production share from renewables (renewable technologies are specified in input file). Additinoally, can implement minimum shares from specific technology.",0,0.907902303,0.99,2047
Energy,ENTC,TFR:ENTC:TARGET_RENEWABLE_ELEC,ENTC: 95% of electricity is generated by renewables in final time period,Set a target for renewable electricity. Includes minimum targets for specific renewable energy technologies. ,"Implement a target production share from renewables (renewable technologies are specified in input file). Additinoally, can implement minimum shares from specific technology.",0,0.933700946,0.99,2048
Energy,ENTC,TFR:ENTC:TARGET_RENEWABLE_ELEC,ENTC: 95% of electricity is generated by renewables in final time period,Set a target for renewable electricity. Includes minimum targets for specific renewable energy technologies. ,"Implement a target production share from renewables (renewable technologies are specified in input file). Additinoally, can implement minimum shares from specific technology.",0,0.959382822,0.99,2049
Energy,ENTC,TFR:ENTC:TARGET_RENEWABLE_ELEC,ENTC: 95% of electricity is generated by renewables in final time period,Set a target for renewable electricity. Includes minimum targets for specific renewable energy technologies. ,"Implement a target production share from renewables (renewable technologies are specified in input file). Additinoally, can implement minimum shares from specific technology.",0,0.985,0.99,2050
0,0,TFR:FRST:INCREASE_SEQUESTRATION,0,0,0,0,0,0,2015
0,0,TFR:FRST:INCREASE_SEQUESTRATION,0,0,0,0,0,0,2016
0,0,TFR:FRST:INCREASE_SEQUESTRATION,0,0,0,0,0,0,2017
0,0,TFR:FRST:INCREASE_SEQUESTRATION,0,0,0,0,0,0,2018
0,0,TFR:FRST:INCREASE_SEQUESTRATION,0,0,0,0,0,0,2019
0,0,TFR:FRST:INCREASE_SEQUESTRATION,0,0,0,0,0,0,2020
0,0,TFR:FRST:INCREASE_SEQUESTRATION,0,0,0,0,0,0,2021
0,0,TFR:FRST:INCREASE_SEQUESTRATION,0,0,0,0,0,0,2022
0,0,TFR:FRST:INCREASE_SEQUESTRATION,0,0,0,0,0,0,2023
0,0,TFR:FRST:INCREASE_SEQUESTRATION,0,0,0,0,0,0,2024
0,0,TFR:FRST:INCREASE_SEQUESTRATION,0,0,0,0,0,0,2025
0,0,TFR:FRST:INCREASE_SEQUESTRATION,0,0,0,0,0,0,2026
0,0,TFR:FRST:INCREASE_SEQUESTRATION,0,0,0,0,0,0,2027
0,0,TFR:FRST:INCREASE_SEQUESTRATION,0,0,0,0,0,0,2028
0,0,TFR:FRST:INCREASE_SEQUESTRATION,0,0,0,0,0,0,2029
0,0,TFR:FRST:INCREASE_SEQUESTRATION,0,0,0,0,0,0,2030
0,0,TFR:FRST:INCREASE_SEQUESTRATION,0,0,0,0,0,0.104447552,2031
0,0,TFR:FRST:INCREASE_SEQUESTRATION,0,0,0,0,0,0.235756364,2032
0,0,TFR:FRST:INCREASE_SEQUESTRATION,0,0,0,0,0,0.430798869,2033
0,0,TFR:FRST:INCREASE_SEQUESTRATION,0,0,0,0,0,0.773032574,2034
0,0,TFR:FRST:INCREASE_SEQUESTRATION,0,0,0,0,0,1.434249133,2035
0,0,TFR:FRST:INCREASE_SEQUESTRATION,0,0,0,0,0,2.693170518,2036
0,0,TFR:FRST:INCREASE_SEQUESTRATION,0,0,0,0,0,4.765304859,2037
0,0,TFR:FRST:INCREASE_SEQUESTRATION,0,0,0,0,0,7.351458746,2038
0,0,TFR:FRST:INCREASE_SEQUESTRATION,0,0,0,0,0,9.63160471,2039
0,0,TFR:FRST:INCREASE_SEQUESTRATION,0,0,0,0,0,11.11167876,2040
0,0,TFR:FRST:INCREASE_SEQUESTRATION,0,0,0,0,0,11.91053845,2041
0,0,TFR:FRST:INCREASE_SEQUESTRATION,0,0,0,0,0,12.32066246,2042
0,0,TFR:FRST:INCREASE_SEQUESTRATION,0,0,0,0,0,12.54594542,2043
0,0,TFR:FRST:INCREASE_SEQUESTRATION,0,0,0,0,0,12.69015134,2044
0,0,TFR:FRST:INCREASE_SEQUESTRATION,0,0,0,0,0,12.8,2045
0,0,TFR:FRST:INCREASE_SEQUESTRATION,0,0,0,0,0,12.8,2046
0,0,TFR:FRST:INCREASE_SEQUESTRATION,0,0,0,0,0,12.8,2047
0,0,TFR:FRST:INCREASE_SEQUESTRATION,0,0,0,0,0,12.8,2048
0,0,TFR:FRST:INCREASE_SEQUESTRATION,0,0,0,0,0,12.8,2049
0,0,TFR:FRST:INCREASE_SEQUESTRATION,0,0,0,0,0,12.8,2050
0,0,TFR:INEN:INC_EFFICIENCY_ENERGY,0,0,0,0,0,0,2015
0,0,TFR:INEN:INC_EFFICIENCY_ENERGY,0,0,0,0,0,0,2016
0,0,TFR:INEN:INC_EFFICIENCY_ENERGY,0,0,0,0,0,0,2017
0,0,TFR:INEN:INC_EFFICIENCY_ENERGY,0,0,0,0,0,0,2018
0,0,TFR:INEN:INC_EFFICIENCY_ENERGY,0,0,0,0,0,0,2019
0,0,TFR:INEN:INC_EFFICIENCY_ENERGY,0,0,0,0,0,0,2020
0,0,TFR:INEN:INC_EFFICIENCY_ENERGY,0,0,0,0,0,0,2021
0,0,TFR:INEN:INC_EFFICIENCY_ENERGY,0,0,0,0,0,0,2022
0,0,TFR:INEN:INC_EFFICIENCY_ENERGY,0,0,0,0,0,0,2023
0,0,TFR:INEN:INC_EFFICIENCY_ENERGY,0,0,0,0,0,0,2024
0,0,TFR:INEN:INC_EFFICIENCY_ENERGY,0,0,0,0,0,0,2025
0,0,TFR:INEN:INC_EFFICIENCY_ENERGY,0,0,0,0,0,0.012,2026
0,0,TFR:INEN:INC_EFFICIENCY_ENERGY,0,0,0,0,0,0.024,2027
0,0,TFR:INEN:INC_EFFICIENCY_ENERGY,0,0,0,0,0,0.036,2028
0,0,TFR:INEN:INC_EFFICIENCY_ENERGY,0,0,0,0,0,0.048,2029
0,0,TFR:INEN:INC_EFFICIENCY_ENERGY,0,0,0,0,0,0.06,2030
0,0,TFR:INEN:INC_EFFICIENCY_ENERGY,0,0,0,0,0,0.072,2031
0,0,TFR:INEN:INC_EFFICIENCY_ENERGY,0,0,0,0,0,0.084,2032
0,0,TFR:INEN:INC_EFFICIENCY_ENERGY,0,0,0,0,0,0.096,2033
0,0,TFR:INEN:INC_EFFICIENCY_ENERGY,0,0,0,0,0,0.108,2034
0,0,TFR:INEN:INC_EFFICIENCY_ENERGY,0,0,0,0,0,0.12,2035
0,0,TFR:INEN:INC_EFFICIENCY_ENERGY,0,0,0,0,0,0.132,2036
0,0,TFR:INEN:INC_EFFICIENCY_ENERGY,0,0,0,0,0,0.144,2037
0,0,TFR:INEN:INC_EFFICIENCY_ENERGY,0,0,0,0,0,0.156,2038
0,0,TFR:INEN:INC_EFFICIENCY_ENERGY,0,0,0,0,0,0.168,2039
0,0,TFR:INEN:INC_EFFICIENCY_ENERGY,0,0,0,0,0,0.18,2040
0,0,TFR:INEN:INC_EFFICIENCY_ENERGY,0,0,0,0,0,0.192,2041
0,0,TFR:INEN:INC_EFFICIENCY_ENERGY,0,0,0,0,0,0.204,2042
0,0,TFR:INEN:INC_EFFICIENCY_ENERGY,0,0,0,0,0,0.216,2043
0,0,TFR:INEN:INC_EFFICIENCY_ENERGY,0,0,0,0,0,0.228,2044
0,0,TFR:INEN:INC_EFFICIENCY_ENERGY,0,0,0,0,0,0.24,2045
0,0,TFR:INEN:INC_EFFICIENCY_ENERGY,0,0,0,0,0,0.252,2046
0,0,TFR:INEN:INC_EFFICIENCY_ENERGY,0,0,0,0,0,0.264,2047
0,0,TFR:INEN:INC_EFFICIENCY_ENERGY,0,0,0,0,0,0.276,2048
0,0,TFR:INEN:INC_EFFICIENCY_ENERGY,0,0,0,0,0,0.288,2049
0,0,TFR:INEN:INC_EFFICIENCY_ENERGY,0,0,0,0,0,0.3,2050
0,0,TFR:INEN:INC_EFFICIENCY_PRODUCTION,0,0,0,0,0,0,2015
0,0,TFR:INEN:INC_EFFICIENCY_PRODUCTION,0,0,0,0,0,0,2016
0,0,TFR:INEN:INC_EFFICIENCY_PRODUCTION,0,0,0,0,0,0,2017
0,0,TFR:INEN:INC_EFFICIENCY_PRODUCTION,0,0,0,0,0,0,2018
0,0,TFR:INEN:INC_EFFICIENCY_PRODUCTION,0,0,0,0,0,0,2019
0,0,TFR:INEN:INC_EFFICIENCY_PRODUCTION,0,0,0,0,0,0,2020
0,0,TFR:INEN:INC_EFFICIENCY_PRODUCTION,0,0,0,0,0,0,2021
0,0,TFR:INEN:INC_EFFICIENCY_PRODUCTION,0,0,0,0,0,0,2022
0,0,TFR:INEN:INC_EFFICIENCY_PRODUCTION,0,0,0,0,0,0,2023
0,0,TFR:INEN:INC_EFFICIENCY_PRODUCTION,0,0,0,0,0,0,2024
0,0,TFR:INEN:INC_EFFICIENCY_PRODUCTION,0,0,0,0,0,0,2025
0,0,TFR:INEN:INC_EFFICIENCY_PRODUCTION,0,0,0,0,0,0.02,2026
0,0,TFR:INEN:INC_EFFICIENCY_PRODUCTION,0,0,0,0,0,0.04,2027
0,0,TFR:INEN:INC_EFFICIENCY_PRODUCTION,0,0,0,0,0,0.06,2028
0,0,TFR:INEN:INC_EFFICIENCY_PRODUCTION,0,0,0,0,0,0.08,2029
0,0,TFR:INEN:INC_EFFICIENCY_PRODUCTION,0,0,0,0,0,0.1,2030
0,0,TFR:INEN:INC_EFFICIENCY_PRODUCTION,0,0,0,0,0,0.12,2031
0,0,TFR:INEN:INC_EFFICIENCY_PRODUCTION,0,0,0,0,0,0.14,2032
0,0,TFR:INEN:INC_EFFICIENCY_PRODUCTION,0,0,0,0,0,0.16,2033
0,0,TFR:INEN:INC_EFFICIENCY_PRODUCTION,0,0,0,0,0,0.18,2034
0,0,TFR:INEN:INC_EFFICIENCY_PRODUCTION,0,0,0,0,0,0.2,2035
0,0,TFR:INEN:INC_EFFICIENCY_PRODUCTION,0,0,0,0,0,0.22,2036
0,0,TFR:INEN:INC_EFFICIENCY_PRODUCTION,0,0,0,0,0,0.24,2037
0,0,TFR:INEN:INC_EFFICIENCY_PRODUCTION,0,0,0,0,0,0.26,2038
0,0,TFR:INEN:INC_EFFICIENCY_PRODUCTION,0,0,0,0,0,0.28,2039
0,0,TFR:INEN:INC_EFFICIENCY_PRODUCTION,0,0,0,0,0,0.3,2040
0,0,TFR:INEN:INC_EFFICIENCY_PRODUCTION,0,0,0,0,0,0.32,2041
0,0,TFR:INEN:INC_EFFICIENCY_PRODUCTION,0,0,0,0,0,0.34,2042
0,0,TFR:INEN:INC_EFFICIENCY_PRODUCTION,0,0,0,0,0,0.36,2043
0,0,TFR:INEN:INC_EFFICIENCY_PRODUCTION,0,0,0,0,0,0.38,2044
0,0,TFR:INEN:INC_EFFICIENCY_PRODUCTION,0,0,0,0,0,0.4,2045
0,0,TFR:INEN:INC_EFFICIENCY_PRODUCTION,0,0,0,0,0,0.42,2046
0,0,TFR:INEN:INC_EFFICIENCY_PRODUCTION,0,0,0,0,0,0.44,2047
0,0,TFR:INEN:INC_EFFICIENCY_PRODUCTION,0,0,0,0,0,0.46,2048
0,0,TFR:INEN:INC_EFFICIENCY_PRODUCTION,0,0,0,0,0,0.48,2049
0,0,TFR:INEN:INC_EFFICIENCY_PRODUCTION,0,0,0,0,0,0.5,2050
0,0,TFR:INEN:SHIFT_FUEL_HEAT,0,0,0,0,0,0,2015
0,0,TFR:INEN:SHIFT_FUEL_HEAT,0,0,0,0,0,0,2016
0,0,TFR:INEN:SHIFT_FUEL_HEAT,0,0,0,0,0,0,2017
0,0,TFR:INEN:SHIFT_FUEL_HEAT,0,0,0,0,0,0,2018
0,0,TFR:INEN:SHIFT_FUEL_HEAT,0,0,0,0,0,0,2019
0,0,TFR:INEN:SHIFT_FUEL_HEAT,0,0,0,0,0,0,2020
0,0,TFR:INEN:SHIFT_FUEL_HEAT,0,0,0,0,0,0,2021
0,0,TFR:INEN:SHIFT_FUEL_HEAT,0,0,0,0,0,0,2022
0,0,TFR:INEN:SHIFT_FUEL_HEAT,0,0,0,0,0,0,2023
0,0,TFR:INEN:SHIFT_FUEL_HEAT,0,0,0,0,0,0,2024
0,0,TFR:INEN:SHIFT_FUEL_HEAT,0,0,0,0,0,0,2025
0,0,TFR:INEN:SHIFT_FUEL_HEAT,0,0,0,0,0,0,2026
0,0,TFR:INEN:SHIFT_FUEL_HEAT,0,0,0,0,0,0,2027
0,0,TFR:INEN:SHIFT_FUEL_HEAT,0,0,0,0,0,0.039130435,2028
0,0,TFR:INEN:SHIFT_FUEL_HEAT,0,0,0,0,0,0.07826087,2029
0,0,TFR:INEN:SHIFT_FUEL_HEAT,0,0,0,0,0,0.117391304,2030
0,0,TFR:INEN:SHIFT_FUEL_HEAT,0,0,0,0,0,0.156521739,2031
0,0,TFR:INEN:SHIFT_FUEL_HEAT,0,0,0,0,0,0.195652174,2032
0,0,TFR:INEN:SHIFT_FUEL_HEAT,0,0,0,0,0,0.234782609,2033
0,0,TFR:INEN:SHIFT_FUEL_HEAT,0,0,0,0,0,0.273913043,2034
0,0,TFR:INEN:SHIFT_FUEL_HEAT,0,0,0,0,0,0.313043478,2035
0,0,TFR:INEN:SHIFT_FUEL_HEAT,0,0,0,0,0,0.352173913,2036
0,0,TFR:INEN:SHIFT_FUEL_HEAT,0,0,0,0,0,0.391304348,2037
0,0,TFR:INEN:SHIFT_FUEL_HEAT,0,0,0,0,0,0.430434783,2038
0,0,TFR:INEN:SHIFT_FUEL_HEAT,0,0,0,0,0,0.469565217,2039
0,0,TFR:INEN:SHIFT_FUEL_HEAT,0,0,0,0,0,0.508695652,2040
0,0,TFR:INEN:SHIFT_FUEL_HEAT,0,0,0,0,0,0.547826087,2041
0,0,TFR:INEN:SHIFT_FUEL_HEAT,0,0,0,0,0,0.586956522,2042
0,0,TFR:INEN:SHIFT_FUEL_HEAT,0,0,0,0,0,0.626086957,2043
0,0,TFR:INEN:SHIFT_FUEL_HEAT,0,0,0,0,0,0.665217391,2044
0,0,TFR:INEN:SHIFT_FUEL_HEAT,0,0,0,0,0,0.704347826,2045
0,0,TFR:INEN:SHIFT_FUEL_HEAT,0,0,0,0,0,0.743478261,2046
0,0,TFR:INEN:SHIFT_FUEL_HEAT,0,0,0,0,0,0.782608696,2047
0,0,TFR:INEN:SHIFT_FUEL_HEAT,0,0,0,0,0,0.82173913,2048
0,0,TFR:INEN:SHIFT_FUEL_HEAT,0,0,0,0,0,0.860869565,2049
0,0,TFR:INEN:SHIFT_FUEL_HEAT,0,0,0,0,0,0.9,2050
0,0,TFR:IPPU:DEC_CLINKER,0,0,0,0,0,0,2015
0,0,TFR:IPPU:DEC_CLINKER,0,0,0,0,0,0,2016
0,0,TFR:IPPU:DEC_CLINKER,0,0,0,0,0,0,2017
0,0,TFR:IPPU:DEC_CLINKER,0,0,0,0,0,0,2018
0,0,TFR:IPPU:DEC_CLINKER,0,0,0,0,0,0,2019
0,0,TFR:IPPU:DEC_CLINKER,0,0,0,0,0,0,2020
0,0,TFR:IPPU:DEC_CLINKER,0,0,0,0,0,0,2021
0,0,TFR:IPPU:DEC_CLINKER,0,0,0,0,0,0,2022
0,0,TFR:IPPU:DEC_CLINKER,0,0,0,0,0,0,2023
0,0,TFR:IPPU:DEC_CLINKER,0,0,0,0,0,0,2024
0,0,TFR:IPPU:DEC_CLINKER,0,0,0,0,0,0,2025
0,0,TFR:IPPU:DEC_CLINKER,0,0,0,0,0,0.02,2026
0,0,TFR:IPPU:DEC_CLINKER,0,0,0,0,0,0.04,2027
0,0,TFR:IPPU:DEC_CLINKER,0,0,0,0,0,0.06,2028
0,0,TFR:IPPU:DEC_CLINKER,0,0,0,0,0,0.08,2029
0,0,TFR:IPPU:DEC_CLINKER,0,0,0,0,0,0.1,2030
0,0,TFR:IPPU:DEC_CLINKER,0,0,0,0,0,0.12,2031
0,0,TFR:IPPU:DEC_CLINKER,0,0,0,0,0,0.14,2032
0,0,TFR:IPPU:DEC_CLINKER,0,0,0,0,0,0.16,2033
0,0,TFR:IPPU:DEC_CLINKER,0,0,0,0,0,0.18,2034
0,0,TFR:IPPU:DEC_CLINKER,0,0,0,0,0,0.2,2035
0,0,TFR:IPPU:DEC_CLINKER,0,0,0,0,0,0.22,2036
0,0,TFR:IPPU:DEC_CLINKER,0,0,0,0,0,0.24,2037
0,0,TFR:IPPU:DEC_CLINKER,0,0,0,0,0,0.26,2038
0,0,TFR:IPPU:DEC_CLINKER,0,0,0,0,0,0.28,2039
0,0,TFR:IPPU:DEC_CLINKER,0,0,0,0,0,0.3,2040
0,0,TFR:IPPU:DEC_CLINKER,0,0,0,0,0,0.32,2041
0,0,TFR:IPPU:DEC_CLINKER,0,0,0,0,0,0.34,2042
0,0,TFR:IPPU:DEC_CLINKER,0,0,0,0,0,0.36,2043
0,0,TFR:IPPU:DEC_CLINKER,0,0,0,0,0,0.38,2044
0,0,TFR:IPPU:DEC_CLINKER,0,0,0,0,0,0.4,2045
0,0,TFR:IPPU:DEC_CLINKER,0,0,0,0,0,0.42,2046
0,0,TFR:IPPU:DEC_CLINKER,0,0,0,0,0,0.44,2047
0,0,TFR:IPPU:DEC_CLINKER,0,0,0,0,0,0.46,2048
0,0,TFR:IPPU:DEC_CLINKER,0,0,0,0,0,0.48,2049
0,0,TFR:IPPU:DEC_CLINKER,0,0,0,0,0,0.5,2050
0,0,TFR:IPPU:DEC_DEMAND,0,0,0,0,0,0,2015
0,0,TFR:IPPU:DEC_DEMAND,0,0,0,0,0,0,2016
0,0,TFR:IPPU:DEC_DEMAND,0,0,0,0,0,0,2017
0,0,TFR:IPPU:DEC_DEMAND,0,0,0,0,0,0,2018
0,0,TFR:IPPU:DEC_DEMAND,0,0,0,0,0,0,2019
0,0,TFR:IPPU:DEC_DEMAND,0,0,0,0,0,0,2020
0,0,TFR:IPPU:DEC_DEMAND,0,0,0,0,0,0,2021
0,0,TFR:IPPU:DEC_DEMAND,0,0,0,0,0,0,2022
0,0,TFR:IPPU:DEC_DEMAND,0,0,0,0,0,0,2023
0,0,TFR:IPPU:DEC_DEMAND,0,0,0,0,0,0,2024
0,0,TFR:IPPU:DEC_DEMAND,0,0,0,0,0,0,2025
0,0,TFR:IPPU:DEC_DEMAND,0,0,0,0,0,0.0036,2026
0,0,TFR:IPPU:DEC_DEMAND,0,0,0,0,0,0.0072,2027
0,0,TFR:IPPU:DEC_DEMAND,0,0,0,0,0,0.0108,2028
0,0,TFR:IPPU:DEC_DEMAND,0,0,0,0,0,0.0144,2029
0,0,TFR:IPPU:DEC_DEMAND,0,0,0,0,0,0.018,2030
0,0,TFR:IPPU:DEC_DEMAND,0,0,0,0,0,0.0216,2031
0,0,TFR:IPPU:DEC_DEMAND,0,0,0,0,0,0.0252,2032
0,0,TFR:IPPU:DEC_DEMAND,0,0,0,0,0,0.0288,2033
0,0,TFR:IPPU:DEC_DEMAND,0,0,0,0,0,0.0324,2034
0,0,TFR:IPPU:DEC_DEMAND,0,0,0,0,0,0.036,2035
0,0,TFR:IPPU:DEC_DEMAND,0,0,0,0,0,0.0396,2036
0,0,TFR:IPPU:DEC_DEMAND,0,0,0,0,0,0.0432,2037
0,0,TFR:IPPU:DEC_DEMAND,0,0,0,0,0,0.0468,2038
0,0,TFR:IPPU:DEC_DEMAND,0,0,0,0,0,0.0504,2039
0,0,TFR:IPPU:DEC_DEMAND,0,0,0,0,0,0.054,2040
0,0,TFR:IPPU:DEC_DEMAND,0,0,0,0,0,0.0576,2041
0,0,TFR:IPPU:DEC_DEMAND,0,0,0,0,0,0.0612,2042
0,0,TFR:IPPU:DEC_DEMAND,0,0,0,0,0,0.0648,2043
0,0,TFR:IPPU:DEC_DEMAND,0,0,0,0,0,0.0684,2044
0,0,TFR:IPPU:DEC_DEMAND,0,0,0,0,0,0.072,2045
0,0,TFR:IPPU:DEC_DEMAND,0,0,0,0,0,0.0756,2046
0,0,TFR:IPPU:DEC_DEMAND,0,0,0,0,0,0.0792,2047
0,0,TFR:IPPU:DEC_DEMAND,0,0,0,0,0,0.0828,2048
0,0,TFR:IPPU:DEC_DEMAND,0,0,0,0,0,0.0864,2049
0,0,TFR:IPPU:DEC_DEMAND,0,0,0,0,0,0.09,2050
0,0,TFR:IPPU:DEC_HFCS,0,0,0,0,0,0,2015
0,0,TFR:IPPU:DEC_HFCS,0,0,0,0,0,0,2016
0,0,TFR:IPPU:DEC_HFCS,0,0,0,0,0,0,2017
0,0,TFR:IPPU:DEC_HFCS,0,0,0,0,0,0,2018
0,0,TFR:IPPU:DEC_HFCS,0,0,0,0,0,0,2019
0,0,TFR:IPPU:DEC_HFCS,0,0,0,0,0,0,2020
0,0,TFR:IPPU:DEC_HFCS,0,0,0,0,0,0,2021
0,0,TFR:IPPU:DEC_HFCS,0,0,0,0,0,0,2022
0,0,TFR:IPPU:DEC_HFCS,0,0,0,0,0,0,2023
0,0,TFR:IPPU:DEC_HFCS,0,0,0,0,0,0,2024
0,0,TFR:IPPU:DEC_HFCS,0,0,0,0,0,0,2025
0,0,TFR:IPPU:DEC_HFCS,0,0,0,0,0,0.004,2026
0,0,TFR:IPPU:DEC_HFCS,0,0,0,0,0,0.008,2027
0,0,TFR:IPPU:DEC_HFCS,0,0,0,0,0,0.012,2028
0,0,TFR:IPPU:DEC_HFCS,0,0,0,0,0,0.016,2029
0,0,TFR:IPPU:DEC_HFCS,0,0,0,0,0,0.02,2030
0,0,TFR:IPPU:DEC_HFCS,0,0,0,0,0,0.024,2031
0,0,TFR:IPPU:DEC_HFCS,0,0,0,0,0,0.028,2032
0,0,TFR:IPPU:DEC_HFCS,0,0,0,0,0,0.032,2033
0,0,TFR:IPPU:DEC_HFCS,0,0,0,0,0,0.036,2034
0,0,TFR:IPPU:DEC_HFCS,0,0,0,0,0,0.04,2035
0,0,TFR:IPPU:DEC_HFCS,0,0,0,0,0,0.044,2036
0,0,TFR:IPPU:DEC_HFCS,0,0,0,0,0,0.048,2037
0,0,TFR:IPPU:DEC_HFCS,0,0,0,0,0,0.052,2038
0,0,TFR:IPPU:DEC_HFCS,0,0,0,0,0,0.056,2039
0,0,TFR:IPPU:DEC_HFCS,0,0,0,0,0,0.06,2040
0,0,TFR:IPPU:DEC_HFCS,0,0,0,0,0,0.064,2041
0,0,TFR:IPPU:DEC_HFCS,0,0,0,0,0,0.068,2042
0,0,TFR:IPPU:DEC_HFCS,0,0,0,0,0,0.072,2043
0,0,TFR:IPPU:DEC_HFCS,0,0,0,0,0,0.076,2044
0,0,TFR:IPPU:DEC_HFCS,0,0,0,0,0,0.08,2045
0,0,TFR:IPPU:DEC_HFCS,0,0,0,0,0,0.084,2046
0,0,TFR:IPPU:DEC_HFCS,0,0,0,0,0,0.088,2047
0,0,TFR:IPPU:DEC_HFCS,0,0,0,0,0,0.092,2048
0,0,TFR:IPPU:DEC_HFCS,0,0,0,0,0,0.096,2049
0,0,TFR:IPPU:DEC_HFCS,0,0,0,0,0,0.1,2050
0,0,TFR:IPPU:DEC_N2O,0,0,0,0,0,0,2015
0,0,TFR:IPPU:DEC_N2O,0,0,0,0,0,0,2016
0,0,TFR:IPPU:DEC_N2O,0,0,0,0,0,0,2017
0,0,TFR:IPPU:DEC_N2O,0,0,0,0,0,0,2018
0,0,TFR:IPPU:DEC_N2O,0,0,0,0,0,0,2019
0,0,TFR:IPPU:DEC_N2O,0,0,0,0,0,0,2020
0,0,TFR:IPPU:DEC_N2O,0,0,0,0,0,0,2021
0,0,TFR:IPPU:DEC_N2O,0,0,0,0,0,0,2022
0,0,TFR:IPPU:DEC_N2O,0,0,0,0,0,0,2023
0,0,TFR:IPPU:DEC_N2O,0,0,0,0,0,0,2024
0,0,TFR:IPPU:DEC_N2O,0,0,0,0,0,0,2025
0,0,TFR:IPPU:DEC_N2O,0,0,0,0,0,0.004,2026
0,0,TFR:IPPU:DEC_N2O,0,0,0,0,0,0.008,2027
0,0,TFR:IPPU:DEC_N2O,0,0,0,0,0,0.012,2028
0,0,TFR:IPPU:DEC_N2O,0,0,0,0,0,0.016,2029
0,0,TFR:IPPU:DEC_N2O,0,0,0,0,0,0.020000000000000004,2030
0,0,TFR:IPPU:DEC_N2O,0,0,0,0,0,0.024,2031
0,0,TFR:IPPU:DEC_N2O,0,0,0,0,0,0.028000000000000004,2032
0,0,TFR:IPPU:DEC_N2O,0,0,0,0,0,0.032,2033
0,0,TFR:IPPU:DEC_N2O,0,0,0,0,0,0.036,2034
0,0,TFR:IPPU:DEC_N2O,0,0,0,0,0,0.04,2035
0,0,TFR:IPPU:DEC_N2O,0,0,0,0,0,0.044000000000000004,2036
0,0,TFR:IPPU:DEC_N2O,0,0,0,0,0,0.048,2037
0,0,TFR:IPPU:DEC_N2O,0,0,0,0,0,0.052000000000000005,2038
0,0,TFR:IPPU:DEC_N2O,0,0,0,0,0,0.056,2039
0,0,TFR:IPPU:DEC_N2O,0,0,0,0,0,0.06,2040
0,0,TFR:IPPU:DEC_N2O,0,0,0,0,0,0.064,2041
0,0,TFR:IPPU:DEC_N2O,0,0,0,0,0,0.068,2042
0,0,TFR:IPPU:DEC_N2O,0,0,0,0,0,0.072,2043
0,0,TFR:IPPU:DEC_N2O,0,0,0,0,0,0.076,2044
0,0,TFR:IPPU:DEC_N2O,0,0,0,0,0,0.08,2045
0,0,TFR:IPPU:DEC_N2O,0,0,0,0,0,0.084,2046
0,0,TFR:IPPU:DEC_N2O,0,0,0,0,0,0.088,2047
0,0,TFR:IPPU:DEC_N2O,0,0,0,0,0,0.092,2048
0,0,TFR:IPPU:DEC_N2O,0,0,0,0,0,0.096,2049
0,0,TFR:IPPU:DEC_N2O,0,0,0,0,0,0.1,2050
0,0,TFR:IPPU:DEC_OTHER_FCS,0,0,0,0,0,0,2015
0,0,TFR:IPPU:DEC_OTHER_FCS,0,0,0,0,0,0,2016
0,0,TFR:IPPU:DEC_OTHER_FCS,0,0,0,0,0,0,2017
0,0,TFR:IPPU:DEC_OTHER_FCS,0,0,0,0,0,0,2018
0,0,TFR:IPPU:DEC_OTHER_FCS,0,0,0,0,0,0,2019
0,0,TFR:IPPU:DEC_OTHER_FCS,0,0,0,0,0,0,2020
0,0,TFR:IPPU:DEC_OTHER_FCS,0,0,0,0,0,0,2021
0,0,TFR:IPPU:DEC_OTHER_FCS,0,0,0,0,0,0,2022
0,0,TFR:IPPU:DEC_OTHER_FCS,0,0,0,0,0,0,2023
0,0,TFR:IPPU:DEC_OTHER_FCS,0,0,0,0,0,0,2024
0,0,TFR:IPPU:DEC_OTHER_FCS,0,0,0,0,0,0,2025
0,0,TFR:IPPU:DEC_OTHER_FCS,0,0,0,0,0,0.004,2026
0,0,TFR:IPPU:DEC_OTHER_FCS,0,0,0,0,0,0.008,2027
0,0,TFR:IPPU:DEC_OTHER_FCS,0,0,0,0,0,0.012,2028
0,0,TFR:IPPU:DEC_OTHER_FCS,0,0,0,0,0,0.016,2029
0,0,TFR:IPPU:DEC_OTHER_FCS,0,0,0,0,0,0.020000000000000004,2030
0,0,TFR:IPPU:DEC_OTHER_FCS,0,0,0,0,0,0.024,2031
0,0,TFR:IPPU:DEC_OTHER_FCS,0,0,0,0,0,0.028000000000000004,2032
0,0,TFR:IPPU:DEC_OTHER_FCS,0,0,0,0,0,0.032,2033
0,0,TFR:IPPU:DEC_OTHER_FCS,0,0,0,0,0,0.036,2034
0,0,TFR:IPPU:DEC_OTHER_FCS,0,0,0,0,0,0.04,2035
0,0,TFR:IPPU:DEC_OTHER_FCS,0,0,0,0,0,0.044000000000000004,2036
0,0,TFR:IPPU:DEC_OTHER_FCS,0,0,0,0,0,0.048,2037
0,0,TFR:IPPU:DEC_OTHER_FCS,0,0,0,0,0,0.052000000000000005,2038
0,0,TFR:IPPU:DEC_OTHER_FCS,0,0,0,0,0,0.056,2039
0,0,TFR:IPPU:DEC_OTHER_FCS,0,0,0,0,0,0.06,2040
0,0,TFR:IPPU:DEC_OTHER_FCS,0,0,0,0,0,0.064,2041
0,0,TFR:IPPU:DEC_OTHER_FCS,0,0,0,0,0,0.068,2042
0,0,TFR:IPPU:DEC_OTHER_FCS,0,0,0,0,0,0.072,2043
0,0,TFR:IPPU:DEC_OTHER_FCS,0,0,0,0,0,0.076,2044
0,0,TFR:IPPU:DEC_OTHER_FCS,0,0,0,0,0,0.08,2045
0,0,TFR:IPPU:DEC_OTHER_FCS,0,0,0,0,0,0.084,2046
0,0,TFR:IPPU:DEC_OTHER_FCS,0,0,0,0,0,0.088,2047
0,0,TFR:IPPU:DEC_OTHER_FCS,0,0,0,0,0,0.092,2048
0,0,TFR:IPPU:DEC_OTHER_FCS,0,0,0,0,0,0.096,2049
0,0,TFR:IPPU:DEC_OTHER_FCS,0,0,0,0,0,0.1,2050
0,0,TFR:IPPU:DEC_PFCS,0,0,0,0,0,0,2015
0,0,TFR:IPPU:DEC_PFCS,0,0,0,0,0,0,2016
0,0,TFR:IPPU:DEC_PFCS,0,0,0,0,0,0,2017
0,0,TFR:IPPU:DEC_PFCS,0,0,0,0,0,0,2018
0,0,TFR:IPPU:DEC_PFCS,0,0,0,0,0,0,2019
0,0,TFR:IPPU:DEC_PFCS,0,0,0,0,0,0,2020
0,0,TFR:IPPU:DEC_PFCS,0,0,0,0,0,0,2021
0,0,TFR:IPPU:DEC_PFCS,0,0,0,0,0,0,2022
0,0,TFR:IPPU:DEC_PFCS,0,0,0,0,0,0,2023
0,0,TFR:IPPU:DEC_PFCS,0,0,0,0,0,0,2024
0,0,TFR:IPPU:DEC_PFCS,0,0,0,0,0,0,2025
0,0,TFR:IPPU:DEC_PFCS,0,0,0,0,0,0.004,2026
0,0,TFR:IPPU:DEC_PFCS,0,0,0,0,0,0.008,2027
0,0,TFR:IPPU:DEC_PFCS,0,0,0,0,0,0.012,2028
0,0,TFR:IPPU:DEC_PFCS,0,0,0,0,0,0.016,2029
0,0,TFR:IPPU:DEC_PFCS,0,0,0,0,0,0.020000000000000004,2030
0,0,TFR:IPPU:DEC_PFCS,0,0,0,0,0,0.024,2031
0,0,TFR:IPPU:DEC_PFCS,0,0,0,0,0,0.028000000000000004,2032
0,0,TFR:IPPU:DEC_PFCS,0,0,0,0,0,0.032,2033
0,0,TFR:IPPU:DEC_PFCS,0,0,0,0,0,0.036,2034
0,0,TFR:IPPU:DEC_PFCS,0,0,0,0,0,0.04,2035
0,0,TFR:IPPU:DEC_PFCS,0,0,0,0,0,0.044000000000000004,2036
0,0,TFR:IPPU:DEC_PFCS,0,0,0,0,0,0.048,2037
0,0,TFR:IPPU:DEC_PFCS,0,0,0,0,0,0.052000000000000005,2038
0,0,TFR:IPPU:DEC_PFCS,0,0,0,0,0,0.056,2039
0,0,TFR:IPPU:DEC_PFCS,0,0,0,0,0,0.06,2040
0,0,TFR:IPPU:DEC_PFCS,0,0,0,0,0,0.064,2041
0,0,TFR:IPPU:DEC_PFCS,0,0,0,0,0,0.068,2042
0,0,TFR:IPPU:DEC_PFCS,0,0,0,0,0,0.072,2043
0,0,TFR:IPPU:DEC_PFCS,0,0,0,0,0,0.076,2044
0,0,TFR:IPPU:DEC_PFCS,0,0,0,0,0,0.08,2045
0,0,TFR:IPPU:DEC_PFCS,0,0,0,0,0,0.084,2046
0,0,TFR:IPPU:DEC_PFCS,0,0,0,0,0,0.088,2047
0,0,TFR:IPPU:DEC_PFCS,0,0,0,0,0,0.092,2048
0,0,TFR:IPPU:DEC_PFCS,0,0,0,0,0,0.096,2049
0,0,TFR:IPPU:DEC_PFCS,0,0,0,0,0,0.1,2050
0,0,TFR:LNDU:BOUND_CLASSES,0,0,0,0,0,0,2015
0,0,TFR:LNDU:BOUND_CLASSES,0,0,0,0,0,0,2016
0,0,TFR:LNDU:BOUND_CLASSES,0,0,0,0,0,0,2017
0,0,TFR:LNDU:BOUND_CLASSES,0,0,0,0,0,0,2018
0,0,TFR:LNDU:BOUND_CLASSES,0,0,0,0,0,0,2019
0,0,TFR:LNDU:BOUND_CLASSES,0,0,0,0,0,0,2020
0,0,TFR:LNDU:BOUND_CLASSES,0,0,0,0,0,0,2021
0,0,TFR:LNDU:BOUND_CLASSES,0,0,0,0,0,0,2022
0,0,TFR:LNDU:BOUND_CLASSES,0,0,0,0,0,0,2023
0,0,TFR:LNDU:BOUND_CLASSES,0,0,0,0,0,0,2024
0,0,TFR:LNDU:BOUND_CLASSES,0,0,0,0,0,0,2025
0,0,TFR:LNDU:BOUND_CLASSES,0,0,0,0,0,0,2026
0,0,TFR:LNDU:BOUND_CLASSES,0,0,0,0,0,0,2027
0,0,TFR:LNDU:BOUND_CLASSES,0,0,0,0,0,0,2028
0,0,TFR:LNDU:BOUND_CLASSES,0,0,0,0,0,0,2029
0,0,TFR:LNDU:BOUND_CLASSES,0,0,0,0,0,0,2030
0,0,TFR:LNDU:BOUND_CLASSES,0,0,0,0,0,0,2031
0,0,TFR:LNDU:BOUND_CLASSES,0,0,0,0,0,0,2032
0,0,TFR:LNDU:BOUND_CLASSES,0,0,0,0,0,0,2033
0,0,TFR:LNDU:BOUND_CLASSES,0,0,0,0,0,0,2034
0,0,TFR:LNDU:BOUND_CLASSES,0,0,0,0,0,0,2035
0,0,TFR:LNDU:BOUND_CLASSES,0,0,0,0,0,0,2036
0,0,TFR:LNDU:BOUND_CLASSES,0,0,0,0,0,0,2037
0,0,TFR:LNDU:BOUND_CLASSES,0,0,0,0,0,0,2038
0,0,TFR:LNDU:BOUND_CLASSES,0,0,0,0,0,0,2039
0,0,TFR:LNDU:BOUND_CLASSES,0,0,0,0,0,0,2040
0,0,TFR:LNDU:BOUND_CLASSES,0,0,0,0,0,0,2041
0,0,TFR:LNDU:BOUND_CLASSES,0,0,0,0,0,0,2042
0,0,TFR:LNDU:BOUND_CLASSES,0,0,0,0,0,0,2043
0,0,TFR:LNDU:BOUND_CLASSES,0,0,0,0,0,0,2044
0,0,TFR:LNDU:BOUND_CLASSES,0,0,0,0,0,0,2045
0,0,TFR:LNDU:BOUND_CLASSES,0,0,0,0,0,0,2046
0,0,TFR:LNDU:BOUND_CLASSES,0,0,0,0,0,0,2047
0,0,TFR:LNDU:BOUND_CLASSES,0,0,0,0,0,0,2048
0,0,TFR:LNDU:BOUND_CLASSES,0,0,0,0,0,0,2049
0,0,TFR:LNDU:BOUND_CLASSES,0,0,0,0,0,0,2050
0,0,TFR:LNDU:DEC_DEFORESTATION,0,0,0,0,0,0,2015
0,0,TFR:LNDU:DEC_DEFORESTATION,0,0,0,0,0,0,2016
0,0,TFR:LNDU:DEC_DEFORESTATION,0,0,0,0,0,0,2017
0,0,TFR:LNDU:DEC_DEFORESTATION,0,0,0,0,0,0,2018
0,0,TFR:LNDU:DEC_DEFORESTATION,0,0,0,0,0,0,2019
0,0,TFR:LNDU:DEC_DEFORESTATION,0,0,0,0,0,0,2020
0,0,TFR:LNDU:DEC_DEFORESTATION,0,0,0,0,0,0,2021
0,0,TFR:LNDU:DEC_DEFORESTATION,0,0,0,0,0,0,2022
0,0,TFR:LNDU:DEC_DEFORESTATION,0,0,0,0,0,0,2023
0,0,TFR:LNDU:DEC_DEFORESTATION,0,0,0,0,0,0,2024
0,0,TFR:LNDU:DEC_DEFORESTATION,0,0,0,0,0,0,2025
0,0,TFR:LNDU:DEC_DEFORESTATION,0,0,0,0,0,0.0399996,2026
0,0,TFR:LNDU:DEC_DEFORESTATION,0,0,0,0,0,0.0799992,2027
0,0,TFR:LNDU:DEC_DEFORESTATION,0,0,0,0,0,0.1199988,2028
0,0,TFR:LNDU:DEC_DEFORESTATION,0,0,0,0,0,0.1599984,2029
0,0,TFR:LNDU:DEC_DEFORESTATION,0,0,0,0,0,0.199998,2030
0,0,TFR:LNDU:DEC_DEFORESTATION,0,0,0,0,0,0.2399976,2031
0,0,TFR:LNDU:DEC_DEFORESTATION,0,0,0,0,0,0.27999720000000006,2032
0,0,TFR:LNDU:DEC_DEFORESTATION,0,0,0,0,0,0.3199968,2033
0,0,TFR:LNDU:DEC_DEFORESTATION,0,0,0,0,0,0.3599964,2034
0,0,TFR:LNDU:DEC_DEFORESTATION,0,0,0,0,0,0.399996,2035
0,0,TFR:LNDU:DEC_DEFORESTATION,0,0,0,0,0,0.43999560000000004,2036
0,0,TFR:LNDU:DEC_DEFORESTATION,0,0,0,0,0,0.4799952,2037
0,0,TFR:LNDU:DEC_DEFORESTATION,0,0,0,0,0,0.5199948000000001,2038
0,0,TFR:LNDU:DEC_DEFORESTATION,0,0,0,0,0,0.5599944000000001,2039
0,0,TFR:LNDU:DEC_DEFORESTATION,0,0,0,0,0,0.599994,2040
0,0,TFR:LNDU:DEC_DEFORESTATION,0,0,0,0,0,0.6399936,2041
0,0,TFR:LNDU:DEC_DEFORESTATION,0,0,0,0,0,0.6799932000000001,2042
0,0,TFR:LNDU:DEC_DEFORESTATION,0,0,0,0,0,0.7199928,2043
0,0,TFR:LNDU:DEC_DEFORESTATION,0,0,0,0,0,0.7599924,2044
0,0,TFR:LNDU:DEC_DEFORESTATION,0,0,0,0,0,0.799992,2045
0,0,TFR:LNDU:DEC_DEFORESTATION,0,0,0,0,0,0.8399916000000001,2046
0,0,TFR:LNDU:DEC_DEFORESTATION,0,0,0,0,0,0.8799912000000001,2047
0,0,TFR:LNDU:DEC_DEFORESTATION,0,0,0,0,0,0.9199908000000001,2048
0,0,TFR:LNDU:DEC_DEFORESTATION,0,0,0,0,0,0.9599904,2049
0,0,TFR:LNDU:DEC_DEFORESTATION,0,0,0,0,0,0.99999,2050
0,0,TFR:LNDU:DEC_SOC_LOSS_PASTURES,0,0,0,0,0,0,2015
0,0,TFR:LNDU:DEC_SOC_LOSS_PASTURES,0,0,0,0,0,0,2016
0,0,TFR:LNDU:DEC_SOC_LOSS_PASTURES,0,0,0,0,0,0,2017
0,0,TFR:LNDU:DEC_SOC_LOSS_PASTURES,0,0,0,0,0,0,2018
0,0,TFR:LNDU:DEC_SOC_LOSS_PASTURES,0,0,0,0,0,0,2019
0,0,TFR:LNDU:DEC_SOC_LOSS_PASTURES,0,0,0,0,0,0,2020
0,0,TFR:LNDU:DEC_SOC_LOSS_PASTURES,0,0,0,0,0,0,2021
0,0,TFR:LNDU:DEC_SOC_LOSS_PASTURES,0,0,0,0,0,0,2022
0,0,TFR:LNDU:DEC_SOC_LOSS_PASTURES,0,0,0,0,0,0,2023
0,0,TFR:LNDU:DEC_SOC_LOSS_PASTURES,0,0,0,0,0,0,2024
0,0,TFR:LNDU:DEC_SOC_LOSS_PASTURES,0,0,0,0,0,0,2025
0,0,TFR:LNDU:DEC_SOC_LOSS_PASTURES,0,0,0,0,0,0.038,2026
0,0,TFR:LNDU:DEC_SOC_LOSS_PASTURES,0,0,0,0,0,0.076,2027
0,0,TFR:LNDU:DEC_SOC_LOSS_PASTURES,0,0,0,0,0,0.11399999999999999,2028
0,0,TFR:LNDU:DEC_SOC_LOSS_PASTURES,0,0,0,0,0,0.152,2029
0,0,TFR:LNDU:DEC_SOC_LOSS_PASTURES,0,0,0,0,0,0.19,2030
0,0,TFR:LNDU:DEC_SOC_LOSS_PASTURES,0,0,0,0,0,0.22799999999999998,2031
0,0,TFR:LNDU:DEC_SOC_LOSS_PASTURES,0,0,0,0,0,0.266,2032
0,0,TFR:LNDU:DEC_SOC_LOSS_PASTURES,0,0,0,0,0,0.304,2033
0,0,TFR:LNDU:DEC_SOC_LOSS_PASTURES,0,0,0,0,0,0.34199999999999997,2034
0,0,TFR:LNDU:DEC_SOC_LOSS_PASTURES,0,0,0,0,0,0.38,2035
0,0,TFR:LNDU:DEC_SOC_LOSS_PASTURES,0,0,0,0,0,0.418,2036
0,0,TFR:LNDU:DEC_SOC_LOSS_PASTURES,0,0,0,0,0,0.45599999999999996,2037
0,0,TFR:LNDU:DEC_SOC_LOSS_PASTURES,0,0,0,0,0,0.494,2038
0,0,TFR:LNDU:DEC_SOC_LOSS_PASTURES,0,0,0,0,0,0.532,2039
0,0,TFR:LNDU:DEC_SOC_LOSS_PASTURES,0,0,0,0,0,0.57,2040
0,0,TFR:LNDU:DEC_SOC_LOSS_PASTURES,0,0,0,0,0,0.608,2041
0,0,TFR:LNDU:DEC_SOC_LOSS_PASTURES,0,0,0,0,0,0.646,2042
0,0,TFR:LNDU:DEC_SOC_LOSS_PASTURES,0,0,0,0,0,0.6839999999999999,2043
0,0,TFR:LNDU:DEC_SOC_LOSS_PASTURES,0,0,0,0,0,0.722,2044
0,0,TFR:LNDU:DEC_SOC_LOSS_PASTURES,0,0,0,0,0,0.76,2045
0,0,TFR:LNDU:DEC_SOC_LOSS_PASTURES,0,0,0,0,0,0.7979999999999999,2046
0,0,TFR:LNDU:DEC_SOC_LOSS_PASTURES,0,0,0,0,0,0.836,2047
0,0,TFR:LNDU:DEC_SOC_LOSS_PASTURES,0,0,0,0,0,0.874,2048
0,0,TFR:LNDU:DEC_SOC_LOSS_PASTURES,0,0,0,0,0,0.9119999999999999,2049
0,0,TFR:LNDU:DEC_SOC_LOSS_PASTURES,0,0,0,0,0,0.95,2050
0,0,TFR:LNDU:INC_REFORESTATION,0,0,0,0,0,0,2015
0,0,TFR:LNDU:INC_REFORESTATION,0,0,0,0,0,0,2016
0,0,TFR:LNDU:INC_REFORESTATION,0,0,0,0,0,0,2017
0,0,TFR:LNDU:INC_REFORESTATION,0,0,0,0,0,0,2018
0,0,TFR:LNDU:INC_REFORESTATION,0,0,0,0,0,0,2019
0,0,TFR:LNDU:INC_REFORESTATION,0,0,0,0,0,0,2020
0,0,TFR:LNDU:INC_REFORESTATION,0,0,0,0,0,0.013333333333333334,2021
0,0,TFR:LNDU:INC_REFORESTATION,0,0,0,0,0,0.026666667,2022
0,0,TFR:LNDU:INC_REFORESTATION,0,0,0,0,0,0.04,2023
0,0,TFR:LNDU:INC_REFORESTATION,0,0,0,0,0,0.053333333,2024
0,0,TFR:LNDU:INC_REFORESTATION,0,0,0,0,0,0.066666667,2025
0,0,TFR:LNDU:INC_REFORESTATION,0,0,0,0,0,0.08,2026
0,0,TFR:LNDU:INC_REFORESTATION,0,0,0,0,0,0.093333333,2027
0,0,TFR:LNDU:INC_REFORESTATION,0,0,0,0,0,0.10666666666666667,2028
0,0,TFR:LNDU:INC_REFORESTATION,0,0,0,0,0,0.12,2029
0,0,TFR:LNDU:INC_REFORESTATION,0,0,0,0,0,0.13333333333333333,2030
0,0,TFR:LNDU:INC_REFORESTATION,0,0,0,0,0,0.14666666666666667,2031
0,0,TFR:LNDU:INC_REFORESTATION,0,0,0,0,0,0.16000000000000003,2032
0,0,TFR:LNDU:INC_REFORESTATION,0,0,0,0,0,0.17333333333333334,2033
0,0,TFR:LNDU:INC_REFORESTATION,0,0,0,0,0,0.18666666666666668,2034
0,0,TFR:LNDU:INC_REFORESTATION,0,0,0,0,0,0.2,2035
0,0,TFR:LNDU:INC_REFORESTATION,0,0,0,0,0,0.21333333333333335,2036
0,0,TFR:LNDU:INC_REFORESTATION,0,0,0,0,0,0.22666666666666668,2037
0,0,TFR:LNDU:INC_REFORESTATION,0,0,0,0,0,0.24,2038
0,0,TFR:LNDU:INC_REFORESTATION,0,0,0,0,0,0.25333333333333335,2039
0,0,TFR:LNDU:INC_REFORESTATION,0,0,0,0,0,0.26666666666666666,2040
0,0,TFR:LNDU:INC_REFORESTATION,0,0,0,0,0,0.27999999999999997,2041
0,0,TFR:LNDU:INC_REFORESTATION,0,0,0,0,0,0.29333333333333333,2042
0,0,TFR:LNDU:INC_REFORESTATION,0,0,0,0,0,0.3066666666666667,2043
0,0,TFR:LNDU:INC_REFORESTATION,0,0,0,0,0,0.32000000000000006,2044
0,0,TFR:LNDU:INC_REFORESTATION,0,0,0,0,0,0.33333333333333337,2045
0,0,TFR:LNDU:INC_REFORESTATION,0,0,0,0,0,0.3466666666666667,2046
0,0,TFR:LNDU:INC_REFORESTATION,0,0,0,0,0,0.36000000000000004,2047
0,0,TFR:LNDU:INC_REFORESTATION,0,0,0,0,0,0.37333333333333335,2048
0,0,TFR:LNDU:INC_REFORESTATION,0,0,0,0,0,0.3866666666666667,2049
0,0,TFR:LNDU:INC_REFORESTATION,0,0,0,0,0,0.4,2050
0,0,TFR:LNDU:INC_SILVOPASTURE,0,0,0,0,0,0,2015
0,0,TFR:LNDU:INC_SILVOPASTURE,0,0,0,0,0,0,2016
0,0,TFR:LNDU:INC_SILVOPASTURE,0,0,0,0,0,0,2017
0,0,TFR:LNDU:INC_SILVOPASTURE,0,0,0,0,0,0,2018
0,0,TFR:LNDU:INC_SILVOPASTURE,0,0,0,0,0,0,2019
0,0,TFR:LNDU:INC_SILVOPASTURE,0,0,0,0,0,0,2020
0,0,TFR:LNDU:INC_SILVOPASTURE,0,0,0,0,0,0,2021
0,0,TFR:LNDU:INC_SILVOPASTURE,0,0,0,0,0,0,2022
0,0,TFR:LNDU:INC_SILVOPASTURE,0,0,0,0,0,0,2023
0,0,TFR:LNDU:INC_SILVOPASTURE,0,0,0,0,0,0,2024
0,0,TFR:LNDU:INC_SILVOPASTURE,0,0,0,0,0,0,2025
0,0,TFR:LNDU:INC_SILVOPASTURE,0,0,0,0,0,0.004,2026
0,0,TFR:LNDU:INC_SILVOPASTURE,0,0,0,0,0,0.008,2027
0,0,TFR:LNDU:INC_SILVOPASTURE,0,0,0,0,0,0.012,2028
0,0,TFR:LNDU:INC_SILVOPASTURE,0,0,0,0,0,0.016,2029
0,0,TFR:LNDU:INC_SILVOPASTURE,0,0,0,0,0,0.020000000000000004,2030
0,0,TFR:LNDU:INC_SILVOPASTURE,0,0,0,0,0,0.024,2031
0,0,TFR:LNDU:INC_SILVOPASTURE,0,0,0,0,0,0.028000000000000004,2032
0,0,TFR:LNDU:INC_SILVOPASTURE,0,0,0,0,0,0.032,2033
0,0,TFR:LNDU:INC_SILVOPASTURE,0,0,0,0,0,0.036,2034
0,0,TFR:LNDU:INC_SILVOPASTURE,0,0,0,0,0,0.04,2035
0,0,TFR:LNDU:INC_SILVOPASTURE,0,0,0,0,0,0.044000000000000004,2036
0,0,TFR:LNDU:INC_SILVOPASTURE,0,0,0,0,0,0.048,2037
0,0,TFR:LNDU:INC_SILVOPASTURE,0,0,0,0,0,0.052000000000000005,2038
0,0,TFR:LNDU:INC_SILVOPASTURE,0,0,0,0,0,0.056,2039
0,0,TFR:LNDU:INC_SILVOPASTURE,0,0,0,0,0,0.06,2040
0,0,TFR:LNDU:INC_SILVOPASTURE,0,0,0,0,0,0.064,2041
0,0,TFR:LNDU:INC_SILVOPASTURE,0,0,0,0,0,0.068,2042
0,0,TFR:LNDU:INC_SILVOPASTURE,0,0,0,0,0,0.072,2043
0,0,TFR:LNDU:INC_SILVOPASTURE,0,0,0,0,0,0.076,2044
0,0,TFR:LNDU:INC_SILVOPASTURE,0,0,0,0,0,0.08,2045
0,0,TFR:LNDU:INC_SILVOPASTURE,0,0,0,0,0,0.084,2046
0,0,TFR:LNDU:INC_SILVOPASTURE,0,0,0,0,0,0.088,2047
0,0,TFR:LNDU:INC_SILVOPASTURE,0,0,0,0,0,0.092,2048
0,0,TFR:LNDU:INC_SILVOPASTURE,0,0,0,0,0,0.096,2049
0,0,TFR:LNDU:INC_SILVOPASTURE,0,0,0,0,0,0.1,2050
0,0,TFR:LNDU:PLUR,0,0,0,0,0,0,2015
0,0,TFR:LNDU:PLUR,0,0,0,0,0,0,2016
0,0,TFR:LNDU:PLUR,0,0,0,0,0,0,2017
0,0,TFR:LNDU:PLUR,0,0,0,0,0,0,2018
0,0,TFR:LNDU:PLUR,0,0,0,0,0,0,2019
0,0,TFR:LNDU:PLUR,0,0,0,0,0,0,2020
0,0,TFR:LNDU:PLUR,0,0,0,0,0,0,2021
0,0,TFR:LNDU:PLUR,0,0,0,0,0,0,2022
0,0,TFR:LNDU:PLUR,0,0,0,0,0,0,2023
0,0,TFR:LNDU:PLUR,0,0,0,0,0,0,2024
0,0,TFR:LNDU:PLUR,0,0,0,0,0,0,2025
0,0,TFR:LNDU:PLUR,0,0,0,0,0,0.02,2026
0,0,TFR:LNDU:PLUR,0,0,0,0,0,0.04,2027
0,0,TFR:LNDU:PLUR,0,0,0,0,0,0.06,2028
0,0,TFR:LNDU:PLUR,0,0,0,0,0,0.08,2029
0,0,TFR:LNDU:PLUR,0,0,0,0,0,0.1,2030
0,0,TFR:LNDU:PLUR,0,0,0,0,0,0.12,2031
0,0,TFR:LNDU:PLUR,0,0,0,0,0,0.14,2032
0,0,TFR:LNDU:PLUR,0,0,0,0,0,0.16,2033
0,0,TFR:LNDU:PLUR,0,0,0,0,0,0.18,2034
0,0,TFR:LNDU:PLUR,0,0,0,0,0,0.2,2035
0,0,TFR:LNDU:PLUR,0,0,0,0,0,0.22,2036
0,0,TFR:LNDU:PLUR,0,0,0,0,0,0.24,2037
0,0,TFR:LNDU:PLUR,0,0,0,0,0,0.26,2038
0,0,TFR:LNDU:PLUR,0,0,0,0,0,0.28,2039
0,0,TFR:LNDU:PLUR,0,0,0,0,0,0.3,2040
0,0,TFR:LNDU:PLUR,0,0,0,0,0,0.32,2041
0,0,TFR:LNDU:PLUR,0,0,0,0,0,0.34,2042
0,0,TFR:LNDU:PLUR,0,0,0,0,0,0.36,2043
0,0,TFR:LNDU:PLUR,0,0,0,0,0,0.38,2044
0,0,TFR:LNDU:PLUR,0,0,0,0,0,0.4,2045
0,0,TFR:LNDU:PLUR,0,0,0,0,0,0.42,2046
0,0,TFR:LNDU:PLUR,0,0,0,0,0,0.44,2047
0,0,TFR:LNDU:PLUR,0,0,0,0,0,0.46,2048
0,0,TFR:LNDU:PLUR,0,0,0,0,0,0.48,2049
0,0,TFR:LNDU:PLUR,0,0,0,0,0,0.5,2050
0,0,TFR:LSMM:INC_CAPTURE_BIOGAS,0,0,0,0,0,0,2015
0,0,TFR:LSMM:INC_CAPTURE_BIOGAS,0,0,0,0,0,0,2016
0,0,TFR:LSMM:INC_CAPTURE_BIOGAS,0,0,0,0,0,0,2017
0,0,TFR:LSMM:INC_CAPTURE_BIOGAS,0,0,0,0,0,0,2018
0,0,TFR:LSMM:INC_CAPTURE_BIOGAS,0,0,0,0,0,0,2019
0,0,TFR:LSMM:INC_CAPTURE_BIOGAS,0,0,0,0,0,0,2020
0,0,TFR:LSMM:INC_CAPTURE_BIOGAS,0,0,0,0,0,0,2021
0,0,TFR:LSMM:INC_CAPTURE_BIOGAS,0,0,0,0,0,0,2022
0,0,TFR:LSMM:INC_CAPTURE_BIOGAS,0,0,0,0,0,0,2023
0,0,TFR:LSMM:INC_CAPTURE_BIOGAS,0,0,0,0,0,0,2024
0,0,TFR:LSMM:INC_CAPTURE_BIOGAS,0,0,0,0,0,0,2025
0,0,TFR:LSMM:INC_CAPTURE_BIOGAS,0,0,0,0,0,0.036000000000000004,2026
0,0,TFR:LSMM:INC_CAPTURE_BIOGAS,0,0,0,0,0,0.072,2027
0,0,TFR:LSMM:INC_CAPTURE_BIOGAS,0,0,0,0,0,0.108,2028
0,0,TFR:LSMM:INC_CAPTURE_BIOGAS,0,0,0,0,0,0.14400000000000002,2029
0,0,TFR:LSMM:INC_CAPTURE_BIOGAS,0,0,0,0,0,0.18000000000000002,2030
0,0,TFR:LSMM:INC_CAPTURE_BIOGAS,0,0,0,0,0,0.216,2031
0,0,TFR:LSMM:INC_CAPTURE_BIOGAS,0,0,0,0,0,0.25200000000000006,2032
0,0,TFR:LSMM:INC_CAPTURE_BIOGAS,0,0,0,0,0,0.28800000000000003,2033
0,0,TFR:LSMM:INC_CAPTURE_BIOGAS,0,0,0,0,0,0.324,2034
0,0,TFR:LSMM:INC_CAPTURE_BIOGAS,0,0,0,0,0,0.36000000000000004,2035
0,0,TFR:LSMM:INC_CAPTURE_BIOGAS,0,0,0,0,0,0.396,2036
0,0,TFR:LSMM:INC_CAPTURE_BIOGAS,0,0,0,0,0,0.432,2037
0,0,TFR:LSMM:INC_CAPTURE_BIOGAS,0,0,0,0,0,0.468,2038
0,0,TFR:LSMM:INC_CAPTURE_BIOGAS,0,0,0,0,0,0.5040000000000001,2039
0,0,TFR:LSMM:INC_CAPTURE_BIOGAS,0,0,0,0,0,0.54,2040
0,0,TFR:LSMM:INC_CAPTURE_BIOGAS,0,0,0,0,0,0.5760000000000001,2041
0,0,TFR:LSMM:INC_CAPTURE_BIOGAS,0,0,0,0,0,0.6120000000000001,2042
0,0,TFR:LSMM:INC_CAPTURE_BIOGAS,0,0,0,0,0,0.648,2043
0,0,TFR:LSMM:INC_CAPTURE_BIOGAS,0,0,0,0,0,0.684,2044
0,0,TFR:LSMM:INC_CAPTURE_BIOGAS,0,0,0,0,0,0.7200000000000001,2045
0,0,TFR:LSMM:INC_CAPTURE_BIOGAS,0,0,0,0,0,0.756,2046
0,0,TFR:LSMM:INC_CAPTURE_BIOGAS,0,0,0,0,0,0.792,2047
0,0,TFR:LSMM:INC_CAPTURE_BIOGAS,0,0,0,0,0,0.8280000000000001,2048
0,0,TFR:LSMM:INC_CAPTURE_BIOGAS,0,0,0,0,0,0.864,2049
0,0,TFR:LSMM:INC_CAPTURE_BIOGAS,0,0,0,0,0,0.9,2050
0,0,TFR:PFLO:INC_HEALTHIER_DIETS,0,0,0,0,0,0,2015
0,0,TFR:PFLO:INC_HEALTHIER_DIETS,0,0,0,0,0,0,2016
0,0,TFR:PFLO:INC_HEALTHIER_DIETS,0,0,0,0,0,0,2017
0,0,TFR:PFLO:INC_HEALTHIER_DIETS,0,0,0,0,0,0,2018
0,0,TFR:PFLO:INC_HEALTHIER_DIETS,0,0,0,0,0,0,2019
0,0,TFR:PFLO:INC_HEALTHIER_DIETS,0,0,0,0,0,0,2020
0,0,TFR:PFLO:INC_HEALTHIER_DIETS,0,0,0,0,0,0,2021
0,0,TFR:PFLO:INC_HEALTHIER_DIETS,0,0,0,0,0,0,2022
0,0,TFR:PFLO:INC_HEALTHIER_DIETS,0,0,0,0,0,0,2023
0,0,TFR:PFLO:INC_HEALTHIER_DIETS,0,0,0,0,0,0.008427058,2024
0,0,TFR:PFLO:INC_HEALTHIER_DIETS,0,0,0,0,0,0.016878328604313472,2025
0,0,TFR:PFLO:INC_HEALTHIER_DIETS,0,0,0,0,0,0.025375401887164778,2026
0,0,TFR:PFLO:INC_HEALTHIER_DIETS,0,0,0,0,0,0.033958925236299724,2027
0,0,TFR:PFLO:INC_HEALTHIER_DIETS,0,0,0,0,0,0.042704923,2028
0,0,TFR:PFLO:INC_HEALTHIER_DIETS,0,0,0,0,0,0.05175382,2029
0,0,TFR:PFLO:INC_HEALTHIER_DIETS,0,0,0,0,0,0.061358899,2030
0,0,TFR:PFLO:INC_HEALTHIER_DIETS,0,0,0,0,0,0.071956611,2031
0,0,TFR:PFLO:INC_HEALTHIER_DIETS,0,0,0,0,0,0.084235009,2032
0,0,TFR:PFLO:INC_HEALTHIER_DIETS,0,0,0,0,0,0.09909829,2033
0,0,TFR:PFLO:INC_HEALTHIER_DIETS,0,0,0,0,0,0.1173055601927829,2034
0,0,TFR:PFLO:INC_HEALTHIER_DIETS,0,0,0,0,0,0.13865602584128017,2035
0,0,TFR:PFLO:INC_HEALTHIER_DIETS,0,0,0,0,0,0.1613439741587198,2036
0,0,TFR:PFLO:INC_HEALTHIER_DIETS,0,0,0,0,0,0.18269443980721706,2037
0,0,TFR:PFLO:INC_HEALTHIER_DIETS,0,0,0,0,0,0.20090170974658256,2038
0,0,TFR:PFLO:INC_HEALTHIER_DIETS,0,0,0,0,0,0.21576499125516127,2039
0,0,TFR:PFLO:INC_HEALTHIER_DIETS,0,0,0,0,0,0.228043389,2040
0,0,TFR:PFLO:INC_HEALTHIER_DIETS,0,0,0,0,0,0.23864110062387406,2041
0,0,TFR:PFLO:INC_HEALTHIER_DIETS,0,0,0,0,0,0.24824618000344215,2042
0,0,TFR:PFLO:INC_HEALTHIER_DIETS,0,0,0,0,0,0.25729507731612955,2043
0,0,TFR:PFLO:INC_HEALTHIER_DIETS,0,0,0,0,0,0.26604107476370026,2044
0,0,TFR:PFLO:INC_HEALTHIER_DIETS,0,0,0,0,0,0.2746245981128352,2045
0,0,TFR:PFLO:INC_HEALTHIER_DIETS,0,0,0,0,0,0.2831216713956865,2046
0,0,TFR:PFLO:INC_HEALTHIER_DIETS,0,0,0,0,0,0.2915729419067162,2047
0,0,TFR:PFLO:INC_HEALTHIER_DIETS,0,0,0,0,0,0.29999999999999993,2048
0,0,TFR:PFLO:INC_HEALTHIER_DIETS,0,0,0,0,0,0.3,2049
0,0,TFR:PFLO:INC_HEALTHIER_DIETS,0,0,0,0,0,0.3,2050
0,0,TFR:PFLO:INC_IND_CCS,0,0,0,0,0,0,2015
0,0,TFR:PFLO:INC_IND_CCS,0,0,0,0,0,0,2016
0,0,TFR:PFLO:INC_IND_CCS,0,0,0,0,0,0,2017
0,0,TFR:PFLO:INC_IND_CCS,0,0,0,0,0,0,2018
0,0,TFR:PFLO:INC_IND_CCS,0,0,0,0,0,0,2019
0,0,TFR:PFLO:INC_IND_CCS,0,0,0,0,0,0,2020
0,0,TFR:PFLO:INC_IND_CCS,0,0,0,0,0,0,2021
0,0,TFR:PFLO:INC_IND_CCS,0,0,0,0,0,0,2022
0,0,TFR:PFLO:INC_IND_CCS,0,0,0,0,0,0,2023
0,0,TFR:PFLO:INC_IND_CCS,0,0,0,0,0,0,2024
0,0,TFR:PFLO:INC_IND_CCS,0,0,0,0,0,0,2025
0,0,TFR:PFLO:INC_IND_CCS,0,0,0,0,0,0.028800000000000003,2026
0,0,TFR:PFLO:INC_IND_CCS,0,0,0,0,0,0.057600000000000005,2027
0,0,TFR:PFLO:INC_IND_CCS,0,0,0,0,0,0.0864,2028
0,0,TFR:PFLO:INC_IND_CCS,0,0,0,0,0,0.11520000000000001,2029
0,0,TFR:PFLO:INC_IND_CCS,0,0,0,0,0,0.14400000000000002,2030
0,0,TFR:PFLO:INC_IND_CCS,0,0,0,0,0,0.1728,2031
0,0,TFR:PFLO:INC_IND_CCS,0,0,0,0,0,0.20160000000000003,2032
0,0,TFR:PFLO:INC_IND_CCS,0,0,0,0,0,0.23040000000000002,2033
0,0,TFR:PFLO:INC_IND_CCS,0,0,0,0,0,0.25920000000000004,2034
0,0,TFR:PFLO:INC_IND_CCS,0,0,0,0,0,0.28800000000000003,2035
0,0,TFR:PFLO:INC_IND_CCS,0,0,0,0,0,0.3168,2036
0,0,TFR:PFLO:INC_IND_CCS,0,0,0,0,0,0.3456,2037
0,0,TFR:PFLO:INC_IND_CCS,0,0,0,0,0,0.37440000000000007,2038
0,0,TFR:PFLO:INC_IND_CCS,0,0,0,0,0,0.40320000000000006,2039
0,0,TFR:PFLO:INC_IND_CCS,0,0,0,0,0,0.43200000000000005,2040
0,0,TFR:PFLO:INC_IND_CCS,0,0,0,0,0,0.46080000000000004,2041
0,0,TFR:PFLO:INC_IND_CCS,0,0,0,0,0,0.4896000000000001,2042
0,0,TFR:PFLO:INC_IND_CCS,0,0,0,0,0,0.5184000000000001,2043
0,0,TFR:PFLO:INC_IND_CCS,0,0,0,0,0,0.5472,2044
0,0,TFR:PFLO:INC_IND_CCS,0,0,0,0,0,0.5760000000000001,2045
0,0,TFR:PFLO:INC_IND_CCS,0,0,0,0,0,0.6048,2046
0,0,TFR:PFLO:INC_IND_CCS,0,0,0,0,0,0.6336,2047
0,0,TFR:PFLO:INC_IND_CCS,0,0,0,0,0,0.6624000000000001,2048
0,0,TFR:PFLO:INC_IND_CCS,0,0,0,0,0,0.6912,2049
0,0,TFR:PFLO:INC_IND_CCS,0,0,0,0,0,0.7200000000000001,2050
0,0,TFR:SCOE:DEC_DEMAND_HEAT,0,0,0,0,0,0,2015
0,0,TFR:SCOE:DEC_DEMAND_HEAT,0,0,0,0,0,0,2016
0,0,TFR:SCOE:DEC_DEMAND_HEAT,0,0,0,0,0,0,2017
0,0,TFR:SCOE:DEC_DEMAND_HEAT,0,0,0,0,0,0,2018
0,0,TFR:SCOE:DEC_DEMAND_HEAT,0,0,0,0,0,0,2019
0,0,TFR:SCOE:DEC_DEMAND_HEAT,0,0,0,0,0,0,2020
0,0,TFR:SCOE:DEC_DEMAND_HEAT,0,0,0,0,0,0,2021
0,0,TFR:SCOE:DEC_DEMAND_HEAT,0,0,0,0,0,0,2022
0,0,TFR:SCOE:DEC_DEMAND_HEAT,0,0,0,0,0,0,2023
0,0,TFR:SCOE:DEC_DEMAND_HEAT,0,0,0,0,0,0,2024
0,0,TFR:SCOE:DEC_DEMAND_HEAT,0,0,0,0,0,0,2025
0,0,TFR:SCOE:DEC_DEMAND_HEAT,0,0,0,0,0,0.0025,2026
0,0,TFR:SCOE:DEC_DEMAND_HEAT,0,0,0,0,0,0.005,2027
0,0,TFR:SCOE:DEC_DEMAND_HEAT,0,0,0,0,0,0.0075,2028
0,0,TFR:SCOE:DEC_DEMAND_HEAT,0,0,0,0,0,0.010000000000000002,2029
0,0,TFR:SCOE:DEC_DEMAND_HEAT,0,0,0,0,0,0.0125,2030
0,0,TFR:SCOE:DEC_DEMAND_HEAT,0,0,0,0,0,0.015,2031
0,0,TFR:SCOE:DEC_DEMAND_HEAT,0,0,0,0,0,0.017499999999999998,2032
0,0,TFR:SCOE:DEC_DEMAND_HEAT,0,0,0,0,0,0.020000000000000004,2033
0,0,TFR:SCOE:DEC_DEMAND_HEAT,0,0,0,0,0,0.022500000000000003,2034
0,0,TFR:SCOE:DEC_DEMAND_HEAT,0,0,0,0,0,0.025,2035
0,0,TFR:SCOE:DEC_DEMAND_HEAT,0,0,0,0,0,0.027500000000000004,2036
0,0,TFR:SCOE:DEC_DEMAND_HEAT,0,0,0,0,0,0.03,2037
0,0,TFR:SCOE:DEC_DEMAND_HEAT,0,0,0,0,0,0.0325,2038
0,0,TFR:SCOE:DEC_DEMAND_HEAT,0,0,0,0,0,0.034999999999999996,2039
0,0,TFR:SCOE:DEC_DEMAND_HEAT,0,0,0,0,0,0.037500000000000006,2040
0,0,TFR:SCOE:DEC_DEMAND_HEAT,0,0,0,0,0,0.04,2041
0,0,TFR:SCOE:DEC_DEMAND_HEAT,0,0,0,0,0,0.0425,2042
0,0,TFR:SCOE:DEC_DEMAND_HEAT,0,0,0,0,0,0.045000000000000005,2043
0,0,TFR:SCOE:DEC_DEMAND_HEAT,0,0,0,0,0,0.0475,2044
0,0,TFR:SCOE:DEC_DEMAND_HEAT,0,0,0,0,0,0.05,2045
0,0,TFR:SCOE:DEC_DEMAND_HEAT,0,0,0,0,0,0.05,2046
0,0,TFR:SCOE:DEC_DEMAND_HEAT,0,0,0,0,0,0.05,2047
0,0,TFR:SCOE:DEC_DEMAND_HEAT,0,0,0,0,0,0.05,2048
0,0,TFR:SCOE:DEC_DEMAND_HEAT,0,0,0,0,0,0.05,2049
0,0,TFR:SCOE:DEC_DEMAND_HEAT,0,0,0,0,0,0.05,2050
0,0,TFR:SCOE:INC_EFFICIENCY_APPLIANCE,0,0,0,0,0,0,2015
0,0,TFR:SCOE:INC_EFFICIENCY_APPLIANCE,0,0,0,0,0,0,2016
0,0,TFR:SCOE:INC_EFFICIENCY_APPLIANCE,0,0,0,0,0,0,2017
0,0,TFR:SCOE:INC_EFFICIENCY_APPLIANCE,0,0,0,0,0,0,2018
0,0,TFR:SCOE:INC_EFFICIENCY_APPLIANCE,0,0,0,0,0,0,2019
0,0,TFR:SCOE:INC_EFFICIENCY_APPLIANCE,0,0,0,0,0,0,2020
0,0,TFR:SCOE:INC_EFFICIENCY_APPLIANCE,0,0,0,0,0,0,2021
0,0,TFR:SCOE:INC_EFFICIENCY_APPLIANCE,0,0,0,0,0,0,2022
0,0,TFR:SCOE:INC_EFFICIENCY_APPLIANCE,0,0,0,0,0,0,2023
0,0,TFR:SCOE:INC_EFFICIENCY_APPLIANCE,0,0,0,0,0,0,2024
0,0,TFR:SCOE:INC_EFFICIENCY_APPLIANCE,0,0,0,0,0,0,2025
0,0,TFR:SCOE:INC_EFFICIENCY_APPLIANCE,0,0,0,0,0,0,2026
0,0,TFR:SCOE:INC_EFFICIENCY_APPLIANCE,0,0,0,0,0,0,2027
0,0,TFR:SCOE:INC_EFFICIENCY_APPLIANCE,0,0,0,0,0,0,2028
0,0,TFR:SCOE:INC_EFFICIENCY_APPLIANCE,0,0,0,0,0,0,2029
0,0,TFR:SCOE:INC_EFFICIENCY_APPLIANCE,0,0,0,0,0,0.004079982,2030
0,0,TFR:SCOE:INC_EFFICIENCY_APPLIANCE,0,0,0,0,0,0.009209233,2031
0,0,TFR:SCOE:INC_EFFICIENCY_APPLIANCE,0,0,0,0,0,0.016828080802210096,2032
0,0,TFR:SCOE:INC_EFFICIENCY_APPLIANCE,0,0,0,0,0,0.030196584927737746,2033
0,0,TFR:SCOE:INC_EFFICIENCY_APPLIANCE,0,0,0,0,0,0.056025357,2034
0,0,TFR:SCOE:INC_EFFICIENCY_APPLIANCE,0,0,0,0,0,0.10520197336071227,2035
0,0,TFR:SCOE:INC_EFFICIENCY_APPLIANCE,0,0,0,0,0,0.18614472107231275,2036
0,0,TFR:SCOE:INC_EFFICIENCY_APPLIANCE,0,0,0,0,0,0.28716635724882045,2037
0,0,TFR:SCOE:INC_EFFICIENCY_APPLIANCE,0,0,0,0,0,0.37623455900279784,2038
0,0,TFR:SCOE:INC_EFFICIENCY_APPLIANCE,0,0,0,0,0,0.43404995150199366,2039
0,0,TFR:SCOE:INC_EFFICIENCY_APPLIANCE,0,0,0,0,0,0.46525540816688626,2040
0,0,TFR:SCOE:INC_EFFICIENCY_APPLIANCE,0,0,0,0,0,0.481275878,2041
0,0,TFR:SCOE:INC_EFFICIENCY_APPLIANCE,0,0,0,0,0,0.49007599302740207,2042
0,0,TFR:SCOE:INC_EFFICIENCY_APPLIANCE,0,0,0,0,0,0.49570903670459493,2043
0,0,TFR:SCOE:INC_EFFICIENCY_APPLIANCE,0,0,0,0,0,0.5,2044
0,0,TFR:SCOE:INC_EFFICIENCY_APPLIANCE,0,0,0,0,0,0.5,2045
0,0,TFR:SCOE:INC_EFFICIENCY_APPLIANCE,0,0,0,0,0,0.5,2046
0,0,TFR:SCOE:INC_EFFICIENCY_APPLIANCE,0,0,0,0,0,0.5,2047
0,0,TFR:SCOE:INC_EFFICIENCY_APPLIANCE,0,0,0,0,0,0.5,2048
0,0,TFR:SCOE:INC_EFFICIENCY_APPLIANCE,0,0,0,0,0,0.5,2049
0,0,TFR:SCOE:INC_EFFICIENCY_APPLIANCE,0,0,0,0,0,0.5,2050
0,0,TFR:SCOE:INC_EFFICIENCY_HEAT,0,0,0,0,0,0,2015
0,0,TFR:SCOE:INC_EFFICIENCY_HEAT,0,0,0,0,0,0,2016
0,0,TFR:SCOE:INC_EFFICIENCY_HEAT,0,0,0,0,0,0,2017
0,0,TFR:SCOE:INC_EFFICIENCY_HEAT,0,0,0,0,0,0,2018
0,0,TFR:SCOE:INC_EFFICIENCY_HEAT,0,0,0,0,0,0,2019
0,0,TFR:SCOE:INC_EFFICIENCY_HEAT,0,0,0,0,0,0,2020
0,0,TFR:SCOE:INC_EFFICIENCY_HEAT,0,0,0,0,0,0,2021
0,0,TFR:SCOE:INC_EFFICIENCY_HEAT,0,0,0,0,0,0,2022
0,0,TFR:SCOE:INC_EFFICIENCY_HEAT,0,0,0,0,0,0,2023
0,0,TFR:SCOE:INC_EFFICIENCY_HEAT,0,0,0,0,0,0,2024
0,0,TFR:SCOE:INC_EFFICIENCY_HEAT,0,0,0,0,0,0,2025
0,0,TFR:SCOE:INC_EFFICIENCY_HEAT,0,0,0,0,0,0,2026
0,0,TFR:SCOE:INC_EFFICIENCY_HEAT,0,0,0,0,0,0,2027
0,0,TFR:SCOE:INC_EFFICIENCY_HEAT,0,0,0,0,0,0,2028
0,0,TFR:SCOE:INC_EFFICIENCY_HEAT,0,0,0,0,0,0,2029
0,0,TFR:SCOE:INC_EFFICIENCY_HEAT,0,0,0,0,0,0.001631993,2030
0,0,TFR:SCOE:INC_EFFICIENCY_HEAT,0,0,0,0,0,0.003683693,2031
0,0,TFR:SCOE:INC_EFFICIENCY_HEAT,0,0,0,0,0,0.006731232,2032
0,0,TFR:SCOE:INC_EFFICIENCY_HEAT,0,0,0,0,0,0.012078633971095099,2033
0,0,TFR:SCOE:INC_EFFICIENCY_HEAT,0,0,0,0,0,0.022410142699936256,2034
0,0,TFR:SCOE:INC_EFFICIENCY_HEAT,0,0,0,0,0,0.042080789,2035
0,0,TFR:SCOE:INC_EFFICIENCY_HEAT,0,0,0,0,0,0.074457888,2036
0,0,TFR:SCOE:INC_EFFICIENCY_HEAT,0,0,0,0,0,0.11486654289952819,2037
0,0,TFR:SCOE:INC_EFFICIENCY_HEAT,0,0,0,0,0,0.15049382360111915,2038
0,0,TFR:SCOE:INC_EFFICIENCY_HEAT,0,0,0,0,0,0.17361998060079747,2039
0,0,TFR:SCOE:INC_EFFICIENCY_HEAT,0,0,0,0,0,0.18610216326675452,2040
0,0,TFR:SCOE:INC_EFFICIENCY_HEAT,0,0,0,0,0,0.192510351,2041
0,0,TFR:SCOE:INC_EFFICIENCY_HEAT,0,0,0,0,0,0.19603039721096083,2042
0,0,TFR:SCOE:INC_EFFICIENCY_HEAT,0,0,0,0,0,0.19828361468183797,2043
0,0,TFR:SCOE:INC_EFFICIENCY_HEAT,0,0,0,0,0,0.2,2044
0,0,TFR:SCOE:INC_EFFICIENCY_HEAT,0,0,0,0,0,0.2,2045
0,0,TFR:SCOE:INC_EFFICIENCY_HEAT,0,0,0,0,0,0.2,2046
0,0,TFR:SCOE:INC_EFFICIENCY_HEAT,0,0,0,0,0,0.2,2047
0,0,TFR:SCOE:INC_EFFICIENCY_HEAT,0,0,0,0,0,0.2,2048
0,0,TFR:SCOE:INC_EFFICIENCY_HEAT,0,0,0,0,0,0.2,2049
0,0,TFR:SCOE:INC_EFFICIENCY_HEAT,0,0,0,0,0,0.2,2050
0,0,TFR:SCOE:SHIFT_FUEL_HEAT,0,0,0,0,0,0,2015
0,0,TFR:SCOE:SHIFT_FUEL_HEAT,0,0,0,0,0,0,2016
0,0,TFR:SCOE:SHIFT_FUEL_HEAT,0,0,0,0,0,0,2017
0,0,TFR:SCOE:SHIFT_FUEL_HEAT,0,0,0,0,0,0,2018
0,0,TFR:SCOE:SHIFT_FUEL_HEAT,0,0,0,0,0,0,2019
0,0,TFR:SCOE:SHIFT_FUEL_HEAT,0,0,0,0,0,0,2020
0,0,TFR:SCOE:SHIFT_FUEL_HEAT,0,0,0,0,0,0,2021
0,0,TFR:SCOE:SHIFT_FUEL_HEAT,0,0,0,0,0,0,2022
0,0,TFR:SCOE:SHIFT_FUEL_HEAT,0,0,0,0,0,0,2023
0,0,TFR:SCOE:SHIFT_FUEL_HEAT,0,0,0,0,0,0,2024
0,0,TFR:SCOE:SHIFT_FUEL_HEAT,0,0,0,0,0,0,2025
0,0,TFR:SCOE:SHIFT_FUEL_HEAT,0,0,0,0,0,0,2026
0,0,TFR:SCOE:SHIFT_FUEL_HEAT,0,0,0,0,0,0,2027
0,0,TFR:SCOE:SHIFT_FUEL_HEAT,0,0,0,0,0,0,2028
0,0,TFR:SCOE:SHIFT_FUEL_HEAT,0,0,0,0,0,0,2029
0,0,TFR:SCOE:SHIFT_FUEL_HEAT,0,0,0,0,0,0.007588767,2030
0,0,TFR:SCOE:SHIFT_FUEL_HEAT,0,0,0,0,0,0.017129173320346122,2031
0,0,TFR:SCOE:SHIFT_FUEL_HEAT,0,0,0,0,0,0.03130023,2032
0,0,TFR:SCOE:SHIFT_FUEL_HEAT,0,0,0,0,0,0.056165648,2033
0,0,TFR:SCOE:SHIFT_FUEL_HEAT,0,0,0,0,0,0.10420716355470358,2034
0,0,TFR:SCOE:SHIFT_FUEL_HEAT,0,0,0,0,0,0.19567567045092482,2035
0,0,TFR:SCOE:SHIFT_FUEL_HEAT,0,0,0,0,0,0.34622918119450175,2036
0,0,TFR:SCOE:SHIFT_FUEL_HEAT,0,0,0,0,0,0.5341294244828061,2037
0,0,TFR:SCOE:SHIFT_FUEL_HEAT,0,0,0,0,0,0.69979628,2038
0,0,TFR:SCOE:SHIFT_FUEL_HEAT,0,0,0,0,0,0.8073329097937082,2039
0,0,TFR:SCOE:SHIFT_FUEL_HEAT,0,0,0,0,0,0.8653750591904085,2040
0,0,TFR:SCOE:SHIFT_FUEL_HEAT,0,0,0,0,0,0.8951731322123008,2041
0,0,TFR:SCOE:SHIFT_FUEL_HEAT,0,0,0,0,0,0.9115413470309679,2042
0,0,TFR:SCOE:SHIFT_FUEL_HEAT,0,0,0,0,0,0.9220188082705466,2043
0,0,TFR:SCOE:SHIFT_FUEL_HEAT,0,0,0,0,0,0.93,2044
0,0,TFR:SCOE:SHIFT_FUEL_HEAT,0,0,0,0,0,0.93,2045
0,0,TFR:SCOE:SHIFT_FUEL_HEAT,0,0,0,0,0,0.93,2046
0,0,TFR:SCOE:SHIFT_FUEL_HEAT,0,0,0,0,0,0.93,2047
0,0,TFR:SCOE:SHIFT_FUEL_HEAT,0,0,0,0,0,0.93,2048
0,0,TFR:SCOE:SHIFT_FUEL_HEAT,0,0,0,0,0,0.93,2049
0,0,TFR:SCOE:SHIFT_FUEL_HEAT,0,0,0,0,0,0.93,2050
0,0,TFR:SOIL:DEC_LIME_APPLIED,0,0,0,0,0,0,2015
0,0,TFR:SOIL:DEC_LIME_APPLIED,0,0,0,0,0,0,2016
0,0,TFR:SOIL:DEC_LIME_APPLIED,0,0,0,0,0,0,2017
0,0,TFR:SOIL:DEC_LIME_APPLIED,0,0,0,0,0,0,2018
0,0,TFR:SOIL:DEC_LIME_APPLIED,0,0,0,0,0,0,2019
0,0,TFR:SOIL:DEC_LIME_APPLIED,0,0,0,0,0,0,2020
0,0,TFR:SOIL:DEC_LIME_APPLIED,0,0,0,0,0,0,2021
0,0,TFR:SOIL:DEC_LIME_APPLIED,0,0,0,0,0,0,2022
0,0,TFR:SOIL:DEC_LIME_APPLIED,0,0,0,0,0,0,2023
0,0,TFR:SOIL:DEC_LIME_APPLIED,0,0,0,0,0,0,2024
0,0,TFR:SOIL:DEC_LIME_APPLIED,0,0,0,0,0,0,2025
0,0,TFR:SOIL:DEC_LIME_APPLIED,0,0,0,0,0,0.008,2026
0,0,TFR:SOIL:DEC_LIME_APPLIED,0,0,0,0,0,0.016,2027
0,0,TFR:SOIL:DEC_LIME_APPLIED,0,0,0,0,0,0.024,2028
0,0,TFR:SOIL:DEC_LIME_APPLIED,0,0,0,0,0,0.032,2029
0,0,TFR:SOIL:DEC_LIME_APPLIED,0,0,0,0,0,0.04,2030
0,0,TFR:SOIL:DEC_LIME_APPLIED,0,0,0,0,0,0.048,2031
0,0,TFR:SOIL:DEC_LIME_APPLIED,0,0,0,0,0,0.056,2032
0,0,TFR:SOIL:DEC_LIME_APPLIED,0,0,0,0,0,0.064,2033
0,0,TFR:SOIL:DEC_LIME_APPLIED,0,0,0,0,0,0.072,2034
0,0,TFR:SOIL:DEC_LIME_APPLIED,0,0,0,0,0,0.08,2035
0,0,TFR:SOIL:DEC_LIME_APPLIED,0,0,0,0,0,0.088,2036
0,0,TFR:SOIL:DEC_LIME_APPLIED,0,0,0,0,0,0.096,2037
0,0,TFR:SOIL:DEC_LIME_APPLIED,0,0,0,0,0,0.10400000000000001,2038
0,0,TFR:SOIL:DEC_LIME_APPLIED,0,0,0,0,0,0.11200000000000002,2039
0,0,TFR:SOIL:DEC_LIME_APPLIED,0,0,0,0,0,0.12,2040
0,0,TFR:SOIL:DEC_LIME_APPLIED,0,0,0,0,0,0.128,2041
0,0,TFR:SOIL:DEC_LIME_APPLIED,0,0,0,0,0,0.136,2042
0,0,TFR:SOIL:DEC_LIME_APPLIED,0,0,0,0,0,0.144,2043
0,0,TFR:SOIL:DEC_LIME_APPLIED,0,0,0,0,0,0.15200000000000002,2044
0,0,TFR:SOIL:DEC_LIME_APPLIED,0,0,0,0,0,0.16000000000000003,2045
0,0,TFR:SOIL:DEC_LIME_APPLIED,0,0,0,0,0,0.168,2046
0,0,TFR:SOIL:DEC_LIME_APPLIED,0,0,0,0,0,0.17600000000000002,2047
0,0,TFR:SOIL:DEC_LIME_APPLIED,0,0,0,0,0,0.18400000000000002,2048
0,0,TFR:SOIL:DEC_LIME_APPLIED,0,0,0,0,0,0.192,2049
0,0,TFR:SOIL:DEC_LIME_APPLIED,0,0,0,0,0,0.2,2050
0,0,TFR:SOIL:DEC_N_APPLIED,0,0,0,0,0,0,2015
0,0,TFR:SOIL:DEC_N_APPLIED,0,0,0,0,0,0,2016
0,0,TFR:SOIL:DEC_N_APPLIED,0,0,0,0,0,0,2017
0,0,TFR:SOIL:DEC_N_APPLIED,0,0,0,0,0,0,2018
0,0,TFR:SOIL:DEC_N_APPLIED,0,0,0,0,0,0,2019
0,0,TFR:SOIL:DEC_N_APPLIED,0,0,0,0,0,0,2020
0,0,TFR:SOIL:DEC_N_APPLIED,0,0,0,0,0,0,2021
0,0,TFR:SOIL:DEC_N_APPLIED,0,0,0,0,0,0,2022
0,0,TFR:SOIL:DEC_N_APPLIED,0,0,0,0,0,0,2023
0,0,TFR:SOIL:DEC_N_APPLIED,0,0,0,0,0,0,2024
0,0,TFR:SOIL:DEC_N_APPLIED,0,0,0,0,0,0,2025
0,0,TFR:SOIL:DEC_N_APPLIED,0,0,0,0,0,0.01,2026
0,0,TFR:SOIL:DEC_N_APPLIED,0,0,0,0,0,0.02,2027
0,0,TFR:SOIL:DEC_N_APPLIED,0,0,0,0,0,0.03,2028
0,0,TFR:SOIL:DEC_N_APPLIED,0,0,0,0,0,0.04,2029
0,0,TFR:SOIL:DEC_N_APPLIED,0,0,0,0,0,0.05,2030
0,0,TFR:SOIL:DEC_N_APPLIED,0,0,0,0,0,0.06,2031
0,0,TFR:SOIL:DEC_N_APPLIED,0,0,0,0,0,0.07,2032
0,0,TFR:SOIL:DEC_N_APPLIED,0,0,0,0,0,0.08,2033
0,0,TFR:SOIL:DEC_N_APPLIED,0,0,0,0,0,0.09,2034
0,0,TFR:SOIL:DEC_N_APPLIED,0,0,0,0,0,0.1,2035
0,0,TFR:SOIL:DEC_N_APPLIED,0,0,0,0,0,0.11,2036
0,0,TFR:SOIL:DEC_N_APPLIED,0,0,0,0,0,0.12,2037
0,0,TFR:SOIL:DEC_N_APPLIED,0,0,0,0,0,0.13,2038
0,0,TFR:SOIL:DEC_N_APPLIED,0,0,0,0,0,0.14,2039
0,0,TFR:SOIL:DEC_N_APPLIED,0,0,0,0,0,0.15,2040
0,0,TFR:SOIL:DEC_N_APPLIED,0,0,0,0,0,0.16,2041
0,0,TFR:SOIL:DEC_N_APPLIED,0,0,0,0,0,0.17,2042
0,0,TFR:SOIL:DEC_N_APPLIED,0,0,0,0,0,0.18,2043
0,0,TFR:SOIL:DEC_N_APPLIED,0,0,0,0,0,0.19,2044
0,0,TFR:SOIL:DEC_N_APPLIED,0,0,0,0,0,0.2,2045
0,0,TFR:SOIL:DEC_N_APPLIED,0,0,0,0,0,0.21,2046
0,0,TFR:SOIL:DEC_N_APPLIED,0,0,0,0,0,0.22,2047
0,0,TFR:SOIL:DEC_N_APPLIED,0,0,0,0,0,0.23,2048
0,0,TFR:SOIL:DEC_N_APPLIED,0,0,0,0,0,0.24,2049
0,0,TFR:SOIL:DEC_N_APPLIED,0,0,0,0,0,0.25,2050
0,0,TFR:TRDE:DEC_DEMAND,0,0,0,0,0,0,2015
0,0,TFR:TRDE:DEC_DEMAND,0,0,0,0,0,0,2016
0,0,TFR:TRDE:DEC_DEMAND,0,0,0,0,0,0,2017
0,0,TFR:TRDE:DEC_DEMAND,0,0,0,0,0,0,2018
0,0,TFR:TRDE:DEC_DEMAND,0,0,0,0,0,0,2019
0,0,TFR:TRDE:DEC_DEMAND,0,0,0,0,0,0,2020
0,0,TFR:TRDE:DEC_DEMAND,0,0,0,0,0,0,2021
0,0,TFR:TRDE:DEC_DEMAND,0,0,0,0,0,0,2022
0,0,TFR:TRDE:DEC_DEMAND,0,0,0,0,0,0,2023
0,0,TFR:TRDE:DEC_DEMAND,0,0,0,0,0,0,2024
0,0,TFR:TRDE:DEC_DEMAND,0,0,0,0,0,0,2025
0,0,TFR:TRDE:DEC_DEMAND,0,0,0,0,0,0.015,2026
0,0,TFR:TRDE:DEC_DEMAND,0,0,0,0,0,0.03,2027
0,0,TFR:TRDE:DEC_DEMAND,0,0,0,0,0,0.045,2028
0,0,TFR:TRDE:DEC_DEMAND,0,0,0,0,0,0.06,2029
0,0,TFR:TRDE:DEC_DEMAND,0,0,0,0,0,0.075,2030
0,0,TFR:TRDE:DEC_DEMAND,0,0,0,0,0,0.09,2031
0,0,TFR:TRDE:DEC_DEMAND,0,0,0,0,0,0.10500000000000001,2032
0,0,TFR:TRDE:DEC_DEMAND,0,0,0,0,0,0.12,2033
0,0,TFR:TRDE:DEC_DEMAND,0,0,0,0,0,0.135,2034
0,0,TFR:TRDE:DEC_DEMAND,0,0,0,0,0,0.15000000000000002,2035
0,0,TFR:TRDE:DEC_DEMAND,0,0,0,0,0,0.165,2036
0,0,TFR:TRDE:DEC_DEMAND,0,0,0,0,0,0.18,2037
0,0,TFR:TRDE:DEC_DEMAND,0,0,0,0,0,0.195,2038
0,0,TFR:TRDE:DEC_DEMAND,0,0,0,0,0,0.21000000000000002,2039
0,0,TFR:TRDE:DEC_DEMAND,0,0,0,0,0,0.22499999999999998,2040
0,0,TFR:TRDE:DEC_DEMAND,0,0,0,0,0,0.24,2041
0,0,TFR:TRDE:DEC_DEMAND,0,0,0,0,0,0.255,2042
0,0,TFR:TRDE:DEC_DEMAND,0,0,0,0,0,0.27,2043
0,0,TFR:TRDE:DEC_DEMAND,0,0,0,0,0,0.28500000000000003,2044
0,0,TFR:TRDE:DEC_DEMAND,0,0,0,0,0,0.30000000000000004,2045
0,0,TFR:TRDE:DEC_DEMAND,0,0,0,0,0,0.315,2046
0,0,TFR:TRDE:DEC_DEMAND,0,0,0,0,0,0.33,2047
0,0,TFR:TRDE:DEC_DEMAND,0,0,0,0,0,0.34500000000000003,2048
0,0,TFR:TRDE:DEC_DEMAND,0,0,0,0,0,0.36,2049
0,0,TFR:TRDE:DEC_DEMAND,0,0,0,0,0,0.375,2050
0,0,TFR:TRNS:INC_EFFICIENCY_ELECTRIC,0,0,0,0,0,0,2015
0,0,TFR:TRNS:INC_EFFICIENCY_ELECTRIC,0,0,0,0,0,0,2016
0,0,TFR:TRNS:INC_EFFICIENCY_ELECTRIC,0,0,0,0,0,0,2017
0,0,TFR:TRNS:INC_EFFICIENCY_ELECTRIC,0,0,0,0,0,0,2018
0,0,TFR:TRNS:INC_EFFICIENCY_ELECTRIC,0,0,0,0,0,0,2019
0,0,TFR:TRNS:INC_EFFICIENCY_ELECTRIC,0,0,0,0,0,0,2020
0,0,TFR:TRNS:INC_EFFICIENCY_ELECTRIC,0,0,0,0,0,0,2021
0,0,TFR:TRNS:INC_EFFICIENCY_ELECTRIC,0,0,0,0,0,0,2022
0,0,TFR:TRNS:INC_EFFICIENCY_ELECTRIC,0,0,0,0,0,0,2023
0,0,TFR:TRNS:INC_EFFICIENCY_ELECTRIC,0,0,0,0,0,0,2024
0,0,TFR:TRNS:INC_EFFICIENCY_ELECTRIC,0,0,0,0,0,0,2025
0,0,TFR:TRNS:INC_EFFICIENCY_ELECTRIC,0,0,0,0,0,0,2026
0,0,TFR:TRNS:INC_EFFICIENCY_ELECTRIC,0,0,0,0,0,0,2027
0,0,TFR:TRNS:INC_EFFICIENCY_ELECTRIC,0,0,0,0,0,0,2028
0,0,TFR:TRNS:INC_EFFICIENCY_ELECTRIC,0,0,0,0,0,0,2029
0,0,TFR:TRNS:INC_EFFICIENCY_ELECTRIC,0,0,0,0,0,0,2030
0,0,TFR:TRNS:INC_EFFICIENCY_ELECTRIC,0,0,0,0,0,0,2031
0,0,TFR:TRNS:INC_EFFICIENCY_ELECTRIC,0,0,0,0,0,0,2032
0,0,TFR:TRNS:INC_EFFICIENCY_ELECTRIC,0,0,0,0,0,0.013888888888888888,2033
0,0,TFR:TRNS:INC_EFFICIENCY_ELECTRIC,0,0,0,0,0,0.027777777777777776,2034
0,0,TFR:TRNS:INC_EFFICIENCY_ELECTRIC,0,0,0,0,0,0.041666666666666664,2035
0,0,TFR:TRNS:INC_EFFICIENCY_ELECTRIC,0,0,0,0,0,0.055555556,2036
0,0,TFR:TRNS:INC_EFFICIENCY_ELECTRIC,0,0,0,0,0,0.069444444,2037
0,0,TFR:TRNS:INC_EFFICIENCY_ELECTRIC,0,0,0,0,0,0.083333333,2038
0,0,TFR:TRNS:INC_EFFICIENCY_ELECTRIC,0,0,0,0,0,0.097222222,2039
0,0,TFR:TRNS:INC_EFFICIENCY_ELECTRIC,0,0,0,0,0,0.1111111111111111,2040
0,0,TFR:TRNS:INC_EFFICIENCY_ELECTRIC,0,0,0,0,0,0.125,2041
0,0,TFR:TRNS:INC_EFFICIENCY_ELECTRIC,0,0,0,0,0,0.1388888888888889,2042
0,0,TFR:TRNS:INC_EFFICIENCY_ELECTRIC,0,0,0,0,0,0.1527777777777778,2043
0,0,TFR:TRNS:INC_EFFICIENCY_ELECTRIC,0,0,0,0,0,0.16666666666666666,2044
0,0,TFR:TRNS:INC_EFFICIENCY_ELECTRIC,0,0,0,0,0,0.18055555555555555,2045
0,0,TFR:TRNS:INC_EFFICIENCY_ELECTRIC,0,0,0,0,0,0.19444444444444445,2046
0,0,TFR:TRNS:INC_EFFICIENCY_ELECTRIC,0,0,0,0,0,0.20833333333333334,2047
0,0,TFR:TRNS:INC_EFFICIENCY_ELECTRIC,0,0,0,0,0,0.2222222222222222,2048
0,0,TFR:TRNS:INC_EFFICIENCY_ELECTRIC,0,0,0,0,0,0.2361111111111111,2049
0,0,TFR:TRNS:INC_EFFICIENCY_ELECTRIC,0,0,0,0,0,0.25,2050
0,0,TFR:TRNS:SHIFT_FUEL_LIGHT_DUTY,0,0,0,0,0,0,2015
0,0,TFR:TRNS:SHIFT_FUEL_LIGHT_DUTY,0,0,0,0,0,0,2015
0,0,TFR:TRNS:SHIFT_FUEL_LIGHT_DUTY,0,0,0,0,0,0,2015
0,0,TFR:TRNS:SHIFT_FUEL_LIGHT_DUTY,0,0,0,0,0,0,2016
0,0,TFR:TRNS:SHIFT_FUEL_LIGHT_DUTY,0,0,0,0,0,0,2016
0,0,TFR:TRNS:SHIFT_FUEL_LIGHT_DUTY,0,0,0,0,0,0,2016
0,0,TFR:TRNS:SHIFT_FUEL_LIGHT_DUTY,0,0,0,0,0,0,2017
0,0,TFR:TRNS:SHIFT_FUEL_LIGHT_DUTY,0,0,0,0,0,0,2017
0,0,TFR:TRNS:SHIFT_FUEL_LIGHT_DUTY,0,0,0,0,0,0,2017
0,0,TFR:TRNS:SHIFT_FUEL_LIGHT_DUTY,0,0,0,0,0,0,2018
0,0,TFR:TRNS:SHIFT_FUEL_LIGHT_DUTY,0,0,0,0,0,0,2018
0,0,TFR:TRNS:SHIFT_FUEL_LIGHT_DUTY,0,0,0,0,0,0,2018
0,0,TFR:TRNS:SHIFT_FUEL_LIGHT_DUTY,0,0,0,0,0,0,2019
0,0,TFR:TRNS:SHIFT_FUEL_LIGHT_DUTY,0,0,0,0,0,0,2019
0,0,TFR:TRNS:SHIFT_FUEL_LIGHT_DUTY,0,0,0,0,0,0,2019
0,0,TFR:TRNS:SHIFT_FUEL_LIGHT_DUTY,0,0,0,0,0,0,2020
0,0,TFR:TRNS:SHIFT_FUEL_LIGHT_DUTY,0,0,0,0,0,0,2020
0,0,TFR:TRNS:SHIFT_FUEL_LIGHT_DUTY,0,0,0,0,0,0,2020
0,0,TFR:TRNS:SHIFT_FUEL_LIGHT_DUTY,0,0,0,0,0,0,2021
0,0,TFR:TRNS:SHIFT_FUEL_LIGHT_DUTY,0,0,0,0,0,0,2021
0,0,TFR:TRNS:SHIFT_FUEL_LIGHT_DUTY,0,0,0,0,0,0,2021
0,0,TFR:TRNS:SHIFT_FUEL_LIGHT_DUTY,0,0,0,0,0,0,2022
0,0,TFR:TRNS:SHIFT_FUEL_LIGHT_DUTY,0,0,0,0,0,0,2022
0,0,TFR:TRNS:SHIFT_FUEL_LIGHT_DUTY,0,0,0,0,0,0,2022
0,0,TFR:TRNS:SHIFT_FUEL_LIGHT_DUTY,0,0,0,0,0,0,2023
0,0,TFR:TRNS:SHIFT_FUEL_LIGHT_DUTY,0,0,0,0,0,0,2023
0,0,TFR:TRNS:SHIFT_FUEL_LIGHT_DUTY,0,0,0,0,0,0,2023
0,0,TFR:TRNS:SHIFT_FUEL_LIGHT_DUTY,0,0,0,0,0,0,2024
0,0,TFR:TRNS:SHIFT_FUEL_LIGHT_DUTY,0,0,0,0,0,0,2024
0,0,TFR:TRNS:SHIFT_FUEL_LIGHT_DUTY,0,0,0,0,0,0,2024
0,0,TFR:TRNS:SHIFT_FUEL_LIGHT_DUTY,0,0,0,0,0,0,2025
0,0,TFR:TRNS:SHIFT_FUEL_LIGHT_DUTY,0,0,0,0,0,0,2025
0,0,TFR:TRNS:SHIFT_FUEL_LIGHT_DUTY,0,0,0,0,0,0,2025
0,0,TFR:TRNS:SHIFT_FUEL_LIGHT_DUTY,0,0,0,0,0,0,2026
0,0,TFR:TRNS:SHIFT_FUEL_LIGHT_DUTY,0,0,0,0,0,0,2026
0,0,TFR:TRNS:SHIFT_FUEL_LIGHT_DUTY,0,0,0,0,0,0,2026
0,0,TFR:TRNS:SHIFT_FUEL_LIGHT_DUTY,0,0,0,0,0,0,2027
0,0,TFR:TRNS:SHIFT_FUEL_LIGHT_DUTY,0,0,0,0,0,0,2027
0,0,TFR:TRNS:SHIFT_FUEL_LIGHT_DUTY,0,0,0,0,0,0,2027
0,0,TFR:TRNS:SHIFT_FUEL_LIGHT_DUTY,0,0,0,0,0,0,2028
0,0,TFR:TRNS:SHIFT_FUEL_LIGHT_DUTY,0,0,0,0,0,0,2028
0,0,TFR:TRNS:SHIFT_FUEL_LIGHT_DUTY,0,0,0,0,0,0,2028
0,0,TFR:TRNS:SHIFT_FUEL_LIGHT_DUTY,0,0,0,0,0,0,2029
0,0,TFR:TRNS:SHIFT_FUEL_LIGHT_DUTY,0,0,0,0,0,0,2029
0,0,TFR:TRNS:SHIFT_FUEL_LIGHT_DUTY,0,0,0,0,0,0,2029
0,0,TFR:TRNS:SHIFT_FUEL_LIGHT_DUTY,0,0,0,0,0,0,2030
0,0,TFR:TRNS:SHIFT_FUEL_LIGHT_DUTY,0,0,0,0,0,0,2030
0,0,TFR:TRNS:SHIFT_FUEL_LIGHT_DUTY,0,0,0,0,0,0,2030
0,0,TFR:TRNS:SHIFT_FUEL_LIGHT_DUTY,0,0,0,0,0,0,2031
0,0,TFR:TRNS:SHIFT_FUEL_LIGHT_DUTY,0,0,0,0,0,0,2031
0,0,TFR:TRNS:SHIFT_FUEL_LIGHT_DUTY,0,0,0,0,0,0,2031
0,0,TFR:TRNS:SHIFT_FUEL_LIGHT_DUTY,0,0,0,0,0,0,2032
0,0,TFR:TRNS:SHIFT_FUEL_LIGHT_DUTY,0,0,0,0,0,0,2032
0,0,TFR:TRNS:SHIFT_FUEL_LIGHT_DUTY,0,0,0,0,0,0,2032
0,0,TFR:TRNS:SHIFT_FUEL_LIGHT_DUTY,0,0,0,0,0,0.055555556,2033
0,0,TFR:TRNS:SHIFT_FUEL_LIGHT_DUTY,0,0,0,0,0,0.049999999999999996,2033
0,0,TFR:TRNS:SHIFT_FUEL_LIGHT_DUTY,0,0,0,0,0,0.033333333,2033
0,0,TFR:TRNS:SHIFT_FUEL_LIGHT_DUTY,0,0,0,0,0,0.1111111111111111,2034
0,0,TFR:TRNS:SHIFT_FUEL_LIGHT_DUTY,0,0,0,0,0,0.1,2034
0,0,TFR:TRNS:SHIFT_FUEL_LIGHT_DUTY,0,0,0,0,0,0.066666667,2034
0,0,TFR:TRNS:SHIFT_FUEL_LIGHT_DUTY,0,0,0,0,0,0.16666666666666666,2035
0,0,TFR:TRNS:SHIFT_FUEL_LIGHT_DUTY,0,0,0,0,0,0.15,2035
0,0,TFR:TRNS:SHIFT_FUEL_LIGHT_DUTY,0,0,0,0,0,0.1,2035
0,0,TFR:TRNS:SHIFT_FUEL_LIGHT_DUTY,0,0,0,0,0,0.2222222222222222,2036
0,0,TFR:TRNS:SHIFT_FUEL_LIGHT_DUTY,0,0,0,0,0,0.19999999999999998,2036
0,0,TFR:TRNS:SHIFT_FUEL_LIGHT_DUTY,0,0,0,0,0,0.13333333333333333,2036
0,0,TFR:TRNS:SHIFT_FUEL_LIGHT_DUTY,0,0,0,0,0,0.2777777777777778,2037
0,0,TFR:TRNS:SHIFT_FUEL_LIGHT_DUTY,0,0,0,0,0,0.25,2037
0,0,TFR:TRNS:SHIFT_FUEL_LIGHT_DUTY,0,0,0,0,0,0.16666666666666666,2037
0,0,TFR:TRNS:SHIFT_FUEL_LIGHT_DUTY,0,0,0,0,0,0.3333333333333333,2038
0,0,TFR:TRNS:SHIFT_FUEL_LIGHT_DUTY,0,0,0,0,0,0.3,2038
0,0,TFR:TRNS:SHIFT_FUEL_LIGHT_DUTY,0,0,0,0,0,0.19999999999999998,2038
0,0,TFR:TRNS:SHIFT_FUEL_LIGHT_DUTY,0,0,0,0,0,0.3888888888888889,2039
0,0,TFR:TRNS:SHIFT_FUEL_LIGHT_DUTY,0,0,0,0,0,0.35000000000000003,2039
0,0,TFR:TRNS:SHIFT_FUEL_LIGHT_DUTY,0,0,0,0,0,0.23333333333333334,2039
0,0,TFR:TRNS:SHIFT_FUEL_LIGHT_DUTY,0,0,0,0,0,0.4444444444444444,2040
0,0,TFR:TRNS:SHIFT_FUEL_LIGHT_DUTY,0,0,0,0,0,0.39999999999999997,2040
0,0,TFR:TRNS:SHIFT_FUEL_LIGHT_DUTY,0,0,0,0,0,0.26666666666666666,2040
0,0,TFR:TRNS:SHIFT_FUEL_LIGHT_DUTY,0,0,0,0,0,0.5,2041
0,0,TFR:TRNS:SHIFT_FUEL_LIGHT_DUTY,0,0,0,0,0,0.45,2041
0,0,TFR:TRNS:SHIFT_FUEL_LIGHT_DUTY,0,0,0,0,0,0.3,2041
0,0,TFR:TRNS:SHIFT_FUEL_LIGHT_DUTY,0,0,0,0,0,0.5555555555555556,2042
0,0,TFR:TRNS:SHIFT_FUEL_LIGHT_DUTY,0,0,0,0,0,0.5,2042
0,0,TFR:TRNS:SHIFT_FUEL_LIGHT_DUTY,0,0,0,0,0,0.3333333333333333,2042
0,0,TFR:TRNS:SHIFT_FUEL_LIGHT_DUTY,0,0,0,0,0,0.6111111111111112,2043
0,0,TFR:TRNS:SHIFT_FUEL_LIGHT_DUTY,0,0,0,0,0,0.55,2043
0,0,TFR:TRNS:SHIFT_FUEL_LIGHT_DUTY,0,0,0,0,0,0.3666666666666667,2043
0,0,TFR:TRNS:SHIFT_FUEL_LIGHT_DUTY,0,0,0,0,0,0.6666666666666666,2044
0,0,TFR:TRNS:SHIFT_FUEL_LIGHT_DUTY,0,0,0,0,0,0.6,2044
0,0,TFR:TRNS:SHIFT_FUEL_LIGHT_DUTY,0,0,0,0,0,0.39999999999999997,2044
0,0,TFR:TRNS:SHIFT_FUEL_LIGHT_DUTY,0,0,0,0,0,0.7222222222222222,2045
0,0,TFR:TRNS:SHIFT_FUEL_LIGHT_DUTY,0,0,0,0,0,0.65,2045
0,0,TFR:TRNS:SHIFT_FUEL_LIGHT_DUTY,0,0,0,0,0,0.4333333333333333,2045
0,0,TFR:TRNS:SHIFT_FUEL_LIGHT_DUTY,0,0,0,0,0,0.7777777777777778,2046
0,0,TFR:TRNS:SHIFT_FUEL_LIGHT_DUTY,0,0,0,0,0,0.7000000000000001,2046
0,0,TFR:TRNS:SHIFT_FUEL_LIGHT_DUTY,0,0,0,0,0,0.4666666666666667,2046
0,0,TFR:TRNS:SHIFT_FUEL_LIGHT_DUTY,0,0,0,0,0,0.8333333333333334,2047
0,0,TFR:TRNS:SHIFT_FUEL_LIGHT_DUTY,0,0,0,0,0,0.75,2047
0,0,TFR:TRNS:SHIFT_FUEL_LIGHT_DUTY,0,0,0,0,0,0.5,2047
0,0,TFR:TRNS:SHIFT_FUEL_LIGHT_DUTY,0,0,0,0,0,0.8888888888888888,2048
0,0,TFR:TRNS:SHIFT_FUEL_LIGHT_DUTY,0,0,0,0,0,0.7999999999999999,2048
0,0,TFR:TRNS:SHIFT_FUEL_LIGHT_DUTY,0,0,0,0,0,0.5333333333333333,2048
0,0,TFR:TRNS:SHIFT_FUEL_LIGHT_DUTY,0,0,0,0,0,0.9444444444444444,2049
0,0,TFR:TRNS:SHIFT_FUEL_LIGHT_DUTY,0,0,0,0,0,0.85,2049
0,0,TFR:TRNS:SHIFT_FUEL_LIGHT_DUTY,0,0,0,0,0,0.5666666666666667,2049
0,0,TFR:TRNS:SHIFT_FUEL_LIGHT_DUTY,0,0,0,0,0,1,2050
0,0,TFR:TRNS:SHIFT_FUEL_LIGHT_DUTY,0,0,0,0,0,0.9,2050
0,0,TFR:TRNS:SHIFT_FUEL_LIGHT_DUTY,0,0,0,0,0,0.6,2050
0,0,TFR:TRNS:SHIFT_FUEL_MARITIME,0,0,0,0,0,0,2015
0,0,TFR:TRNS:SHIFT_FUEL_MARITIME,0,0,0,0,0,0,2016
0,0,TFR:TRNS:SHIFT_FUEL_MARITIME,0,0,0,0,0,0,2017
0,0,TFR:TRNS:SHIFT_FUEL_MARITIME,0,0,0,0,0,0,2018
0,0,TFR:TRNS:SHIFT_FUEL_MARITIME,0,0,0,0,0,0,2019
0,0,TFR:TRNS:SHIFT_FUEL_MARITIME,0,0,0,0,0,0,2020
0,0,TFR:TRNS:SHIFT_FUEL_MARITIME,0,0,0,0,0,0,2021
0,0,TFR:TRNS:SHIFT_FUEL_MARITIME,0,0,0,0,0,0,2022
0,0,TFR:TRNS:SHIFT_FUEL_MARITIME,0,0,0,0,0,0,2023
0,0,TFR:TRNS:SHIFT_FUEL_MARITIME,0,0,0,0,0,0,2024
0,0,TFR:TRNS:SHIFT_FUEL_MARITIME,0,0,0,0,0,0,2025
0,0,TFR:TRNS:SHIFT_FUEL_MARITIME,0,0,0,0,0,0,2026
0,0,TFR:TRNS:SHIFT_FUEL_MARITIME,0,0,0,0,0,0,2027
0,0,TFR:TRNS:SHIFT_FUEL_MARITIME,0,0,0,0,0,0,2028
0,0,TFR:TRNS:SHIFT_FUEL_MARITIME,0,0,0,0,0,0,2029
0,0,TFR:TRNS:SHIFT_FUEL_MARITIME,0,0,0,0,0,0,2030
0,0,TFR:TRNS:SHIFT_FUEL_MARITIME,0,0,0,0,0,0,2031
0,0,TFR:TRNS:SHIFT_FUEL_MARITIME,0,0,0,0,0,0,2032
0,0,TFR:TRNS:SHIFT_FUEL_MARITIME,0,0,0,0,0,0.038888889,2033
0,0,TFR:TRNS:SHIFT_FUEL_MARITIME,0,0,0,0,0,0.077777778,2034
0,0,TFR:TRNS:SHIFT_FUEL_MARITIME,0,0,0,0,0,0.11666666666666665,2035
0,0,TFR:TRNS:SHIFT_FUEL_MARITIME,0,0,0,0,0,0.15555555555555553,2036
0,0,TFR:TRNS:SHIFT_FUEL_MARITIME,0,0,0,0,0,0.19444444444444445,2037
0,0,TFR:TRNS:SHIFT_FUEL_MARITIME,0,0,0,0,0,0.2333333333333333,2038
0,0,TFR:TRNS:SHIFT_FUEL_MARITIME,0,0,0,0,0,0.2722222222222222,2039
0,0,TFR:TRNS:SHIFT_FUEL_MARITIME,0,0,0,0,0,0.31111111111111106,2040
0,0,TFR:TRNS:SHIFT_FUEL_MARITIME,0,0,0,0,0,0.35,2041
0,0,TFR:TRNS:SHIFT_FUEL_MARITIME,0,0,0,0,0,0.3888888888888889,2042
0,0,TFR:TRNS:SHIFT_FUEL_MARITIME,0,0,0,0,0,0.4277777777777778,2043
0,0,TFR:TRNS:SHIFT_FUEL_MARITIME,0,0,0,0,0,0.4666666666666666,2044
0,0,TFR:TRNS:SHIFT_FUEL_MARITIME,0,0,0,0,0,0.5055555555555555,2045
0,0,TFR:TRNS:SHIFT_FUEL_MARITIME,0,0,0,0,0,0.5444444444444444,2046
0,0,TFR:TRNS:SHIFT_FUEL_MARITIME,0,0,0,0,0,0.5833333333333334,2047
0,0,TFR:TRNS:SHIFT_FUEL_MARITIME,0,0,0,0,0,0.6222222222222221,2048
0,0,TFR:TRNS:SHIFT_FUEL_MARITIME,0,0,0,0,0,0.6611111111111111,2049
0,0,TFR:TRNS:SHIFT_FUEL_MARITIME,0,0,0,0,0,0.7,2050
0,0,TFR:TRNS:SHIFT_FUEL_RAIL,0,0,0,0,0,0,2015
0,0,TFR:TRNS:SHIFT_FUEL_RAIL,0,0,0,0,0,0,2016
0,0,TFR:TRNS:SHIFT_FUEL_RAIL,0,0,0,0,0,0,2017
0,0,TFR:TRNS:SHIFT_FUEL_RAIL,0,0,0,0,0,0,2018
0,0,TFR:TRNS:SHIFT_FUEL_RAIL,0,0,0,0,0,0,2019
0,0,TFR:TRNS:SHIFT_FUEL_RAIL,0,0,0,0,0,0,2020
0,0,TFR:TRNS:SHIFT_FUEL_RAIL,0,0,0,0,0,0,2021
0,0,TFR:TRNS:SHIFT_FUEL_RAIL,0,0,0,0,0,0,2022
0,0,TFR:TRNS:SHIFT_FUEL_RAIL,0,0,0,0,0,0,2023
0,0,TFR:TRNS:SHIFT_FUEL_RAIL,0,0,0,0,0,0,2024
0,0,TFR:TRNS:SHIFT_FUEL_RAIL,0,0,0,0,0,0,2025
0,0,TFR:TRNS:SHIFT_FUEL_RAIL,0,0,0,0,0,0,2026
0,0,TFR:TRNS:SHIFT_FUEL_RAIL,0,0,0,0,0,0,2027
0,0,TFR:TRNS:SHIFT_FUEL_RAIL,0,0,0,0,0,0,2028
0,0,TFR:TRNS:SHIFT_FUEL_RAIL,0,0,0,0,0,0,2029
0,0,TFR:TRNS:SHIFT_FUEL_RAIL,0,0,0,0,0,0,2030
0,0,TFR:TRNS:SHIFT_FUEL_RAIL,0,0,0,0,0,0,2031
0,0,TFR:TRNS:SHIFT_FUEL_RAIL,0,0,0,0,0,0,2032
0,0,TFR:TRNS:SHIFT_FUEL_RAIL,0,0,0,0,0,0.027777777777777776,2033
0,0,TFR:TRNS:SHIFT_FUEL_RAIL,0,0,0,0,0,0.055555556,2034
0,0,TFR:TRNS:SHIFT_FUEL_RAIL,0,0,0,0,0,0.083333333,2035
0,0,TFR:TRNS:SHIFT_FUEL_RAIL,0,0,0,0,0,0.1111111111111111,2036
0,0,TFR:TRNS:SHIFT_FUEL_RAIL,0,0,0,0,0,0.1388888888888889,2037
0,0,TFR:TRNS:SHIFT_FUEL_RAIL,0,0,0,0,0,0.16666666666666666,2038
0,0,TFR:TRNS:SHIFT_FUEL_RAIL,0,0,0,0,0,0.19444444444444445,2039
0,0,TFR:TRNS:SHIFT_FUEL_RAIL,0,0,0,0,0,0.2222222222222222,2040
0,0,TFR:TRNS:SHIFT_FUEL_RAIL,0,0,0,0,0,0.25,2041
0,0,TFR:TRNS:SHIFT_FUEL_RAIL,0,0,0,0,0,0.2777777777777778,2042
0,0,TFR:TRNS:SHIFT_FUEL_RAIL,0,0,0,0,0,0.3055555555555556,2043
0,0,TFR:TRNS:SHIFT_FUEL_RAIL,0,0,0,0,0,0.3333333333333333,2044
0,0,TFR:TRNS:SHIFT_FUEL_RAIL,0,0,0,0,0,0.3611111111111111,2045
0,0,TFR:TRNS:SHIFT_FUEL_RAIL,0,0,0,0,0,0.3888888888888889,2046
0,0,TFR:TRNS:SHIFT_FUEL_RAIL,0,0,0,0,0,0.4166666666666667,2047
0,0,TFR:TRNS:SHIFT_FUEL_RAIL,0,0,0,0,0,0.4444444444444444,2048
0,0,TFR:TRNS:SHIFT_FUEL_RAIL,0,0,0,0,0,0.4722222222222222,2049
0,0,TFR:TRNS:SHIFT_FUEL_RAIL,0,0,0,0,0,0.5,2050
0,0,TFR:TRWW:INC_CAPTURE_BIOGAS,0,0,0,0,0,0,2015
0,0,TFR:TRWW:INC_CAPTURE_BIOGAS,0,0,0,0,0,0,2016
0,0,TFR:TRWW:INC_CAPTURE_BIOGAS,0,0,0,0,0,0,2017
0,0,TFR:TRWW:INC_CAPTURE_BIOGAS,0,0,0,0,0,0,2018
0,0,TFR:TRWW:INC_CAPTURE_BIOGAS,0,0,0,0,0,0,2019
0,0,TFR:TRWW:INC_CAPTURE_BIOGAS,0,0,0,0,0,0,2020
0,0,TFR:TRWW:INC_CAPTURE_BIOGAS,0,0,0,0,0,0,2021
0,0,TFR:TRWW:INC_CAPTURE_BIOGAS,0,0,0,0,0,0,2022
0,0,TFR:TRWW:INC_CAPTURE_BIOGAS,0,0,0,0,0,0,2023
0,0,TFR:TRWW:INC_CAPTURE_BIOGAS,0,0,0,0,0,0,2024
0,0,TFR:TRWW:INC_CAPTURE_BIOGAS,0,0,0,0,0,0,2025
0,0,TFR:TRWW:INC_CAPTURE_BIOGAS,0,0,0,0,0,0.085,2026
0,0,TFR:TRWW:INC_CAPTURE_BIOGAS,0,0,0,0,0,0.17,2027
0,0,TFR:TRWW:INC_CAPTURE_BIOGAS,0,0,0,0,0,0.255,2028
0,0,TFR:TRWW:INC_CAPTURE_BIOGAS,0,0,0,0,0,0.34,2029
0,0,TFR:TRWW:INC_CAPTURE_BIOGAS,0,0,0,0,0,0.425,2030
0,0,TFR:TRWW:INC_CAPTURE_BIOGAS,0,0,0,0,0,0.51,2031
0,0,TFR:TRWW:INC_CAPTURE_BIOGAS,0,0,0,0,0,0.595,2032
0,0,TFR:TRWW:INC_CAPTURE_BIOGAS,0,0,0,0,0,0.68,2033
0,0,TFR:TRWW:INC_CAPTURE_BIOGAS,0,0,0,0,0,0.765,2034
0,0,TFR:TRWW:INC_CAPTURE_BIOGAS,0,0,0,0,0,0.85,2035
0,0,TFR:TRWW:INC_CAPTURE_BIOGAS,0,0,0,0,0,0.85,2036
0,0,TFR:TRWW:INC_CAPTURE_BIOGAS,0,0,0,0,0,0.85,2037
0,0,TFR:TRWW:INC_CAPTURE_BIOGAS,0,0,0,0,0,0.85,2038
0,0,TFR:TRWW:INC_CAPTURE_BIOGAS,0,0,0,0,0,0.85,2039
0,0,TFR:TRWW:INC_CAPTURE_BIOGAS,0,0,0,0,0,0.85,2040
0,0,TFR:TRWW:INC_CAPTURE_BIOGAS,0,0,0,0,0,0.85,2041
0,0,TFR:TRWW:INC_CAPTURE_BIOGAS,0,0,0,0,0,0.85,2042
0,0,TFR:TRWW:INC_CAPTURE_BIOGAS,0,0,0,0,0,0.85,2043
0,0,TFR:TRWW:INC_CAPTURE_BIOGAS,0,0,0,0,0,0.85,2044
0,0,TFR:TRWW:INC_CAPTURE_BIOGAS,0,0,0,0,0,0.85,2045
0,0,TFR:TRWW:INC_CAPTURE_BIOGAS,0,0,0,0,0,0.85,2046
0,0,TFR:TRWW:INC_CAPTURE_BIOGAS,0,0,0,0,0,0.85,2047
0,0,TFR:TRWW:INC_CAPTURE_BIOGAS,0,0,0,0,0,0.85,2048
0,0,TFR:TRWW:INC_CAPTURE_BIOGAS,0,0,0,0,0,0.85,2049
0,0,TFR:TRWW:INC_CAPTURE_BIOGAS,0,0,0,0,0,0.85,2050
0,0,TFR:TRWW:INC_COMPLIANCE_SEPTIC,0,0,0,0,0,0,2015
0,0,TFR:TRWW:INC_COMPLIANCE_SEPTIC,0,0,0,0,0,0,2016
0,0,TFR:TRWW:INC_COMPLIANCE_SEPTIC,0,0,0,0,0,0,2017
0,0,TFR:TRWW:INC_COMPLIANCE_SEPTIC,0,0,0,0,0,0,2018
0,0,TFR:TRWW:INC_COMPLIANCE_SEPTIC,0,0,0,0,0,0,2019
0,0,TFR:TRWW:INC_COMPLIANCE_SEPTIC,0,0,0,0,0,0,2020
0,0,TFR:TRWW:INC_COMPLIANCE_SEPTIC,0,0,0,0,0,0,2021
0,0,TFR:TRWW:INC_COMPLIANCE_SEPTIC,0,0,0,0,0,0,2022
0,0,TFR:TRWW:INC_COMPLIANCE_SEPTIC,0,0,0,0,0,0,2023
0,0,TFR:TRWW:INC_COMPLIANCE_SEPTIC,0,0,0,0,0,0,2024
0,0,TFR:TRWW:INC_COMPLIANCE_SEPTIC,0,0,0,0,0,0,2025
0,0,TFR:TRWW:INC_COMPLIANCE_SEPTIC,0,0,0,0,0,0.09,2026
0,0,TFR:TRWW:INC_COMPLIANCE_SEPTIC,0,0,0,0,0,0.18000000000000002,2027
0,0,TFR:TRWW:INC_COMPLIANCE_SEPTIC,0,0,0,0,0,0.27,2028
0,0,TFR:TRWW:INC_COMPLIANCE_SEPTIC,0,0,0,0,0,0.36000000000000004,2029
0,0,TFR:TRWW:INC_COMPLIANCE_SEPTIC,0,0,0,0,0,0.45,2030
0,0,TFR:TRWW:INC_COMPLIANCE_SEPTIC,0,0,0,0,0,0.54,2031
0,0,TFR:TRWW:INC_COMPLIANCE_SEPTIC,0,0,0,0,0,0.63,2032
0,0,TFR:TRWW:INC_COMPLIANCE_SEPTIC,0,0,0,0,0,0.7200000000000001,2033
0,0,TFR:TRWW:INC_COMPLIANCE_SEPTIC,0,0,0,0,0,0.81,2034
0,0,TFR:TRWW:INC_COMPLIANCE_SEPTIC,0,0,0,0,0,0.9,2035
0,0,TFR:TRWW:INC_COMPLIANCE_SEPTIC,0,0,0,0,0,0.9,2036
0,0,TFR:TRWW:INC_COMPLIANCE_SEPTIC,0,0,0,0,0,0.9,2037
0,0,TFR:TRWW:INC_COMPLIANCE_SEPTIC,0,0,0,0,0,0.9,2038
0,0,TFR:TRWW:INC_COMPLIANCE_SEPTIC,0,0,0,0,0,0.9,2039
0,0,TFR:TRWW:INC_COMPLIANCE_SEPTIC,0,0,0,0,0,0.9,2040
0,0,TFR:TRWW:INC_COMPLIANCE_SEPTIC,0,0,0,0,0,0.9,2041
0,0,TFR:TRWW:INC_COMPLIANCE_SEPTIC,0,0,0,0,0,0.9,2042
0,0,TFR:TRWW:INC_COMPLIANCE_SEPTIC,0,0,0,0,0,0.9,2043
0,0,TFR:TRWW:INC_COMPLIANCE_SEPTIC,0,0,0,0,0,0.9,2044
0,0,TFR:TRWW:INC_COMPLIANCE_SEPTIC,0,0,0,0,0,0.9,2045
0,0,TFR:TRWW:INC_COMPLIANCE_SEPTIC,0,0,0,0,0,0.9,2046
0,0,TFR:TRWW:INC_COMPLIANCE_SEPTIC,0,0,0,0,0,0.9,2047
0,0,TFR:TRWW:INC_COMPLIANCE_SEPTIC,0,0,0,0,0,0.9,2048
0,0,TFR:TRWW:INC_COMPLIANCE_SEPTIC,0,0,0,0,0,0.9,2049
0,0,TFR:TRWW:INC_COMPLIANCE_SEPTIC,0,0,0,0,0,0.9,2050
0,0,TFR:WALI:INC_TREATMENT_INDUSTRIAL,0,0,0,0,0,0,2015
0,0,TFR:WALI:INC_TREATMENT_INDUSTRIAL,0,0,0,0,0,0,2016
0,0,TFR:WALI:INC_TREATMENT_INDUSTRIAL,0,0,0,0,0,0,2017
0,0,TFR:WALI:INC_TREATMENT_INDUSTRIAL,0,0,0,0,0,0,2018
0,0,TFR:WALI:INC_TREATMENT_INDUSTRIAL,0,0,0,0,0,0,2019
0,0,TFR:WALI:INC_TREATMENT_INDUSTRIAL,0,0,0,0,0,0,2020
0,0,TFR:WALI:INC_TREATMENT_INDUSTRIAL,0,0,0,0,0,0,2021
0,0,TFR:WALI:INC_TREATMENT_INDUSTRIAL,0,0,0,0,0,0,2022
0,0,TFR:WALI:INC_TREATMENT_INDUSTRIAL,0,0,0,0,0,0,2023
0,0,TFR:WALI:INC_TREATMENT_INDUSTRIAL,0,0,0,0,0,0,2024
0,0,TFR:WALI:INC_TREATMENT_INDUSTRIAL,0,0,0,0,0,0,2025
0,0,TFR:WALI:INC_TREATMENT_INDUSTRIAL,0,0,0,0,0,0.1,2026
0,0,TFR:WALI:INC_TREATMENT_INDUSTRIAL,0,0,0,0,0,0.2,2027
0,0,TFR:WALI:INC_TREATMENT_INDUSTRIAL,0,0,0,0,0,0.3,2028
0,0,TFR:WALI:INC_TREATMENT_INDUSTRIAL,0,0,0,0,0,0.4,2029
0,0,TFR:WALI:INC_TREATMENT_INDUSTRIAL,0,0,0,0,0,0.5,2030
0,0,TFR:WALI:INC_TREATMENT_INDUSTRIAL,0,0,0,0,0,0.6,2031
0,0,TFR:WALI:INC_TREATMENT_INDUSTRIAL,0,0,0,0,0,0.7,2032
0,0,TFR:WALI:INC_TREATMENT_INDUSTRIAL,0,0,0,0,0,0.8,2033
0,0,TFR:WALI:INC_TREATMENT_INDUSTRIAL,0,0,0,0,0,0.9,2034
0,0,TFR:WALI:INC_TREATMENT_INDUSTRIAL,0,0,0,0,0,1,2035
0,0,TFR:WALI:INC_TREATMENT_INDUSTRIAL,0,0,0,0,0,1,2036
0,0,TFR:WALI:INC_TREATMENT_INDUSTRIAL,0,0,0,0,0,1,2037
0,0,TFR:WALI:INC_TREATMENT_INDUSTRIAL,0,0,0,0,0,1,2038
0,0,TFR:WALI:INC_TREATMENT_INDUSTRIAL,0,0,0,0,0,1,2039
0,0,TFR:WALI:INC_TREATMENT_INDUSTRIAL,0,0,0,0,0,1,2040
0,0,TFR:WALI:INC_TREATMENT_INDUSTRIAL,0,0,0,0,0,1,2041
0,0,TFR:WALI:INC_TREATMENT_INDUSTRIAL,0,0,0,0,0,1,2042
0,0,TFR:WALI:INC_TREATMENT_INDUSTRIAL,0,0,0,0,0,1,2043
0,0,TFR:WALI:INC_TREATMENT_INDUSTRIAL,0,0,0,0,0,1,2044
0,0,TFR:WALI:INC_TREATMENT_INDUSTRIAL,0,0,0,0,0,1,2045
0,0,TFR:WALI:INC_TREATMENT_INDUSTRIAL,0,0,0,0,0,1,2046
0,0,TFR:WALI:INC_TREATMENT_INDUSTRIAL,0,0,0,0,0,1,2047
0,0,TFR:WALI:INC_TREATMENT_INDUSTRIAL,0,0,0,0,0,1,2048
0,0,TFR:WALI:INC_TREATMENT_INDUSTRIAL,0,0,0,0,0,1,2049
0,0,TFR:WALI:INC_TREATMENT_INDUSTRIAL,0,0,0,0,0,1,2050
0,0,TFR:WASO:DEC_CONSUMER_FOOD_WASTE,0,0,0,0,0,0,2015
0,0,TFR:WASO:DEC_CONSUMER_FOOD_WASTE,0,0,0,0,0,0,2016
0,0,TFR:WASO:DEC_CONSUMER_FOOD_WASTE,0,0,0,0,0,0,2017
0,0,TFR:WASO:DEC_CONSUMER_FOOD_WASTE,0,0,0,0,0,0,2018
0,0,TFR:WASO:DEC_CONSUMER_FOOD_WASTE,0,0,0,0,0,0,2019
0,0,TFR:WASO:DEC_CONSUMER_FOOD_WASTE,0,0,0,0,0,0,2020
0,0,TFR:WASO:DEC_CONSUMER_FOOD_WASTE,0,0,0,0,0,0,2021
0,0,TFR:WASO:DEC_CONSUMER_FOOD_WASTE,0,0,0,0,0,0,2022
0,0,TFR:WASO:DEC_CONSUMER_FOOD_WASTE,0,0,0,0,0,0,2023
0,0,TFR:WASO:DEC_CONSUMER_FOOD_WASTE,0,0,0,0,0,0,2024
0,0,TFR:WASO:DEC_CONSUMER_FOOD_WASTE,0,0,0,0,0,0,2025
0,0,TFR:WASO:DEC_CONSUMER_FOOD_WASTE,0,0,0,0,0,0.012,2026
0,0,TFR:WASO:DEC_CONSUMER_FOOD_WASTE,0,0,0,0,0,0.024,2027
0,0,TFR:WASO:DEC_CONSUMER_FOOD_WASTE,0,0,0,0,0,0.036,2028
0,0,TFR:WASO:DEC_CONSUMER_FOOD_WASTE,0,0,0,0,0,0.048,2029
0,0,TFR:WASO:DEC_CONSUMER_FOOD_WASTE,0,0,0,0,0,0.06,2030
0,0,TFR:WASO:DEC_CONSUMER_FOOD_WASTE,0,0,0,0,0,0.072,2031
0,0,TFR:WASO:DEC_CONSUMER_FOOD_WASTE,0,0,0,0,0,0.084,2032
0,0,TFR:WASO:DEC_CONSUMER_FOOD_WASTE,0,0,0,0,0,0.096,2033
0,0,TFR:WASO:DEC_CONSUMER_FOOD_WASTE,0,0,0,0,0,0.108,2034
0,0,TFR:WASO:DEC_CONSUMER_FOOD_WASTE,0,0,0,0,0,0.12,2035
0,0,TFR:WASO:DEC_CONSUMER_FOOD_WASTE,0,0,0,0,0,0.132,2036
0,0,TFR:WASO:DEC_CONSUMER_FOOD_WASTE,0,0,0,0,0,0.144,2037
0,0,TFR:WASO:DEC_CONSUMER_FOOD_WASTE,0,0,0,0,0,0.156,2038
0,0,TFR:WASO:DEC_CONSUMER_FOOD_WASTE,0,0,0,0,0,0.168,2039
0,0,TFR:WASO:DEC_CONSUMER_FOOD_WASTE,0,0,0,0,0,0.18,2040
0,0,TFR:WASO:DEC_CONSUMER_FOOD_WASTE,0,0,0,0,0,0.192,2041
0,0,TFR:WASO:DEC_CONSUMER_FOOD_WASTE,0,0,0,0,0,0.20400000000000001,2042
0,0,TFR:WASO:DEC_CONSUMER_FOOD_WASTE,0,0,0,0,0,0.216,2043
0,0,TFR:WASO:DEC_CONSUMER_FOOD_WASTE,0,0,0,0,0,0.22799999999999998,2044
0,0,TFR:WASO:DEC_CONSUMER_FOOD_WASTE,0,0,0,0,0,0.24,2045
0,0,TFR:WASO:DEC_CONSUMER_FOOD_WASTE,0,0,0,0,0,0.252,2046
0,0,TFR:WASO:DEC_CONSUMER_FOOD_WASTE,0,0,0,0,0,0.264,2047
0,0,TFR:WASO:DEC_CONSUMER_FOOD_WASTE,0,0,0,0,0,0.276,2048
0,0,TFR:WASO:DEC_CONSUMER_FOOD_WASTE,0,0,0,0,0,0.288,2049
0,0,TFR:WASO:DEC_CONSUMER_FOOD_WASTE,0,0,0,0,0,0.3,2050
0,0,TFR:WASO:INC_ANAEROBIC_AND_COMPOST,0,0,0,0,0,0,2015
0,0,TFR:WASO:INC_ANAEROBIC_AND_COMPOST,0,0,0,0,0,0,2016
0,0,TFR:WASO:INC_ANAEROBIC_AND_COMPOST,0,0,0,0,0,0,2017
0,0,TFR:WASO:INC_ANAEROBIC_AND_COMPOST,0,0,0,0,0,0,2018
0,0,TFR:WASO:INC_ANAEROBIC_AND_COMPOST,0,0,0,0,0,0,2019
0,0,TFR:WASO:INC_ANAEROBIC_AND_COMPOST,0,0,0,0,0,0,2020
0,0,TFR:WASO:INC_ANAEROBIC_AND_COMPOST,0,0,0,0,0,0.022741012935155548,2021
0,0,TFR:WASO:INC_ANAEROBIC_AND_COMPOST,0,0,0,0,0,0.051401655,2022
0,0,TFR:WASO:INC_ANAEROBIC_AND_COMPOST,0,0,0,0,0,0.087952998,2023
0,0,TFR:WASO:INC_ANAEROBIC_AND_COMPOST,0,0,0,0,0,0.13375082987481945,2024
0,0,TFR:WASO:INC_ANAEROBIC_AND_COMPOST,0,0,0,0,0,0.1883148522091538,2025
0,0,TFR:WASO:INC_ANAEROBIC_AND_COMPOST,0,0,0,0,0,0.24838076313981342,2026
0,0,TFR:WASO:INC_ANAEROBIC_AND_COMPOST,0,0,0,0,0,0.308446674,2027
0,0,TFR:WASO:INC_ANAEROBIC_AND_COMPOST,0,0,0,0,0,0.3630106964048074,2028
0,0,TFR:WASO:INC_ANAEROBIC_AND_COMPOST,0,0,0,0,0,0.4088085285218265,2029
0,0,TFR:WASO:INC_ANAEROBIC_AND_COMPOST,0,0,0,0,0,0.44535987118669274,2030
0,0,TFR:WASO:INC_ANAEROBIC_AND_COMPOST,0,0,0,0,0,0.4740205133444713,2031
0,0,TFR:WASO:INC_ANAEROBIC_AND_COMPOST,0,0,0,0,0,0.49676152627962683,2032
0,0,TFR:WASO:INC_ANAEROBIC_AND_COMPOST,0,0,0,0,0,0.5154064498249424,2033
0,0,TFR:WASO:INC_ANAEROBIC_AND_COMPOST,0,0,0,0,0,0.5313569641090863,2034
0,0,TFR:WASO:INC_ANAEROBIC_AND_COMPOST,0,0,0,0,0,0.5455899335430642,2035
0,0,TFR:WASO:INC_ANAEROBIC_AND_COMPOST,0,0,0,0,0,0.5587490584630913,2036
0,0,TFR:WASO:INC_ANAEROBIC_AND_COMPOST,0,0,0,0,0,0.5712447142116484,2037
0,0,TFR:WASO:INC_ANAEROBIC_AND_COMPOST,0,0,0,0,0,0.5833334078632444,2038
0,0,TFR:WASO:INC_ANAEROBIC_AND_COMPOST,0,0,0,0,0,0.5951735757784051,2039
0,0,TFR:WASO:INC_ANAEROBIC_AND_COMPOST,0,0,0,0,0,0.6068623792226725,2040
0,0,TFR:WASO:INC_ANAEROBIC_AND_COMPOST,0,0,0,0,0,0.6184591442864601,2041
0,0,TFR:WASO:INC_ANAEROBIC_AND_COMPOST,0,0,0,0,0,0.63,2042
0,0,TFR:WASO:INC_ANAEROBIC_AND_COMPOST,0,0,0,0,0,0.63,2043
0,0,TFR:WASO:INC_ANAEROBIC_AND_COMPOST,0,0,0,0,0,0.63,2044
0,0,TFR:WASO:INC_ANAEROBIC_AND_COMPOST,0,0,0,0,0,0.63,2045
0,0,TFR:WASO:INC_ANAEROBIC_AND_COMPOST,0,0,0,0,0,0.63,2046
0,0,TFR:WASO:INC_ANAEROBIC_AND_COMPOST,0,0,0,0,0,0.63,2047
0,0,TFR:WASO:INC_ANAEROBIC_AND_COMPOST,0,0,0,0,0,0.63,2048
0,0,TFR:WASO:INC_ANAEROBIC_AND_COMPOST,0,0,0,0,0,0.63,2049
0,0,TFR:WASO:INC_ANAEROBIC_AND_COMPOST,0,0,0,0,0,0.63,2050
